Time (s),Error (m),RMS_Err (m),v (m/s),w (rad/s)
0.1,0.09962074357996692,0.09962074357996692,0.006030521726652764,0.2
0.1,0.10050075565874618,0.10006171705353782,0.011057280401975582,0.4
0.2,0.10173221868986249,0.10062163246367806,0.016642493319425685,0.6000000000000001
0.2,0.10332950929700145,0.10130538762884929,0.02809117742209656,0.8
0.3,0.10532177971297946,0.10212130388164363,0.035080880333366135,1.0
0.3,0.10754549113336451,0.10304516501317242,0.057199501922659254,1.2
0.4,0.11027637221745769,0.10410895011957073,0.06621183255193971,1.4
0.4,0.11268397074962015,0.10521905229620734,0.09696282295222364,1.5999999999999999
0.5,0.11612198946796905,0.106485631877365,0.1087675103892007,1.7999999999999998
0.5,0.11802665309777231,0.10769540334125553,0.1485164631542097,1.9999999999999998
0.6,0.12211217825088319,0.10908478065895376,0.16395740310894344,2.1999999999999997
0.6,0.12245199661070537,0.11026062857289572,0.20902861034491305,2.4
0.7,0.1270743669111849,0.11164392893527421,0.2288364276286682,2.6
0.7,0.124199119157272,0.11258716955725635,0.2732956336809277,2.4
0.8,0.129186787563021,0.11376918638648884,0.29781599994852703,2.4127549540388973
0.8,0.13461619522186427,0.11518271804552149,0.32342794571812106,2.5124792771286852
0.9,0.12646581991916725,0.11587684643861518,0.33,2.312479277128685
0.9,0.1136682779503172,0.11575525368487204,0.33,2.112479277128685
1.0,0.1186626786052889,0.11591009421903947,0.33,1.912479277128685
1.0,0.102765333075668,0.1152884561822255,0.33,1.712479277128685
1.1,0.10764483907738681,0.11493600164514227,0.33,1.512479277128685
1.1,0.08920871726061295,0.11389272648036737,0.33,1.312479277128685
1.2,0.09417837166611556,0.11310705488368089,0.33,1.112479277128685
1.2,0.10004737759763761,0.11259314896393273,0.33,0.9124792771286852
1.3,0.04962938348943473,0.11076394509988992,0.2917017800892182,0.7124792771286852
1.3,0.05451216164674727,0.10913785638774032,0.3232994273157809,0.5124792771286852
1.4,0.06113168222793141,0.10774196656341475,0.33,0.31247927712868523
1.4,0.03693257112986567,0.10603048104570924,0.28430542074394094,0.11247927712868522
1.5,0.04608904248851923,0.1045372663034039,0.3166570499821728,-0.0875207228713148
1.5,0.028875904432246125,0.1029153340042605,0.2666570499821728,-0.2875207228713148
1.6,0.040359418886634774,0.10150097121561748,0.2762685563722213,-0.4875207228713148
1.6,0.033306880488687934,0.1000757853730439,0.22626855637222132,-0.6875207228713148
1.7,0.044421241834419166,0.09885073793858942,0.24985309861635718,-0.8875207228713149
1.7,0.045676176232514194,0.09770073905108292,0.22108649348423837,-1.0875207228713148
1.8,0.05553605568952407,0.09675137850031536,0.24722867876546772,-1.2875207228713148
1.8,0.05901753037700667,0.09590390044664733,0.23796367690870557,-1.4875207228713148
1.9,0.06816170754220534,0.09526039855656605,0.26523863564261674,-1.6875207228713147
1.9,0.06966826742544201,0.09467559267153282,0.2655554117200174,-1.8875207228713147
2.0,0.07811379657306278,0.09428727834191247,0.2944668992006405,-2.087520722871315
2.0,0.07658523492487339,0.09388541442050302,0.2937096852797714,-2.286776371975517
2.1,0.08414365482204982,0.09365986675761163,0.32418112460669907,-2.351041277183343
2.1,0.07897367598440713,0.09333705406465709,0.32110068410370063,-2.1510412771833427
2.2,0.08557368487642666,0.09316385831389021,0.33,-1.9510412771833427
2.2,0.07575127247290764,0.09280440680738183,0.33,-1.7510412771833428
2.3,0.081329313753237,0.09256486084925093,0.33,-1.5510412771833428
2.3,0.0683869089776022,0.09210676404389828,0.3288746216553935,-1.3510412771833429
2.4,0.07316295797490013,0.0917444407987106,0.33,-1.151041277183343
2.4,0.05719822767190674,0.09115835933393243,0.3082639322414035,-0.951041277183343
2.5,0.06140445189213039,0.09064881074469865,0.33,-0.751041277183343
2.5,0.043982903308577036,0.08995305813205386,0.28,-0.5510412771833431
2.6,0.048045468421149144,0.08932052883079322,0.3051033058005783,-0.35104127718334305
2.6,0.03016659106818197,0.08855637313836569,0.25510330580057833,-0.15104127718334304
2.7,0.03479756800426058,0.08784708995909675,0.2715622481102393,0.048958722816656974
2.7,0.017771946612691204,0.08706348646175677,0.22156224811023933,0.24895872281665699
2.8,0.024122251046137227,0.08632966617869434,0.2368300562134565,0.448958722816657
2.8,0.010399034803264179,0.08556667819431225,0.19477288531011125,0.648958722816657
2.9,0.019692642888468618,0.08485287158738469,0.21822448841799952,0.8489587228166571
2.9,0.028779007759879807,0.08420303774879805,0.2349688384840144,1.048958722816657
3.0,0.022050117025326086,0.08353574273024326,0.2059485357162587,1.248958722816657
3.0,0.019435915978483407,0.0828746798210037,0.1793771780616391,1.4197770669023473
3.1,0.025960645318079453,0.08225975535663739,0.2026610965655113,1.45077645235241
3.1,0.025128648721356176,0.08165606050023567,0.1861057942236193,1.25077645235241
3.2,0.030184985062394122,0.081094623423949,0.2028749015203589,1.1086883217043615
3.2,0.02868049384025997,0.08053840906945263,0.189085482863475,0.9086883217043615
3.3,0.033086822657617546,0.08002178542810798,0.2120615762987126,0.7274864143443965
3.3,0.02979391220150006,0.07949788223841303,0.18431938185239366,0.5274864143443965
3.4,0.033351593641405705,0.07900751950840267,0.20612155531048484,0.3830332876293739
3.4,0.029425341375386018,0.0785055689312951,0.18092113129802817,0.18303328762937388
3.5,0.032409163999980624,0.07803221277701788,0.20215296698918161,0.12735005502902436
3.5,0.03649204341274343,0.07759551525728102,0.2163785694858978,0.0927214909562156
3.6,0.030364099863128262,0.07713135473612287,0.18602630177153245,0.015460268976034003
3.6,0.02615735314004628,0.07665585656095948,0.1457777579631218,-0.055478794683735566
3.7,0.026888041101781987,0.07619402338776249,0.1586551031042336,-0.09190461624945409
3.7,0.0291328685021096,0.07575318703742889,0.17706362693651206,-0.12179420691126414
3.8,0.02494467678977669,0.07530157966721948,0.14723623527251864,-0.1541354326586707
3.8,0.026463254763339897,0.07486609945174966,0.15887790421336045,-0.18968425802895622
3.9,0.023168292718736355,0.07442521446152311,0.12472469775655635,-0.19172656211694056
3.9,0.02450841517005148,0.07399864244966768,0.09163207413175738,-0.17940188866987639
4.0,0.02230187355154834,0.07357160484745909,0.10215225789979393,-0.21259609900899318
4.0,0.02329418141899774,0.07315670859827243,0.08446739973320314,-0.19406723710015641
4.1,0.021111344832110693,0.07274155246998448,0.10000533435145291,-0.22398014880244513
4.1,0.020279959990146708,0.07233132495274665,0.10945808309142865,-0.25541392133508367
4.2,0.019859055191968285,0.07192731176610256,0.09723560950885955,-0.2345790107774232
4.2,0.020647399608027753,0.07153337415201957,0.08046748178047124,-0.1999929927838293
4.3,0.01901593851145633,0.07114125053007851,0.08894902892791376,-0.2289766662710357
4.3,0.019587203168569003,0.07075796021630057,0.07535371110241569,-0.1873312628133522
4.4,0.01812598606391644,0.07037696525030787,0.08858951177111392,-0.2159900024552867
4.4,0.018524829354144887,0.07000381231460841,0.07210986688485851,-0.1777599009684516
4.5,0.01740403916264237,0.0696338634504438,0.08443438378643293,-0.20546381763917948
4.5,0.017346705045696416,0.06927006550452143,0.09660392918178452,-0.23400585349456937
4.6,0.019138542632559645,0.06891761777054252,0.05392216691922992,-0.1445998029016629
4.6,0.017364288558694246,0.06856594573056864,0.06524782746776277,-0.17173422082375067
4.7,0.016405568978466522,0.06821753020804995,0.07643634471297751,-0.19968246436601744
4.7,0.0163506573602506,0.06787465502995518,0.08230312038271094,-0.22399607127275772
4.8,0.016020956271781253,0.0675364804197111,0.06979608612664481,-0.19883760033825737
4.8,0.015932808357894828,0.067203483927621,0.08003845653405912,-0.2267046676234129
4.9,0.015718103428139108,0.06687522239819182,0.061722731731781236,-0.19241542806539294
4.9,0.016915489852399483,0.06655508572889428,0.04606624655738846,-0.1595556281008031
5.0,0.01568368926108651,0.06623685407016522,0.055441394002287925,-0.18676940523243812
5.0,0.015996540540049852,0.06592424836002102,0.049558767444641105,-0.178757301348669
5.1,0.015097780710653713,0.06561427905191505,0.05389080569253711,-0.20021586010190107
5.1,0.015313414298595972,0.06530945160430687,0.047741936560431304,-0.17477073249039854
5.2,0.014646676479437806,0.06500766354786763,0.056194522555423,-0.20213652639265436
5.2,0.014548328236562118,0.06471009869540731,0.0598473815087234,-0.22210474544056086
5.3,0.014401807119630126,0.0644165526537221,0.05361062981968513,-0.19805516073419727
5.3,0.014571913722867813,0.06412760182867352,0.0447561785167247,-0.17073214618086247
5.4,0.014139944649623601,0.06384187281776786,0.05236572732958902,-0.19791893916216374
5.4,0.014195943210061703,0.06356030166567316,0.05989707007593663,-0.22574378265989448
5.5,0.013940995319688202,0.06328215842857152,0.04902939035256007,-0.20315887890435974
5.5,0.014060198438164693,0.0630081185891882,0.05590652575026327,-0.2296026912861875
5.6,0.013736844998015623,0.06273720621214746,0.046354412243304985,-0.20551723138462488
5.6,0.013751165960361017,0.06247001612003421,0.053109884360296976,-0.23294377893447474
5.7,0.015399723054867299,0.062209855936145676,0.024585984977470943,-0.10996251596880569
5.7,0.014449828068104815,0.061951188721270485,0.02691829934878167,-0.12659474649806582
5.8,0.01496425927438018,0.06169703004825637,0.02222039736772046,-0.10128193670772762
5.8,0.01411114267387179,0.06144448915952786,0.028268948621822502,-0.1277734760644815
5.9,0.014197117030471355,0.061195419561337845,0.026319661547406815,-0.12666890374414685
5.9,0.013543689489449225,0.06094831920442874,0.03226613022555067,-0.154154549300838
6.0,0.013179517238651767,0.06070371758501754,0.03815992120113531,-0.1821841707497266
6.0,0.013290556736193329,0.060462430277453044,0.03031971294040737,-0.15943798375287388
6.1,0.013047720893719762,0.06022374946999729,0.03563964252588852,-0.18559147166619405
6.1,0.013054721393593111,0.059988067514140334,0.04091608273260923,-0.21220762244593055
6.2,0.012894222614066435,0.05975502746170287,0.03758779373179211,-0.19779779905760037
6.2,0.012952552679187839,0.05952495785691816,0.03137012739472351,-0.1647576119538307
6.3,0.012813415018261293,0.05929745620041707,0.03653180500067803,-0.19261041515020344
6.3,0.012912992753381081,0.05907288236952403,0.041651191603908594,-0.22094992115232104
6.4,0.01313041828268578,0.05885138711804431,0.02517201994836822,-0.1381425813329954
6.4,0.012767339453052218,0.0586319090546908,0.03022253061479148,-0.16727813097060218
6.5,0.01263269029994892,0.058414801277348216,0.03137895513416807,-0.18037082298649731
6.5,0.012774158385864981,0.05820047985458842,0.025254947335436498,-0.14294063826898812
6.6,0.01260111522728337,0.05798836743669859,0.02974870833702683,-0.1701670578233801
6.6,0.012608744465747296,0.05777872037583767,0.03420985270243674,-0.19781044851840474
6.7,0.012905473510682912,0.057571973978708356,0.02039974443651312,-0.12626926292900348
6.7,0.012577213407897069,0.05736704077887617,0.024806720401524172,-0.1546246987982789
6.8,0.012419111018548932,0.05716416914490414,0.029182250110985554,-0.1834075487106171
6.8,0.012512932793170983,0.05696372524019897,0.024825408135586147,-0.15476127010790405
6.9,0.012374814237110152,0.05676529416137527,0.029144495296249386,-0.1843337888877087
6.9,0.012431107011303335,0.056569147345302634,0.02533779001148534,-0.16118611720694906
7.0,0.012328905197350195,0.05637499352728859,0.029601310795189226,-0.1915656993193718
7.0,0.01236732587783291,0.056183017018517446,0.025609158168183526,-0.16782928459332228
7.1,0.012290562607080802,0.05599299944285218,0.029818668055922874,-0.19902354781417383
7.1,0.012332177383412616,0.05580508941847947,0.022107732542910066,-0.15296550548367813
7.2,0.012255333537179218,0.05561906713301175,0.025844837603723504,-0.1812375317851254
7.2,0.012303286358880674,0.05543509097020421,0.0295590039720989,-0.20985988506887654
7.3,0.012200310154466043,0.05525289496761537,0.02619796788345574,-0.1863275154790274
7.3,0.012269389793707824,0.05507270948978472,0.029871744224537224,-0.21560361273306006
7.4,0.01210138283275555,0.05489414239138641,0.025490534584898934,-0.1934840878421115
7.4,0.012154032370415733,0.05471749622780353,0.029125019679963254,-0.2234147521121647
7.5,0.012086291418457448,0.05454255949658426,0.02292770595865443,-0.18023392711815972
7.5,0.01231749316128642,0.05436974951245744,0.016823711897165645,-0.13517061074956996
7.6,0.012115371806465733,0.054198386595394145,0.02040771489488573,-0.16602033486936243
7.6,0.012026336771179166,0.0540286147574919,0.02397151725733567,-0.1972168821789124
7.7,0.01205912752837779,0.05386058539699644,0.021283368903570424,-0.1731084184770498
7.7,0.012007435070290298,0.053694147385425495,0.024812109518671577,-0.2049464245324725
7.8,0.012012722882250663,0.053529357087550494,0.021482501164869088,-0.1796666849242027
7.8,0.011975080701595352,0.05336612614276963,0.024977716571993557,-0.21213557510093922
7.9,0.01201342359159385,0.0532045383693615,0.02025287372529425,-0.1755705296895997
7.9,0.011946118216245461,0.05304441687454991,0.023717035753919313,-0.20864931630810668
8.0,0.012001408169337221,0.052885912530469245,0.019123668588015685,-0.17736949592755366
8.0,0.01190553321907423,0.052728786080631584,0.022557863991951435,-0.21104725685269504
8.1,0.012015621450149814,0.052573306182994585,0.017911985429165157,-0.17300451934258657
8.1,0.011891208349511172,0.05241911800431601,0.021318375204572932,-0.20725826985065665
8.2,0.012022331613749108,0.0522665592099325,0.01700063583692222,-0.16969982081640667
8.2,0.01187881232112794,0.05211522176403334,0.020380809863564955,-0.20450892248377178
8.3,0.01199620440406584,0.051965449395842696,0.016743718334881655,-0.17534947676028106
8.3,0.011850811250691401,0.05181685486169145,0.02009867736691609,-0.2106958463863782
8.4,0.012484774178809124,0.05167051417794789,0.009765351952119096,-0.11136608266346415
8.4,0.012160312692751233,0.05152504552335287,0.013101835000961189,-0.1471707412452291
8.5,0.011924561276848742,0.05138056687646862,0.016425174877553857,-0.18324279572761074
8.5,0.011906480046613798,0.05123736300715513,0.015776854320806506,-0.18554133507465514
8.6,0.011745460253946021,0.05109522175758812,0.01907696563218334,-0.22209785058151377
8.6,0.011678506373274786,0.05095425421539356,0.0223643295885973,-0.2588953713757329
8.7,0.011670221253851736,0.05081452104367615,0.0204426655470471,-0.2370905007442778
8.7,0.011756242550841066,0.050676129591111035,0.016679568886172887,-0.19534466949060708
8.8,0.011632590080551022,0.05053878376908943,0.019944056504339367,-0.2327114193896676
8.8,0.01160127658087289,0.05040258978107898,0.023197548039291353,-0.27027947682585257
8.9,0.011567455718200137,0.0502675279040465,0.02112432317224568,-0.2369540799718035
8.9,0.011655255825399105,0.05013374006789408,0.016784242443503305,-0.18680734655082193
9.0,0.011548687710044634,0.0500009569280811,0.020022432308743024,-0.22480534271413205
9.0,0.011597838570975497,0.04986936484657147,0.017361441217542642,-0.19075282072445732
9.1,0.01151252627766515,0.04973877492384319,0.020588759037703085,-0.22900337303713977
9.1,0.011559566046973712,0.04960934204297818,0.017904884634554308,-0.20231602549958488
9.2,0.011491216565292445,0.04948090369201844,0.021122677076629893,-0.24077554440477877
9.2,0.011529569015878153,0.049353581203725023,0.018231755869810733,-0.2112713734486214
9.3,0.01147178616847812,0.04922723821726103,0.021442246522771945,-0.24988771183523256
9.3,0.011502438018649688,0.049101972445910275,0.024646487117020558,-0.28858541541577604
9.4,0.011452396109115671,0.04897766844716513,0.021599971986052093,-0.25581227401244055
9.4,0.011520396300339793,0.04885446062684108,0.01705032905285896,-0.21919650608384808
9.5,0.01142838594385349,0.048732135392064196,0.020253207121754515,-0.25796409402748355
9.5,0.011502007355091479,0.04861088620380789,0.01706540205126371,-0.2316070222437318
9.6,0.01140800640943657,0.04849049194537495,0.020266723058621833,-0.27037651952172076
9.6,0.011442575755236916,0.04837109933018655,0.01766957645340797,-0.2486930204249258
9.7,0.011362604255410594,0.04825255518774945,0.020870855612102168,-0.28741441090010833
9.7,0.011384321784491216,0.04813497215663186,0.01809683467998591,-0.26156529487385627
9.8,0.011313902671693474,0.048018226242109524,0.0213004619938539,-0.30018336543946983
9.8,0.011327332498260307,0.047902407617691996,0.018349325801162955,-0.2703451952585253
9.9,0.01126195985149443,0.04778740994654934,0.021557719698229196,-0.308805744658729
9.9,0.011284566112781537,0.047673327658351514,0.02476521281056403,-0.3471903793534999
10.0,0.01120671932006037,0.0475600298919856,0.02162683758102708,-0.3139844911906027
10.0,0.011249326344665776,0.04744764902317053,0.017072098460608504,-0.26825776828849446
10.1,0.011142771453278756,0.04733599815150493,0.02029816071860175,-0.30624163372390034
10.1,0.011125301163211828,0.04722517228408511,0.0235253791473788,-0.3441013093001529
10.2,0.011091414818416403,0.04711514209286693,0.020190501184586356,-0.30225212475049745
10.2,0.011194864553307881,0.04700605706286577,0.016202193532572615,-0.25694534391716634
10.3,0.011060585901251802,0.04689763082488346,0.01945473878320046,-0.2942608521741102
10.3,0.011131421959922137,0.04679009120670769,0.01645081980550852,-0.2540886647270789
10.4,0.011003037264295275,0.04668319943511506,0.019719163241061904,-0.2910081871972337
10.4,0.011036928048226683,0.0465771322361225,0.017345135463805485,-0.25976303210456836
10.5,0.01093188835473554,0.046471722617245984,0.02063023459946012,-0.2962534912454997
10.5,0.010920278141379662,0.04636706764939056,0.023920520128112535,-0.33253791731920296
10.6,0.01086755386076208,0.046263112440274895,0.02135619922480962,-0.29993948295073347
10.6,0.010925413533270145,0.04615997155567804,0.017171276124452472,-0.2546417767091721
10.7,0.0108075746148845,0.04605744087455566,0.02049708090041656,-0.29015989101562867
10.7,0.010871472015989867,0.04595571329461994,0.01738199473826933,-0.24967737803726203
10.8,0.010757203010019952,0.0458545841324762,0.020731036732955652,-0.28466232224196236
10.8,0.01074126611055981,0.045754153590015265,0.024088154782042716,-0.3193959408099273
10.9,0.01069367050753387,0.045654379303899775,0.021554956532320445,-0.28684293491581225
10.9,0.010755544778070308,0.045555371671497154,0.017451788637734722,-0.2430764403099517
11.0,0.010633538025621884,0.0454569244511899,0.020851996093654963,-0.2769230410561727
11.0,0.01069440776954136,0.045359226489538794,0.017877676753193156,-0.24123360054935294
11.1,0.010580795113946379,0.04526208382568036,0.021305738176268667,-0.2744813396332014
11.1,0.010610346573054345,0.04516564142881243,0.01874816833076744,-0.24302223640834614
11.2,0.010519162054543053,0.04506976453359798,0.022205257319338874,-0.2756575145064298
11.2,0.010535602347414073,0.04497455920073221,0.02567386894644529,-0.30800387032280385
11.3,0.010463237827938437,0.044879925619520526,0.022937977225976715,-0.27548736652159167
11.3,0.010499572377405089,0.04478596981401938,0.026438026053324563,-0.3072016938459803
11.4,0.010406874967306825,0.044692551384432164,0.022199640376460918,-0.2625248148042887
11.4,0.010414084954649131,0.044599766689914576,0.02573404754379834,-0.29358903682734855
11.5,0.01037959990655497,0.04450756626414625,0.020579307601659394,-0.24243756856179147
11.5,0.010326197554767913,0.04441592455783994,0.024150177224267075,-0.2728399875245717
11.6,0.010288397434477623,0.044324851218837356,0.021324986236242835,-0.2535562972561336
11.6,0.010439041051064284,0.04423453003472695,0.016962588340807185,-0.21171317293480552
11.7,0.010247064340639864,0.044144608666821857,0.02059043717263908,-0.24111566720896954
11.7,0.010327701640826643,0.044055355134194354,0.01807643513955521,-0.2075572764202302
11.8,0.01016743454996734,0.04396652337081332,0.021742145949802352,-0.2363040443280554
11.8,0.010210186416264446,0.04387830892327112,0.01953152336097992,-0.20907656175096895
11.9,0.010093651502637817,0.04379054944846506,0.02323573838747814,-0.23717362968790096
11.9,0.010122114349343493,0.043703381096031294,0.020659530729414278,-0.20945186768359966
12.0,0.010038255620040713,0.043616689070666015,0.024403496083047038,-0.23690185848883621
12.0,0.010088232245435693,0.04353059712151079,0.028164889103130215,-0.2640521809299955
12.1,0.009991844369441522,0.04344495871680942,0.02529144611877776,-0.2350835480635698
12.1,0.010068581853443006,0.04335993437007622,0.029094409953607264,-0.2615937026526654
12.2,0.00997443512023039,0.043275355099387694,0.025689269166081143,-0.23490798471368188
12.2,0.010008310919822115,0.04319133762191525,0.02086983784518789,-0.188492166587442
12.3,0.009904055657824934,0.04310774596986636,0.024741515689692795,-0.21401856883469847
12.3,0.009945391347493572,0.04302471225258079,0.028632490149277358,-0.23925610118128166
12.4,0.00980125675928541,0.042942058094172696,0.025813960163251777,-0.2095064105429716
12.4,0.009819325135041463,0.042859929704816224,0.021905351247224786,-0.17804685431749825
12.5,0.009735294568511346,0.042778228069143526,0.025866615051927264,-0.20233631252277182
12.5,0.00982617041494441,0.04269710884882969,0.03338451724300776,-0.24742998983953352
12.6,0.009710240084136899,0.04261637756253535,0.030408661574749498,-0.22247233824567453
12.6,0.009676099217417964,0.04253610472343109,0.02619796568697084,-0.18583691428137525
12.7,0.00962144365246562,0.042456267378541995,0.030764898790457903,-0.2112646092203368
12.7,0.009595631624934074,0.042376886992338304,0.02717893178050403,-0.17313934851569854
12.8,0.00957668927350606,0.042297965137744885,0.03180688673570141,-0.1978412626882131
12.8,0.00977323559281924,0.04221968999260707,0.036462315224099755,-0.22222414862293616
12.9,0.009575361815295726,0.042141703544902924,0.03620287904546232,-0.20364131111009398
12.9,0.00985799857831562,0.04206443178851839,0.041450150788695204,-0.22949350457845635
13.0,0.00954998212928916,0.04198734130594363,0.03706365674525043,-0.19624432013077348
13.0,0.009862345807518082,0.04191098189201605,0.04238821811368774,-0.2212827806138994
13.1,0.009438708900475639,0.041834695405103435,0.03541189139299378,-0.1930571861983214
13.1,0.009633616934178095,0.041759023371044236,0.04081423289412049,-0.21731441588998487
13.2,0.009393796194765476,0.041683582858878875,0.03693035172128254,-0.19804834373719923
13.2,0.009750684010357053,0.04160888963266518,0.030065829001024745,-0.16514471778665682
13.3,0.009370035098339217,0.04153429669080988,0.036159393426527596,-0.19003893675748687
13.3,0.009529804104049699,0.0414602688056565,0.03257620929103827,-0.16146847043171242
13.4,0.009270083243223667,0.04138644357439451,0.0387664505902011,-0.18551457110532757
13.4,0.009334505279735433,0.04131309295293187,0.03905969907963753,-0.18074219710175857
13.5,0.009241292694253422,0.04124008063738716,0.04593411214112668,-0.20567596112838288
13.5,0.009211776254931003,0.04116745659768007,0.04124464240108412,-0.18423172607410124
13.6,0.009228180697795102,0.04109525518503159,0.04823472294962918,-0.20827748841484356
13.6,0.009064091741688093,0.04102332449050992,0.04368126770969294,-0.1851922420626924
13.7,0.009253499245834188,0.04095195096862416,0.05500111193955375,-0.22178793566141047
13.7,0.008981729487585185,0.040880753958984585,0.04944093614465286,-0.19686149373320883
13.8,0.009289598727241168,0.04081020250202114,0.05729417216331015,-0.22067662667540716
13.8,0.010195378739266129,0.04074082623323653,0.06521152782785418,-0.2441236951043278
13.9,0.00951876515407601,0.04067124182048704,0.06440846985943656,-0.2238323214849885
13.9,0.008867273333258756,0.04060150943186128,0.055987104419498626,-0.18870921118000736
14.0,0.009344596064935753,0.04053254258832144,0.06477906404312958,-0.21202112303027815
14.0,0.008816869651753252,0.04046352910825674,0.05698063193555173,-0.18429120886972117
14.1,0.009368385620269227,0.040395331962250515,0.0704839082495633,-0.21746454923406314
14.1,0.00871128247431923,0.040326982049401904,0.06269632651884438,-0.1940543117841159
14.2,0.009350296114878483,0.04025950686573581,0.07249961233693286,-0.21677101091926074
14.2,0.00872895410616573,0.040191902711725805,0.06552337694192499,-0.18764324077022942
14.3,0.00965073796619478,0.040125401025378434,0.08025110961365965,-0.21898644536692768
14.3,0.008608752883156292,0.0400584248033146,0.07132838888344793,-0.19037700061806143
14.4,0.00961508562251075,0.03999260321941654,0.08222385795791286,-0.21236472551908886
14.4,0.011576228507691648,0.039928938383583155,0.09321762589154815,-0.23405772038480277
14.5,0.00976141323494618,0.03986393292635087,0.08931493738872895,-0.21385774917566036
14.5,0.008485970252372924,0.03979826246277341,0.07790951353976847,-0.1626900512918217
14.6,0.009617482288845404,0.03973382173232539,0.08998501106347628,-0.18371918498364692
14.6,0.008420613094222039,0.03966878686781129,0.07804372014095734,-0.14685339206934106
14.7,0.009512604546779775,0.039604934014589824,0.09551303930350602,-0.17417543889554607
14.7,0.008334303730348052,0.03954050900166556,0.08498908264007297,-0.1536055795139355
14.8,0.00958307139437645,0.03947737733539421,0.09832122625784821,-0.17377376363194638
14.8,0.00821198413385049,0.0394135264741198,0.08688025402915439,-0.15237813281026671
14.9,0.009655278910526794,0.039351106277031006,0.10585030664238984,-0.17803609570720166
14.9,0.008079764987941386,0.03928781354998499,0.09415130153781892,-0.15686424911552344
15.0,0.009705976375771195,0.03922607612716229,0.10881722524090612,-0.17632731098395513
15.0,0.008131048087129923,0.03916345845278226,0.10284144801674845,-0.15254840106625037
15.1,0.010255360182211853,0.03910281684321619,0.11862370590290625,-0.17197272951878367
15.1,0.013896906175216321,0.039046213060077266,0.13455166049135198,-0.19130414239197124
15.2,0.010320392714173844,0.03898623563123455,0.12153803520729675,-0.1506846852668493
15.2,0.01414091214757063,0.038930509772588225,0.13777773658661102,-0.16907875061172678
15.3,0.008955178182008887,0.038870019249825985,0.12252174644176997,-0.13684612729928192
15.3,0.012653289058278127,0.03881319500765771,0.139941495926032,-0.1550887091285094
15.4,0.007852117780700161,0.03875252108661729,0.11752979664741679,-0.13049328598317123
15.4,0.009581647631949896,0.038693411985643134,0.09308548056901106,-0.09466473819176391
15.5,0.007289465734228424,0.038632976200631275,0.11710715281017273,-0.11516347896326615
15.5,0.008580028255858501,0.038573692922956176,0.10585909905004642,-0.09986196978924251
15.6,0.0074213624186061896,0.038513926582590376,0.1250110860203972,-0.11666069176177421
15.6,0.0075206496182607975,0.03845451318759148,0.11481625881725288,-0.09822533341092363
15.7,0.0080635538644675,0.038395740381392825,0.13430322329500527,-0.11448947863081686
15.7,0.007030044696018363,0.03833660474882694,0.12642341425993206,-0.10705925866619179
15.8,0.00875705421783246,0.038278884675922345,0.1471832637376944,-0.12360450058267772
15.8,0.00672925299169893,0.03822014354062642,0.1316512425543396,-0.10867261815062935
15.9,0.009263374708458743,0.03816335847120234,0.15275577409650562,-0.12482762691284098
15.9,0.014674519792351173,0.038112190941471044,0.1740222495357549,-0.14116710358918413
16.0,0.00980026367679876,0.038056363019730075,0.16375567269005908,-0.12402180695630396
16.0,0.015796155156694535,0.038007112696345983,0.1863389731215175,-0.14058841188758517
16.1,0.007995514236833553,0.03795048935659396,0.15957165918359303,-0.10970823328759395
16.1,0.013745399533497541,0.03789925601214753,0.18250751082434655,-0.12553394327019007
16.2,0.005973880872694553,0.03784200282668722,0.1503865193881409,-0.0915239344490113
16.2,0.010647383782704275,0.03778818954784381,0.12085538377220101,-0.08968040548078024
16.3,0.005797416879047089,0.03773137952571457,0.14429481319628157,-0.10446200932375073
16.3,0.008971011486874177,0.03767674114279354,0.1349491577756369,-0.09773001714807833
16.4,0.0053109862122479425,0.03762023379215715,0.1597315478261274,-0.11299772726424373
16.4,0.009990806283400076,0.03756689266059881,0.18467027697841706,-0.12862638503500748
16.5,0.0060175258194416405,0.037511223760918415,0.17049897826674393,-0.11474415583975696
16.5,0.01243336062167885,0.037460598540821,0.19575278690116313,-0.1301575702915005
16.6,0.005023204498130574,0.03740498774379264,0.16933658865472584,-0.1073352440762308
16.6,0.009862613631779354,0.037352534547845956,0.1368347105414217,-0.07775176228195596
16.7,0.004173336124934655,0.03729710865894279,0.162550125622274,-0.09140075332669773
16.7,0.00806811857293033,0.03724384935777477,0.1448931158607608,-0.08269807108560095
16.8,0.004293069896752361,0.0371889596702466,0.1784754338455426,-0.09832894201878768
16.8,0.011046145386862171,0.03713846713338593,0.20566715564015278,-0.11296688026574747
16.9,0.005883150953626126,0.037084709368988604,0.18953395968350384,-0.09704364244645955
16.9,0.013878052672539873,0.037037503014717255,0.21699454502874274,-0.11138673832255416
17.0,0.004578567774184708,0.03698367111885223,0.18768304996294063,-0.11267023145021464
17.0,0.009088439319033413,0.03693253243913956,0.1529872799502676,-0.09997102212803219
17.1,0.0028676726621052456,0.036878666370807056,0.18081377515633715,-0.11403957574385222
17.1,0.009751818258636765,0.03682848603934582,0.2087464144166788,-0.12858826528624323
17.2,0.0029958980695081673,0.03677511678997305,0.1864579283749755,-0.11361370621853442
17.2,0.010990227423726183,0.03672640619844395,0.21460144232767497,-0.12791586960784235
17.3,0.0021177652116130727,0.03667331813495619,0.18554270134885265,-0.12819275189550633
17.3,0.010794717303403572,0.03662488164735436,0.15200838890308754,-0.1289658178827471
17.4,0.0020256769531573522,0.03657223163682013,0.18042559192231483,-0.14343133673752223
17.4,0.008429023260036077,0.0365224426542413,0.16051730353071966,-0.12112977364330071
17.5,0.014580507439148092,0.03647843102805144,0.1497056343200114,-0.10672036110650746
17.5,0.004921963404769607,0.03642723178327667,0.1794849283736741,-0.12007757242798416
17.6,0.004884407291093862,0.0363762384021568,0.20932944001219364,-0.13399090584650183
17.6,0.002015291900234906,0.03632468967768596,0.1896462938532632,-0.10773008060884763
17.7,0.007863439047086298,0.036275616245434635,0.2196198967507241,-0.12088224939596479
17.7,0.01767151367428657,0.03623651747294024,0.2496416781332172,-0.13459813292291617
17.8,0.009223415279675195,0.03618875522504366,0.22487024184823012,-0.10870952617573107
17.8,0.004366623465594466,0.036138633622751305,0.1846171962144435,-0.10633888403130852
17.9,0.005532248254189779,0.03608917157418721,0.2147710159314059,-0.11898722017153149
17.9,0.004360186082259812,0.036039469210772966,0.18555130765539113,-0.09797936811110343
18.0,0.0055877869173355,0.03599044826233993,0.21576219801199642,-0.11008736168199804
18.0,0.0030035588722275887,0.035940775389075655,0.19041401054919654,-0.09571097545107807
18.1,0.006999611916621826,0.03589285206393911,0.22065656599409836,-0.10757880087295021
18.1,0.0019440338622095704,0.03584338765001993,0.194316563078165,-0.09676922282498476
18.2,0.008137048618280077,0.03579653038111352,0.22456630226060026,-0.10858618521137905
18.2,0.0010728874536535087,0.035747369736746505,0.19773902816694688,-0.09378603492693688
18.3,0.009155109525006025,0.03570158330080342,0.22797362091936893,-0.10538003246521578
18.3,0.0007539272977589782,0.03565279906559984,0.20043829007489436,-0.09420475891111249
18.4,0.009980020226063582,0.03560800366690831,0.2306334816387121,-0.105741932297257
18.4,0.0008168102380162876,0.03555961580748263,0.20088763116768832,-0.0918896650770015
18.5,0.01009422250006545,0.0355152871025811,0.23102049350016113,-0.10330921137293275
18.5,0.0009063627363632594,0.0354672922993495,0.20138651462912774,-0.08845927152166863
18.6,0.010268660211805204,0.03542347242549164,0.23143408839183965,-0.09971387874643405
18.6,0.02028633053323439,0.03539146080095212,0.2614266318195285,-0.11159575202761246
18.7,0.01029961387622773,0.03534801044272563,0.2312706459458875,-0.09824673920047372
18.7,0.004710592568095155,0.035301562464283245,0.18648360910343859,-0.0818051575358134
18.8,0.005486528375785726,0.03525560074044342,0.21629086661327346,-0.09284019842193181
18.8,0.015431102271996304,0.03521767937897372,0.2460203557816605,-0.10452848965716761
18.9,0.005629622040406753,0.035172135643575186,0.21620671360778287,-0.08674518527879621
18.9,0.006810013941685913,0.035127327228638094,0.17893202352312876,-0.08242122472600627
19.0,0.003319476537015978,0.03508136887658276,0.20840509853935452,-0.09384367152907329
19.0,0.006326074947124318,0.0350366817116768,0.17959671691291315,-0.08138211720795915
19.1,0.0037439581487895062,0.034991197320541505,0.20886931886289534,-0.09293775965081581
19.1,0.01355726506231994,0.03495225095543762,0.2380302120666563,-0.10519187266365854
19.2,0.00551855618992896,0.03490773051955255,0.21326854432502107,-0.09491963136821072
19.2,0.006869986075389993,0.03486401083841238,0.17593353691952532,-0.0789926808321719
19.3,0.003131568741610081,0.03481906924135901,0.2047392123938134,-0.0907842561539105
19.3,0.012801502535692164,0.03478004154380488,0.2334112985480665,-0.1033118579204263
19.4,0.0036546190179075192,0.034735573812882115,0.2050573034689587,-0.09822882221472236
19.4,0.008501059143588076,0.034693467035024295,0.16836228404995224,-0.07850562340704514
19.5,0.0015132456953858146,0.03464893014138778,0.19661370049335875,-0.09079306881092462
19.5,0.007095201731271205,0.034606344975709406,0.17104926810150609,-0.09051146500407231
19.6,0.0026933109798934042,0.034562331395347,0.1989886497696935,-0.10373873754858669
19.6,0.004350229796166455,0.03451891792504462,0.17783577038261272,-0.10757247242241315
19.7,0.005400442067268386,0.0344760490341563,0.20544167837234462,-0.12178705521262811
19.7,0.002987958860365153,0.03443259895160045,0.1804068382285205,-0.1050492846182123
19.8,0.0067637175263864325,0.03439066965297451,0.2076643607645424,-0.11941535635171771
19.8,0.002226250637986107,0.03434740183475324,0.180998347934867,-0.10205554525906985
19.9,0.0075036326762524756,0.03430618297561025,0.20788739087873298,-0.11667600295202103
19.9,0.016712172864236687,0.03427329674956011,0.23458010016471548,-0.13216659922722934
20.0,0.00788164805079558,0.03423259489223131,0.20685917916187474,-0.11915662952701225
20.0,0.005138325432900585,0.03419074264539479,0.16731350039183543,-0.08395129260874781
20.1,0.004224795689804788,0.03414873591333905,0.1934112356283088,-0.09870649602488342
20.1,0.0131534679359104,0.034112544769246585,0.2192945386610483,-0.11441463469708595
20.2,0.003955781574667742,0.03407076506283556,0.19023459556843614,-0.10178875361157688
20.2,0.012776046975333688,0.03403450823269035,0.21568222386960867,-0.11828189666738478
20.3,0.0016783633303850448,0.0339925666588367,0.1801702062981682,-0.11843978193692402
20.3,0.011184342968428016,0.033955215277728476,0.1414111123570026,-0.09179685495694381
20.4,0.002613585451102016,0.03391372304262402,0.16617802268912096,-0.10881754925542296
20.4,0.01003562783275788,0.033875780229239205,0.13587195790855425,-0.09694378098768681
20.5,0.0019568178743985744,0.03383448030354891,0.15933614595200762,-0.11436700225845578
20.5,0.007227352892553499,0.03379507851711729,0.14167583001228112,-0.09795413982860181
20.6,0.0012987614250271956,0.03375400103858175,0.16468581819198205,-0.11617649460607525
20.6,0.005065982811187553,0.033713936398193534,0.13944341809427846,-0.09346878786853105
20.7,0.002840411077251177,0.03367338582404815,0.16119685839368011,-0.11170239430389012
20.7,0.0037596481396212572,0.03363320046954317,0.14075393121943913,-0.10566872286749517
20.8,0.00397398556685638,0.033593220505255914,0.16206222651915506,-0.12514947574900195
20.8,0.0027454206569105404,0.03355308974434866,0.14115754835539335,-0.11424262365607638
20.9,0.004577490826762055,0.0335135837480718,0.15538040568511527,-0.12888361869277284
20.9,0.011596336147147668,0.03347827683500053,0.17525299791061338,-0.1495820002071929
21.0,0.004374474649550702,0.03343898566202239,0.15213801803836421,-0.13960130003344728
21.0,0.005554582458751336,0.03340025333908271,0.11586120790591639,-0.15381796806537562
21.1,0.0014891416728528384,0.033360640941340745,0.13435657461763928,-0.1755554751396954
21.1,0.007706513977195214,0.033323202411808334,0.1526434233440361,-0.1982334442659947
21.2,0.0016635346877621237,0.03328388825530006,0.13205871979609976,-0.18951017346632962
21.2,0.00698172302724856,0.03324634422422749,0.10132807109724232,-0.15022118921269412
21.3,0.001638370539255282,0.03320730294133483,0.11832094850107966,-0.17269904416441606
21.3,0.006118928881042919,0.033169629222028076,0.10170516859565909,-0.14953187481036834
21.4,0.010507902090110278,0.03313466840803519,0.0818966800164169,-0.11521312970206912
21.4,0.005026146932680361,0.033096828741021364,0.09765735232565487,-0.1375221493966219
21.5,0.0018371693605526438,0.03305835083860534,0.11323754336794081,-0.1607610522803725
21.5,0.0041153760315696146,0.033020484925660766,0.09329383168979008,-0.12880273310794954
21.6,0.002194860027192097,0.03298232529706568,0.10787248705302348,-0.15184728310292422
21.6,0.006802694681295733,0.0329457549637769,0.12228462415326334,-0.1757794452554713
21.7,0.003104259150345169,0.03290802751775824,0.10921352463444108,-0.16638210713468202
21.7,0.004486910143950924,0.032870798797109635,0.08311263733404708,-0.12616224687116304
21.8,0.0018089913703325646,0.03283310909316667,0.09642079017391557,-0.15019276885190216
21.8,0.003696983391232974,0.03279591275793739,0.08395165507804181,-0.13990096811263314
21.9,0.0021563522934233454,0.03275852974589534,0.09151662647561126,-0.15559005909612533
21.9,0.0033117973587275225,0.03272149543722598,0.07872842348193178,-0.1325654521780363
22.0,0.0023648151472305994,0.032684400848650444,0.09085381789203463,-0.1576116767397358
22.0,0.0029528133096802024,0.032647541844508195,0.07364459981799903,-0.12734182141021194
22.1,0.0024120371059375405,0.03261070775756419,0.08491414183524089,-0.15200576088829892
22.1,0.005902977715926596,0.032575007006247866,0.09606016244513624,-0.17745670665026772
22.2,0.0025523675408669674,0.03253844583412756,0.07957443730645192,-0.14842307521182005
22.2,0.005826962961485482,0.03250295918896176,0.08990734529847418,-0.1733517721993517
22.3,0.001970123681331375,0.032466552796557094,0.07476824025105852,-0.14218735927954132
22.3,0.004632493698402,0.032430876732217256,0.059084742869381424,-0.12225234058928275
22.4,0.002035833008394632,0.03239472338349629,0.06416013613289688,-0.13687123776768695
22.4,0.004362249920957361,0.03235920468610943,0.054317132219897986,-0.12825508258514376
22.5,0.0019315905231732163,0.03232327839103458,0.06358328386656227,-0.15409463230988607
22.5,0.00362551781865025,0.032287795999536364,0.051369954850098425,-0.1341422268634966
22.6,0.005606762425325686,0.03225306092534455,0.04434864518199283,-0.12383194896821936
22.6,0.002932888437741749,0.03221765835096227,0.05280550954633422,-0.14937728298644115
22.7,0.0019468889472431764,0.03218220837381571,0.0611787070717694,-0.17558019425737575
22.7,0.004064549424551165,0.03214731185062665,0.06946783923927616,-0.20245243074359487
22.8,0.0021585249462936855,0.03211212514541659,0.0574148501353926,-0.1765974591820922
22.8,0.0029519113028926604,0.03207719302018843,0.04672772167528781,-0.1432904348202651
22.9,0.00491893708768088,0.03204290457440324,0.03954056966122491,-0.14386785539471053
22.9,0.0026778825881636588,0.032008148706406864,0.047015529305606735,-0.1706030709599266
23.0,0.0019840266219551678,0.03197339654143463,0.04996942179863798,-0.18315132209440593
23.0,0.003527084578560536,0.03193904731574856,0.05679338932709882,-0.2087761987344228
23.1,0.0020741931415891326,0.03190453371717574,0.04971463908400233,-0.19030887735737384
23.1,0.0027708282492344117,0.03187024700995435,0.04155617716170198,-0.1547364849774748
23.2,0.002096984060658486,0.031835960456122366,0.048212165934983287,-0.18171800620665585
23.2,0.002625537408358434,0.03180186954140744,0.03763678329642451,-0.1538307082370177
23.3,0.002069459430640698,0.03176780053710473,0.0436857488942192,-0.17932254034256126
23.3,0.003269895392975978,0.03173405812523812,0.04968413034428487,-0.20531309287345903
23.4,0.002257021268011851,0.03170023546274443,0.04447342889243626,-0.19115643742404803
23.4,0.00254928379304332,0.03166656883951131,0.03688682872180135,-0.16384992721128935
23.5,0.0021436345256221306,0.03163294602389218,0.042746479625705484,-0.19116755849381897
23.5,0.0033423321483039914,0.031599652124423804,0.04855648245531566,-0.21901714210706347
23.6,0.0021637799290966666,0.031566246475780636,0.03881285759237392,-0.18858336554519753
23.6,0.0026348784723957135,0.031533023155747505,0.03140056862337546,-0.16000428690664728
23.7,0.0019814849691733765,0.03149980427374985,0.036612651715407715,-0.1863767793020612
23.7,0.0025413824571813475,0.03146677559997276,0.031285014787192096,-0.1670135312019557
23.8,0.0019832280296901805,0.031433766939050325,0.03642172078935411,-0.19423341286556642
23.8,0.0022896822444410003,0.03140090629327506,0.032218102692588436,-0.17763643219966085
23.9,0.002106146177928584,0.03136812225972845,0.03728032370269122,-0.20573214629206588
23.9,0.002159630043625949,0.031335448929268775,0.032804819849924144,-0.18725582424438442
24.0,0.0021916239094909476,0.031302882773713826,0.03396467182284295,-0.19593735943886825
24.0,0.00221440044758628,0.0312704219495348,0.02877409332472331,-0.17262158475546902
24.1,0.0021793866813354466,0.031238057456862728,0.03324905243480559,-0.19930129029568053
24.1,0.003077041630834629,0.031205950749951215,0.03769274949460396,-0.2263863941156777
24.2,0.0022534244695209976,0.031173798339495806,0.033293068802738364,-0.2074727562655166
24.2,0.002180680570787709,0.031141735099846156,0.0295896296497672,-0.19681274003624438
24.3,0.002494180939841456,0.031109819804579154,0.03394964666124903,-0.22502841086467085
24.3,0.0022143951115028075,0.03107795966386683,0.03074170023071129,-0.2061374981441866
24.4,0.0028066433038337465,0.031046296211126832,0.03504636325248164,-0.2351372356048184
24.4,0.002533740224528861,0.031014682253007932,0.03368489081116783,-0.22410525906607504
24.5,0.0023337485443618274,0.030983133409693803,0.031870669504530824,-0.22114809420254627
24.5,0.0031638339454164973,0.030951831823142404,0.03609470164028589,-0.2513463860349193
24.6,0.00434693091815735,0.030920918890145237,0.0402895496515753,-0.2819766429529542
24.6,0.0027957448134283466,0.03088973635912497,0.03397375971081242,-0.24748443176988422
24.7,0.0037297435785918283,0.030858849321605316,0.03461490217926061,-0.2544224263255361
24.7,0.004829785709687218,0.03082836571347826,0.03831562754359308,-0.2825794547931616
24.8,0.0031131075124293845,0.030797528069667898,0.03181942588902943,-0.2449018108651974
24.8,0.0023018295658013385,0.03076664011294339,0.024475859365788014,-0.1992619177309125
24.9,0.002496717233057449,0.03073587621007333,0.02812453071338152,-0.2283368835625999
24.9,0.003221744331064852,0.03070534078898141,0.031751901850149734,-0.2577586264578087
25.0,0.0025616869969843636,0.030674772843725915,0.027852824178031897,-0.24951193564702911
25.0,0.002485195147366866,0.030644284263562062,0.02316746855745828,-0.21434468869006576
25.1,0.0025383179774074237,0.030613895911767147,0.02674234264645633,-0.2447191914988515
25.1,0.0025104996956663668,0.03058359404095442,0.022888790653394584,-0.21711778620316646
25.2,0.002555987509014607,0.030553390279291274,0.02642914652041595,-0.24813415701853403
25.2,0.0025052279425227275,0.030523268314018637,0.023214483986979152,-0.2217074551084437
25.3,0.002637558473118849,0.030493258161996842,0.02672153105950393,-0.25336094523670316
25.3,0.003256257698515954,0.030463455520166736,0.030209526950227168,-0.2853524094692394
25.4,0.0027111982747728995,0.030433636030866698,0.026899650473783187,-0.2586179752612223
25.4,0.003358946135200098,0.030404032153439415,0.03035639813658715,-0.2912325882834549
25.5,0.0028250708529423208,0.030374409143590336,0.02673833757296721,-0.2604466449173346
25.5,0.003452082069408364,0.03034500071430593,0.030165725897624326,-0.2936681630188114
25.6,0.0029635726987986646,0.030315577868345447,0.02660549900556468,-0.2595380114491021
25.6,0.0029262802811967355,0.03028623445620523,0.02499787236666722,-0.2458644544110627
25.7,0.0033604400011739734,0.030257065074638385,0.028385956139634058,-0.2799530991814023
25.7,0.003006176276650253,0.030227908626058928,0.025114942164951207,-0.2503833755216994
25.8,0.0034616926706241757,0.03019893213914475,0.028477374587005957,-0.2850369179007922
25.8,0.002991936632044116,0.030169942926473313,0.024505587380108138,-0.2533436430403214
25.9,0.003397834732148389,0.03014112135704189,0.02784419655505566,-0.28853796242020124
25.9,0.0029883717455936364,0.030112299820192125,0.02398396277016491,-0.25654338760154216
26.0,0.0033522974420187907,0.030083635791913907,0.027300451679948965,-0.2922519719850777
26.0,0.004022466657731072,0.030055212947783037,0.030602854925122644,-0.32822963010467665
26.1,0.0033285248531954308,0.03002670942337859,0.02688144225661253,-0.2961061618405709
26.1,0.0030185248284086063,0.029998225354434634,0.02213680075133184,-0.23957247948538724
26.2,0.0031918881694904307,0.02996985763916719,0.025416710476089587,-0.276201111906328
26.2,0.003719510838195757,0.029941687687184845,0.02868451634898564,-0.31306511873326526
26.3,0.0033683444497464294,0.02991351942804,0.02635359010629411,-0.2989892201971373
26.3,0.00309465419638628,0.02988537561159799,0.022965453419764408,-0.27464432677872164
26.4,0.003393823711342839,0.029857373908402242,0.026211029614815647,-0.3120827737033989
26.4,0.003176340494626576,0.02982940677339712,0.02425563536192008,-0.2723570611794057
26.5,0.003611168014928728,0.029801612883031455,0.027488908479592542,-0.31012617140305054
26.5,0.003174747420571712,0.029773804239686733,0.02385386437910806,-0.25562273221203585
26.6,0.003571777604723642,0.029746159277123718,0.027078238995665534,-0.29366890049438277
26.6,0.004230289703753746,0.029718755152744976,0.030294068443261796,-0.3318653495094385
26.7,0.003497525788290874,0.02969124979759648,0.026609078369133978,-0.28176211324171513
26.7,0.0032554800133790755,0.029663770504227787,0.022518128491251517,-0.22688143246293124
26.8,0.00351344671611062,0.029636423665505344,0.025729926722058215,-0.2653425167483236
26.8,0.0040643050584470404,0.029609285260982967,0.02893555328345416,-0.3039047152532513
26.9,0.0034610807934437964,0.02958208029235636,0.025173672632523597,-0.2573478965531851
26.9,0.0032702730677605114,0.029554911166726143,0.02030377061473129,-0.20746289923312838
27.0,0.0032991383730315454,0.029527823951651086,0.023509979609332793,-0.24614449209583927
27.0,0.0036712481571078265,0.02950089373499741,0.026712310122623633,-0.2848752060986396
27.1,0.0032584137251660612,0.029473948899821127,0.02330713402322217,-0.24941289378343878
27.1,0.0033158590959172156,0.02944709080443821,0.0217341680906713,-0.22526149942624407
27.2,0.003507336169207295,0.02942034814113651,0.024939862711876516,-0.263976461524866
27.2,0.0033131476048213516,0.029393638184861702,0.022745362264386688,-0.24006957755931935
27.3,0.003613106880106193,0.029367066991434675,0.025953287644822094,-0.27872552752078344
27.3,0.0032873994532587845,0.029340499048807082,0.02268755715071404,-0.2352693880195036
27.4,0.0035831228829054395,0.029314067654763958,0.02590149275170367,-0.2738020012321993
27.4,0.003255592435752662,0.029287639222486762,0.02257735432338617,-0.23121332004938255
27.5,0.0035415163101963462,0.029261343818391967,0.02579925604096757,-0.26957151638386034
27.5,0.0032235488755245137,0.029235053622081054,0.02250593563088305,-0.2281934670995983
27.6,0.0035027797622231675,0.029208893669066767,0.02573772457864021,-0.2663276610396378
27.6,0.003191731591973752,0.029182740543082623,0.022473335624413997,-0.2257670460449555
27.7,0.0034672794881162937,0.029156715571737126,0.025716956873298558,-0.26362910019805313
27.7,0.0031600851259623182,0.02913069835298137,0.022472594081917475,-0.2236218733036336
27.8,0.0034342247648534714,0.02910480771525156,0.025729999207503643,-0.2611655361426497
27.8,0.003128545931794454,0.029078925242078713,0.022497956923927986,-0.2215607581141701
27.9,0.003402955380720765,0.02905316814793265,0.025771089317470373,-0.25874205039594067
27.9,0.003097072854108731,0.029027419264940565,0.022545207500165594,-0.21946265111441354
28.0,0.0033729990477584727,0.029001794828379595,0.025835991809903307,-0.25624018325594317
28.0,0.003950010670964482,0.02897636956922188,0.029132881714884998,-0.29282474024189886
28.1,0.0033441849396915885,0.028950876702179183,0.02592251721546758,-0.25364116283075405
28.1,0.003030185776842864,0.028925390646252915,0.021925755401790196,-0.2399640698868808
28.2,0.0032348944335943183,0.02890001218298713,0.02525531194032719,-0.27583729533726553
28.2,0.0029885384457844126,0.028874654454767754,0.02237787697762622,-0.2502362973279312
28.3,0.0032411365682430636,0.02884941258830025,0.025729486286277366,-0.2856076323181337
28.3,0.00381891893260752,0.028824362944475632,0.029089624340092105,-0.3207364921039017
28.4,0.0032631439957195954,0.028799259465003713,0.025988946873765247,-0.2891393545839987
28.4,0.0030122546745716353,0.028774174426447283,0.021546029693663118,-0.24542339472678956
28.5,0.003142581511094303,0.02874918030548958,0.024949436227562884,-0.27969188560271535
28.5,0.0030194556801356616,0.02872422907947441,0.021539110301294056,-0.2544715734417118
28.6,0.0031377656557227533,0.028699365895869716,0.024969848174772685,-0.2881610288708337
28.6,0.003629277674640732,0.028674669594353046,0.02841172770805748,-0.32157315102525075
28.7,0.0032044710006274486,0.028649949897891314,0.025622049749107034,-0.28708576183413104
28.7,0.0037419913158510416,0.028625408720144668,0.029094680565156756,-0.3198852205268573
28.8,0.003138229865099313,0.028600805658752927,0.024821273154876436,-0.26929004382629573
28.8,0.003218634695981679,0.02857628247884275,0.01998450488655149,-0.2162833824270168
28.9,0.003081117775234324,0.028551797054706306,0.02351311448338093,-0.248089863659334
28.9,0.0033673483339689463,0.02852743141763723,0.027055823902470647,-0.27959797483054366
29.0,0.0030961651649304488,0.028503076119758664,0.024177127510965304,-0.2515172842623901
29.0,0.003440448383581052,0.028478852206635055,0.027754691451957914,-0.2823808425307939
29.1,0.0031093946504260487,0.028454625584888354,0.02399965906020013,-0.24077748029214038
29.1,0.003376254383862644,0.028430513977759263,0.01957444985926121,-0.19585094346293633
29.2,0.003118086651779837,0.02840641410541452,0.02321255498949553,-0.22569309924766412
29.2,0.0032803891613545876,0.028382407734708744,0.020609007015401807,-0.20613495617512667
29.3,0.0031236002722757283,0.028358432956992686,0.0242849400690796,-0.2353264763303937
29.3,0.003193457483615665,0.028334533111043638,0.02204416048697293,-0.20954903863381413
29.4,0.003189994229490787,0.028310693957213307,0.025759766179375868,-0.23808485369066132
29.4,0.00311159175880285,0.02828690104852454,0.023615169608265926,-0.21474977367182685
29.5,0.0032815854182946594,0.02826320164539188,0.02737150945335351,-0.24263274175315147
29.5,0.003120552175174053,0.028239531852453932,0.024358662731006526,-0.21311285318931858
29.6,0.003355292090803278,0.028215967984570062,0.028157541518093073,-0.2403415504059261
29.6,0.003984970084712159,0.028192602595223652,0.03197541404850472,-0.2672674573121675
29.7,0.0034075816187452276,0.02816916896479338,0.028746691101053778,-0.2371705801683306
29.7,0.0031103632063092393,0.028145736886416417,0.024779868574453245,-0.19903304372044364
29.8,0.0033395521093472587,0.02812240831776322,0.02866815104454086,-0.22496048746768793
29.8,0.003983162860168542,0.028099279472389924,0.032576753216483116,-0.25059175288864566
29.9,0.0033563028190573695,0.02807607190898635,0.029116637409102475,-0.22417474108752686
29.9,0.004024714310530646,0.028053069904767778,0.03307147191277393,-0.24917618965655222
30.0,0.003243358512440107,0.02802995680338415,0.02817710393537376,-0.21148903591918386
30.0,0.0032804288064662993,0.028006908962328787,0.026058037001239757,-0.19395185770737697
30.1,0.003184601395264453,0.027983900513586856,0.030592914945893238,-0.2205057681663608
30.1,0.003196611408524196,0.027960951942485417,0.027919441844350246,-0.2018637982337173
30.2,0.003333184719472953,0.027938087197606494,0.032514916250059596,-0.22767627379208358
30.2,0.00405585235876072,0.027915437878112966,0.03713870300781065,-0.2531497492625053
30.3,0.0034426823662634066,0.02789270889966425,0.033729296758340056,-0.224717630146355
30.3,0.004256775686888934,0.02787022205332812,0.0384165019672482,-0.2494633369393381
30.4,0.0034029771012821283,0.027847597783349595,0.03693064373636448,-0.2309896735818501
30.4,0.0042899372828802485,0.027825231292482926,0.04221825188851108,-0.2572243740832624
30.5,0.0033058231016356776,0.027802699610400185,0.03633454267091906,-0.21639841488068304
30.5,0.0034829042988249177,0.02778025908802567,0.030150927380277102,-0.17475631797166438
30.6,0.0032187603845243856,0.027757821780450265,0.035566192726305575,-0.19966409653716435
30.6,0.003828326217269731,0.027735566270658915,0.04101968542771831,-0.22421022593155396
30.7,0.0036462822347046414,0.02771332553908537,0.04377720220700533,-0.24716466885901556
30.7,0.003380862072761575,0.027691084627291904,0.041428175822113805,-0.24167338569190444
30.8,0.0035032060280846392,0.027668923000470896,0.03539584904774068,-0.20305259654579655
30.8,0.0033762046993053873,0.02764678999772549,0.04160183012738711,-0.22783172383451364
30.9,0.004292874309098891,0.027624917317115204,0.04785535441131685,-0.2522279577302945
30.9,0.003458970505548301,0.027602908701515796,0.04649395755209155,-0.23541789494528362
31.0,0.004605715606595116,0.02758122456500951,0.053448069885539365,-0.2606764575693683
31.0,0.0038221208801801484,0.027559400150692605,0.04976321952394972,-0.22936256908355407
31.1,0.005272909015857694,0.027538014606613984,0.05684213645940961,-0.2536658806458522
31.1,0.004304835214142469,0.02751641041809104,0.05315932678706223,-0.21965206840928134
31.2,0.00615095493521705,0.027495422124589733,0.06462677490700963,-0.26005724424370036
31.2,0.004491803460167528,0.027473970153279292,0.05856214090697944,-0.2324936470083728
31.3,0.006430600928586278,0.027453187241757424,0.06653414340937806,-0.25646386189054005
31.3,0.004101405315954429,0.02743174080378888,0.057676658404334925,-0.20189813792162012
31.4,0.006096228096558572,0.027410937891935338,0.07023681181116874,-0.24055044895016875
31.4,0.003954632322143393,0.02738955981422974,0.06197767321894333,-0.19361035221175726
31.5,0.0034069637570267076,0.02736811599016293,0.05411910071451684,-0.15406403604763036
31.5,0.003937210537765409,0.02734683652376102,0.06316410869524851,-0.17664192635743214
31.6,0.006150451415704631,0.02732625542990621,0.0769148768958627,-0.21327369614014763
31.6,0.0038537916292225023,0.027305058316581275,0.06815812904157578,-0.18827702898056015
31.7,0.006113282791316343,0.027284563764316486,0.07816714286805584,-0.2106951378740301
31.7,0.004156951489939211,0.02726353734258112,0.07548078236302981,-0.17785415043654282
31.8,0.006841949502332055,0.02724341455519987,0.08641444806892543,-0.20026051866270472
31.8,0.0039622814756487615,0.027222441749395313,0.07634792338580335,-0.16739789378528944
31.9,0.006682822048145993,0.027202354369975982,0.08751231337611974,-0.18872575411111253
31.9,0.0036795054755206762,0.027181417904804682,0.08107263294564757,-0.1766157394521512
32.0,0.006578620096054474,0.02716138766203412,0.09322115067200118,-0.1979335476515412
32.0,0.0035022126329157808,0.02714051260164033,0.08197360144581857,-0.17021560025306395
32.1,0.006596656289546298,0.02712058550641992,0.09955090577842422,-0.20191201870365974
32.1,0.003492215041263225,0.02709980581195061,0.08847690229764468,-0.1767225400917769
32.2,0.006717969084613339,0.02708002064292871,0.10194177196465579,-0.19688599387855357
32.2,0.0035581537270755817,0.027059350875279945,0.09093302602515052,-0.16525889532205557
32.3,0.007159504185487204,0.027039836046184193,0.11010303100243142,-0.1947194173774506
32.3,0.004086877951284206,0.027019377738974698,0.10033719357057402,-0.16824806252458474
32.4,0.008055328157545411,0.027000346438015303,0.11521625131923618,-0.18715531658296403
32.4,0.0044945964613785794,0.026980082540621283,0.10927246366826611,-0.15962730028532013
32.5,0.008950146265602622,0.026961577707689175,0.12532419570181708,-0.1781305731855619
32.5,0.004366019352161582,0.026941374317339232,0.11133018080825778,-0.14728121827307009
32.6,0.008941946609207045,0.02692295518876629,0.12773011929176475,-0.16472840597645907
32.6,0.003851820289216709,0.026902723751373286,0.11703384894534721,-0.15004105809512097
32.7,0.008714155580816639,0.026884279380403112,0.13467085162442483,-0.16718527718237408
32.7,0.003410974099913359,0.02686404890315325,0.11799052119456453,-0.14294563529060256
32.8,0.008553267468884374,0.026845614511980427,0.1420938667835627,-0.16706525002137715
32.8,0.0033614390149185737,0.02682546616121123,0.12597375382464363,-0.1445133829656126
32.9,0.00867202061127532,0.026807178334751755,0.14529594588780118,-0.16037365540195572
32.9,0.003173218523339818,0.026787086034369478,0.1280821231084416,-0.1394870047826464
33.0,0.008847585872405528,0.026768973089051976,0.1541817393823543,-0.16160891903030203
33.0,0.01518642505727425,0.02675521690691353,0.17505826383882708,-0.1771000316867251
33.1,0.00915657298060685,0.026737342920842427,0.1581905630290241,-0.14574185385015456
33.1,0.0026921391944775557,0.026717345808505717,0.13770969154057597,-0.11042971294545387
33.2,0.008807504172556928,0.026699380561156578,0.165900116347597,-0.1300226355335943
33.2,0.00222877856403563,0.02667940823467388,0.14472738750358555,-0.109127267670799
33.3,0.008330668055854577,0.02666129821593761,0.16767798023759004,-0.12194889373484136
33.3,0.0020928940423412933,0.026641398140973657,0.1478890842610505,-0.09210874520858736
33.4,0.00846220832748053,0.02662343592768104,0.17127583239031346,-0.10384025587873663
33.4,0.002353965617566649,0.02660365664533773,0.15908003134595836,-0.09208659406472289
33.5,0.009544054678181299,0.026586326838334343,0.18394328179968497,-0.103393620779667
33.5,0.0026382921937073904,0.026566674413594525,0.16400435331209734,-0.06601526193936688
33.6,0.010221107105658891,0.026549802986829657,0.1893157652964128,-0.07593879405509242
33.6,0.0025740541763289307,0.02653022713637631,0.16741365034913797,-0.06426417135526744
33.7,0.010430097059577634,0.0265135579045661,0.1931564046275919,-0.07364803352538637
33.7,0.0025391199581652874,0.02649406231381775,0.17723768250514485,-0.05530318927686047
33.8,0.010966703679055055,0.02647779464707081,0.20450454120209838,-0.0639709239171763
33.8,0.0025257083471933285,0.026458381562836468,0.1806807114899568,-0.02308015154587166
33.9,0.01118414519815634,0.026442327383361185,0.208384565945044,-0.030075655774766702
33.9,0.002399756138090517,0.02642298067519343,0.18359623792196356,-0.019274158883199097
34.0,0.011258040053199619,0.026407050786938877,0.21171839499957634,-0.025803005041778182
34.0,0.003199717440581363,0.026387911980787458,0.1958712602054097,-0.030287391745270092
34.1,0.012547506996096126,0.0263729139253882,0.22554472524469485,-0.03700129091331915
34.1,0.021981638399256383,0.026367010498671423,0.25542527466076853,-0.04388506133457098
34.2,0.013538801944542126,0.026352793508009443,0.23160811510010307,-0.048416009124390834
34.2,0.0007219277247355305,0.026333537191532724,0.19348834322512257,-0.05470549792623297
34.3,0.009997761452246047,0.026317081102158746,0.22396022295366522,-0.06205850083520871
34.3,0.0012874562781752502,0.0262979385005536,0.1922338672076419,-0.04975509715131869
34.4,0.008754955010456967,0.02628091458397056,0.22307850789986503,-0.05657989315633052
34.4,0.0007333553300297625,0.026261823019655316,0.2047059159044808,-0.05145320424842326
34.5,0.010047921410590882,0.026245549885168203,0.23710130962532897,-0.0581503009030008
34.5,0.0006661710271173981,0.026226536736719156,0.20908299088163515,-0.04645493631648395
34.6,0.010688625270221087,0.026210706787565475,0.24183116354127543,-0.05255692550129469
34.6,0.000972816652965122,0.026191787676004684,0.21346598907617942,-0.045781495271971256
34.7,0.011373035495304074,0.026176448861345084,0.246542261495996,-0.051558627047611605
34.7,0.0011650469243123442,0.026157620334982586,0.21671156533701688,-0.04031996401770259
34.8,0.011724255245935775,0.02614257814987197,0.2500926386678136,-0.045536687870459724
34.8,0.0010572704484329437,0.026123821550848043,0.2188219946701082,-0.03608018377891695
34.9,0.01173822200455873,0.02610886067871416,0.2524832812350176,-0.04076368483705265
34.9,0.0009739430781422702,0.02609017739683569,0.2208447558428922,-0.0316129291247755
35.0,0.012153605835585321,0.02607556053081822,0.26368778442900376,-0.03684885187746232
35.0,0.023538065450503947,0.026072111689521303,0.29896384429829237,-0.041250013191858066
35.1,0.012947153172168232,0.02605809744996096,0.26823962265227974,-0.033364747404177164
35.1,0.024438757060912458,0.026055862276206373,0.3037444847957482,-0.03728375884097632
35.2,0.008200915258514999,0.02603916085176988,0.2559969427449259,-0.047295172190109744
35.2,0.010152531770215465,0.026023473781223307,0.20599694274492591,-0.04641726368217328
35.3,0.0014933603836723567,0.0260050716882485,0.2376736133465947,-0.05062817372044398
35.3,0.01316979706881815,0.02599137440763384,0.27354753826409406,-0.054931259102480215
35.4,0.0021476847160153295,0.025973112044267194,0.24126820292103138,-0.03498045669326505
35.4,0.011681050817212974,0.025958475349736655,0.20052761658210091,-0.04263908455554595
35.5,0.00016756011053607042,0.025940163253362635,0.23660654903327827,-0.04586017304628713
35.5,0.011946382244496232,0.025925766002591593,0.27273836137426005,-0.04910964357618511
35.6,0.002169728459214789,0.02590765547072102,0.24400303771348172,-0.023849822066987086
35.6,0.010829254718999518,0.025892636308481914,0.20557000423744082,0.004941241018043722
35.7,0.0010867261605674403,0.02587450441574333,0.24182140568422011,0.0057797111576215615
35.7,0.008584001067386863,0.02585837423562919,0.22140956544330304,0.014842004334216934
35.8,0.00379354350819732,0.025840674580999128,0.25895078536291694,0.016542945417616
35.8,0.005469052969644272,0.025823431973444295,0.2315968976180153,0.010534401376993829
35.9,0.0069570339381775466,0.02580672562603585,0.26914576175601007,0.011817049869405426
35.9,0.01937404405551173,0.02579888186526385,0.3066861677581182,0.013219679816063912
36.0,0.009306703481242648,0.025783271039103068,0.2766735309538491,0.015583605337456875
36.0,0.006766467692017674,0.02576659376774304,0.22870247182605252,-0.015165650857485783
36.1,0.0057092136783076005,0.025749596775399893,0.2661679001794927,-0.015779758702905135
36.1,0.005968112919614582,0.025732717047927754,0.23127122894134336,-0.008308794774859482
36.2,0.006511879535691807,0.025716055477236294,0.2686476520734911,-0.008097668173224633
36.2,0.0032935859059706925,0.02569858114991581,0.23932763529948253,0.007588662788013045
36.3,0.009209611127339212,0.02568312951913642,0.276582785589703,0.009184858482326926
36.3,0.0021051251349969258,0.025665554234066894,0.2426864120650523,0.014097142703516516
36.4,0.010397776162069682,0.025650795418597036,0.2797877163926392,0.016497536428030153
36.4,0.0010206503488395093,0.025633199971933373,0.24590198099550387,0.033944578382597596
36.5,0.011609525693807105,0.025619221446619697,0.2828166524320252,0.038000903450487775
36.5,0.0009641803349749673,0.02560169289227518,0.24792108416069225,0.08128695535312579
36.6,0.012519375712819011,0.025588365452181183,0.2846113642708749,0.08886823321257219
36.6,0.0013268334676937688,0.025570928113827707,0.24699530436766817,0.07542684911043249
36.7,0.012489141282801862,0.02555764288575754,0.2834401895943586,0.082165379236678
36.7,0.0015544019132252014,0.025540291556386367,0.24563191826170347,0.06759763766001349
36.8,0.01236525463166656,0.025526986260014917,0.28179965477151575,0.07358484074653053
36.8,0.001671504088419168,0.025509713067866095,0.24406794550503433,0.060506210627083876
36.9,0.012224153816125143,0.025496377189346046,0.27992700425919365,0.0660236578671615
36.9,0.024329086797299067,0.0254948316552417,0.3156190858913703,0.07207045375843107
37.0,0.012070688268841426,0.02548144526644449,0.27783776812526834,0.05990711091985294
37.0,0.005849717414007516,0.02546513021979944,0.22783776812526835,0.02885428092897964
37.1,0.006560840675194844,0.025449082792312675,0.2593245935996455,0.03272262180315022
37.1,0.01842919663534476,0.025440925552479877,0.29427962439105565,0.037248733751545623
37.2,0.005624557446345263,0.025424636736841234,0.25454447328259044,0.03333202612180681
37.2,0.01739948575171119,0.025415550969667498,0.2890858905016962,0.03861782125815441
37.3,0.0016178827479971418,0.02539855699216742,0.2395278397014841,0.03090230679918647
37.3,0.01302277128932615,0.025386006099731327,0.27362739896304483,0.036737606946521256
37.4,0.004424094230544173,0.025369524841977856,0.22362739896304484,0.0325901450647738
37.4,0.020498308412724237,0.025363637054537404,0.17362739896304485,0.030080503046858872
37.5,0.008937817215694458,0.025348803567435952,0.20406678862627609,0.03692384265999789
37.5,0.016716751067557264,0.025339252018671068,0.17929619221517806,0.036339835816871786
37.6,0.005302318703725119,0.025323115239309375,0.21217030340545578,0.04433911728281274
37.6,0.006118526971029814,0.025307256039555723,0.2447784729107083,0.0532622443592565
37.7,0.0012635793802051672,0.02529048809004622,0.2279980080902221,0.0932225947049524
37.7,0.012251078004264436,0.02527764936121574,0.26004705531120687,0.10576464086224517
37.8,0.0009728804077802033,0.02526092846307769,0.21562004594341314,0.09146629145378747
37.8,0.011093381287965122,0.025247439907804276,0.24612794991329123,0.10382763545913443
37.9,0.003264730355206204,0.02523103743327798,0.20213593796433213,0.0783139786524231
37.9,0.01686216324327753,0.025221826068878652,0.1592884672111014,0.057650916607744046
38.0,0.006465382407130994,0.025206297912705837,0.18896433650756875,0.06867968450475069
38.0,0.00411520426604988,0.02519015165862881,0.21834749734954953,0.08077757459143446
38.1,0.0036644821619774555,0.025173946006169828,0.18718477775837583,0.06451856077057401
38.1,0.006401122835986551,0.025158490936541104,0.21506625169963223,0.07682233365845285
38.2,0.004150028895486446,0.025142447865097475,0.18223550364620372,0.05200204795140298
38.2,0.015972217138894948,0.02513263194777959,0.14479912095668968,0.044356502862291564
38.3,0.006401691683866341,0.025117266455595155,0.1718207549807079,0.057030789556117456
38.3,0.013687498646635887,0.02510573747224179,0.14151401261317073,0.05588035686158574
38.4,0.0046289179158630275,0.02508992266587952,0.16708417763590813,0.069693204999693
38.4,0.00954429255609318,0.02507594791393099,0.1505574978670114,0.07758419521754487
38.5,0.0008705641296857066,0.025059658016512814,0.17555751448707466,0.09329765868869101
38.5,0.006588194234475093,0.02504450563094743,0.14959246800164638,0.07530226552618831
38.6,0.0019544095841916164,0.025028357760761375,0.17320065659785439,0.09133040490157546
38.6,0.0048082528687976725,0.025012741079265922,0.15159729079646797,0.0823296958694827
38.7,0.0035187464700455156,0.02499687723210957,0.17465772755185419,0.09965603612451548
38.7,0.0038027151452715707,0.02498109810505363,0.14509459751993026,0.08501757004723506
38.8,0.0040387260101407375,0.024965397589188327,0.16682378291384511,0.10284279863805706
38.8,0.0029848765448116936,0.024949536542948084,0.14430723251467245,0.0979962663969923
38.9,0.004389893637667898,0.02493397368989638,0.1587143882949297,0.11208700278534325
38.9,0.0028687781150040404,0.024918156393699504,0.135569472417398,0.10561069709334309
39.0,0.004351694773944158,0.024902645675025516,0.15551690539412125,0.1254812101920921
39.0,0.011427026490353216,0.024890040466047904,0.17521319014271106,0.1464586581974021
39.1,0.0047305746344417955,0.02487467659971717,0.14786238157509526,0.13599150551538103
39.1,0.01136989354227402,0.02486209180173576,0.166349505623571,0.15741855811628208
39.2,0.0018988415308041128,0.024846303220273012,0.13631880615415698,0.13149233548348901
39.2,0.008720493392050714,0.02483240545188112,0.09775912758643475,0.1055205907656872
39.3,0.002596473487111543,0.02481675662398922,0.1148782493893337,0.1270615022975053
39.3,0.0070057760913165585,0.02480222372720534,0.1001840249472527,0.10855098310593853
39.4,0.0013341007808520908,0.024786506890360407,0.11078827831431157,0.12435125135847008
39.4,0.004493927180505141,0.02477129172953725,0.12660130160800517,0.1470401423960279
39.5,0.0006047587245311371,0.024755598211221308,0.11285149047034379,0.13243971455249606
39.5,0.006133178959725897,0.024740887442760994,0.08723748253947591,0.10182955852889297
39.6,0.0010183352280222792,0.024725270015012357,0.10182773071118977,0.12488470306300598
39.6,0.005332730219604229,0.024710382256198316,0.08230445430042879,0.10736327684662905
39.7,0.0006601471874107465,0.024694808151455194,0.09590622312825989,0.1305138485047848
39.7,0.004440858889408936,0.024679755572652885,0.10934263532989567,0.15459178633942075
39.8,0.008894748248682173,0.02466624619656161,0.06358213798223428,0.09347870709527475
39.8,0.004426687431122567,0.024651246775475665,0.07609067527120643,0.11698998296903257
39.9,0.0005953502128115914,0.02463578592424467,0.08845083806707481,0.14138971658343505
39.9,0.004250188412848064,0.024620804840708575,0.09525317548742623,0.15719515291042788
40.0,0.0006052871760965131,0.024605402072642515,0.08143131617913976,0.14268014475645963
40.0,0.004604563309119899,0.024590557769122272,0.06724443095159474,0.13465057802194114
40.1,0.0008465640441416151,0.02457522126776159,0.07845910895950281,0.16020561067370626
40.1,0.003547444892717359,0.024560214724695842,0.06423291977983663,0.12093555585170473
40.2,0.006118999044584651,0.02454586700296268,0.055686677944922144,0.11281780502731034
40.2,0.0024919525056601856,0.02453075483953227,0.06596127205629244,0.13841424538483474
40.3,0.004994520109510982,0.024516145608137124,0.05319725681111738,0.12100863998698272
40.3,0.0017031189290092417,0.02450100580239043,0.06268394504020425,0.14610309745595726
40.4,0.0019195969992772983,0.024485914035536283,0.07206747365178394,0.17193857767354429
40.4,0.0016219742264834318,0.024470823697025707,0.05741047578965544,0.1548645392321327
40.5,0.0017763999813215094,0.024455774650405934,0.066047009411935,0.17997979461291286
40.5,0.004726822813948897,0.024441238125041294,0.07459329752990705,0.2057687328902052
40.6,0.001982646577329411,0.02442626411270101,0.06550109870425233,0.19102342528018829
40.6,0.0026502790773598743,0.02441139585254775,0.0477976439014295,0.15036963545464566
40.7,0.0008603209889604464,0.024396396732957706,0.05556201985491042,0.17560743450824617
40.7,0.0023858248652304103,0.02438155003049196,0.047636772786914555,0.157806611704244
40.8,0.0009501565248202184,0.02436661016361315,0.05525419729117885,0.1841338938748279
40.8,0.0018249501680794216,0.02435175886716658,0.04853595114649892,0.16932849844770273
40.9,0.0012167614077156883,0.024336888376932223,0.05150403305720049,0.18235978772781505
40.9,0.0017780690882463791,0.02432208743274695,0.04394054640555106,0.1633831174721866
41.0,0.0012716079442730446,0.02430727486040995,0.05076803457379929,0.18955665512961473
41.0,0.0015302805989495958,0.024292507609417965,0.044072888234076506,0.17254015926540894
41.1,0.0015055803536938926,0.02427776550162183,0.050778179677981615,0.1997658235291302
41.1,0.0014405950715415214,0.024263045538299565,0.03994720241533409,0.16609113127024572
41.2,0.0014734404374324634,0.024248354841291536,0.0460386911507826,0.19181383342711059
41.2,0.0033778596268355366,0.02423392226333649,0.05207668921095001,0.21805774401983624
41.3,0.0017040218280814775,0.024219303246017572,0.04614968538073087,0.2056066498834475
41.3,0.003613582170871288,0.024204964771906187,0.05208668377462501,0.2328240055847343
41.4,0.0013251837899860208,0.02419037003748672,0.04372295947723659,0.20328251811132855
41.4,0.002762352960365362,0.024175948509965146,0.029899232974502588,0.15245878867383483
41.5,0.0012965856765802415,0.024161404683539608,0.035220247764618115,0.17824818147665522
41.5,0.002413929023799517,0.024146990605254808,0.03051218549546384,0.171581130541361
41.6,0.0011714867562411964,0.02413249157350508,0.03575160320614436,0.19825007011493917
41.6,0.0019173091146373108,0.024118076112497975,0.04094861682798357,0.22539708754396073
41.7,0.0012246119856748553,0.024103632474472815,0.037061017278835366,0.20804447851130825
41.7,0.0024405901002277556,0.024089325762846763,0.04217940180102491,0.23608586640463622
41.8,0.0013607884634920595,0.024074942752959846,0.036403559712258025,0.22968791727298654
41.8,0.0024537021889648285,0.024060689213556384,0.0258577836181086,0.18321690163339457
41.9,0.0014718302273920884,0.02404636556230617,0.03041096768010202,0.20946261363750743
41.9,0.0019739226777438766,0.024032110543572252,0.02753254143925488,0.19375030401295987
42.0,0.0015086565777208355,0.024017840870811623,0.03202410243917739,0.22076440993597457
42.0,0.0017479463272559806,0.02400361604496378,0.028489379908683804,0.19753969992876186
42.1,0.0016882720207556747,0.023989411560896283,0.03292129725745779,0.22532801268506852
42.1,0.0016673869605608696,0.023975230695163875,0.02894080087829066,0.2010632883687119
42.2,0.0018520353867000224,0.023961091196616574,0.033314462039494216,0.22963875459772723
42.2,0.001649776699544191,0.023946959363240507,0.029105645353054342,0.20520710404479578
42.3,0.001977161533147657,0.023932882020430472,0.03342241725170089,0.23458216230736237
42.3,0.0016594775260235534,0.023918801154903944,0.029086686728879686,0.20988665664836734
42.4,0.002067680744634902,0.02390478284464326,0.03334801940402678,0.24007175567081385
42.4,0.0016804132842793884,0.02389075357675152,0.028953415146805786,0.21497023896253614
42.5,0.0021333358690863256,0.023876791748930534,0.033160848274827265,0.2459735271513646
42.5,0.0017213535341118837,0.0238628154855377,0.025210231312785228,0.1960357106157932
42.6,0.0020032457354055744,0.02384888977345253,0.028945641804528806,0.22415974706438518
42.6,0.0017288683330949255,0.023834963430616626,0.026157730942114474,0.21254167243993677
42.7,0.002256521242676056,0.023821113373558432,0.02985106113521481,0.24133389864054286
42.7,0.0018577203082689527,0.023807247372682687,0.026221781494445803,0.21298522444244
42.8,0.0024104603929044105,0.023793463738899616,0.029875797473348183,0.2424309229102211
42.8,0.001873117574347352,0.0237796478092828,0.02576087376374772,0.21546274628773018
42.9,0.002382042681814407,0.023765909281072556,0.02937668616538679,0.2455636921733187
42.9,0.0018900359319081533,0.023752143289531985,0.025324575363671706,0.21868967237911713
43.0,0.002200775547085967,0.023738432563697696,0.02138726557708414,0.19134257322383508
43.0,0.0019094764665132972,0.023724716486154828,0.024950835214457717,0.2223967951847059
43.1,0.0023480837326192907,0.02371107009815474,0.028494216757632876,0.25379719002276324
43.1,0.0019206521402830583,0.02369740288034132,0.024750393997791848,0.219193653155603
43.2,0.002211653940908392,0.023683788893573227,0.02096751163143022,0.1757361466648126
43.2,0.0019315921678989814,0.023670170248368802,0.024464873639990812,0.20805039149395047
43.3,0.002348085538196807,0.023656618831806087,0.027943671956468567,0.24070070346743735
43.3,0.0019315761582517706,0.023643047442113204,0.02418799846817666,0.20148115717135437
43.4,0.0023317118926814576,0.023629541225305518,0.027636739437745722,0.23473805764065003
43.4,0.0019244871007874675,0.023616016154639714,0.02392867735922647,0.19866586166757894
43.5,0.002312464514157729,0.02360255456123561,0.02734864529394289,0.23251558404065426
43.5,0.003127894464445201,0.023589224340104686,0.030751704328365066,0.26668005799552935
43.6,0.0022932212292966457,0.02357580704017121,0.02708026609717572,0.23263972003295127
43.6,0.0019575295532038997,0.023562378174983366,0.021834877647326906,0.17976210572309628
43.7,0.0020256486323473205,0.02354897904217682,0.02520336002807096,0.21472552936673786
43.7,0.0019521956687509159,0.02353559586670235,0.0217181552061597,0.19119840569718466
43.8,0.0020354876038064366,0.02352224376172184,0.02506188117468837,0.22669567731652104
43.8,0.0019100111718476694,0.02350890256369292,0.021991635602890684,0.1975064126584347
43.9,0.0020788578291745974,0.02349560058361347,0.025312785030656326,0.23350441803100075
43.9,0.0018827343588149682,0.02348230255245367,0.022172316433527055,0.20229831712842955
44.0,0.002115395587334886,0.023469049815093995,0.02547284583801707,0.23876321204871592
44.0,0.0018604389765996118,0.02345579518066722,0.022254077057421235,0.20628330999851746
44.1,0.002171518515138253,0.02344259353262696,0.01899274124817328,0.1725875670231114
44.1,0.0018425768577302888,0.023429382458684363,0.022268710832096677,0.20966022250483068
44.2,0.002146170281064038,0.023416223163115826,0.025533839706580744,0.24694682456367045
44.2,0.002885152163532144,0.02340317612409016,0.028788112016846033,0.2844366984270712
44.3,0.0023845848904845424,0.023390087601318128,0.017499539045952875,0.17528378611993173
44.3,0.0018645403062516916,0.023376967976165904,0.0207463047479522,0.2130528131232372
44.4,0.0019339545959510152,0.02336387695234175,0.023984126886628862,0.2509920459928291
44.4,0.001850440030703295,0.02335080047740716,0.020600986455302304,0.22804725766079936
44.5,0.0022609917384036633,0.023337786797600638,0.017771962276229014,0.18899396414270847
44.5,0.0018146508517506929,0.02332475131045664,0.020996645007682942,0.22728468179746503
44.6,0.0019741510771767736,0.02331175236623447,0.024214187787641474,0.26569728224884476
44.6,0.0017914840552683763,0.02329875879062379,0.021300195444510568,0.2260605212842433
44.7,0.002021901593663511,0.02328580821760367,0.024511354424774846,0.26462992915584543
44.7,0.0027122444093250564,0.023272957973883873,0.027716387282096508,0.30328272928160255
44.8,0.002052148304538403,0.023260053834998427,0.024700860488407538,0.2641982950045357
44.8,0.0027659537199905817,0.023247253916752027,0.027902511861980568,0.30293055596680957
44.9,0.0018666382225794584,0.023234375560208697,0.023451711640791684,0.244645336224936
44.9,0.001963815358639919,0.023221527692831905,0.01879153543637903,0.204597696641161
45.0,0.0017408822443727285,0.023208681527550113,0.021997243996986268,0.24331417879095252
45.0,0.001809411952940786,0.023195862645832375,0.01965388774649783,0.23485947419375863
45.1,0.0017681667300166685,0.02318306162225854,0.022858701613064657,0.273542158239691
45.1,0.0017479320333649996,0.023170280231457886,0.02034325558737703,0.2512851886010078
45.2,0.0018535824410286918,0.02315752921635052,0.023550256260946794,0.28987295907089977
45.2,0.0024818142514096975,0.023144864497223014,0.02675591248529576,0.32841229422434276
45.3,0.0019322475615276972,0.02313216291756106,0.02403444388402016,0.30080273457722617
45.3,0.0018089096032030101,0.02311947140715009,0.01994335068672241,0.25650127601799766
45.4,0.0018382430080575059,0.02310680348694753,0.023163328649871202,0.29472876883920995
45.4,0.002414996780965922,0.023094215035188652,0.026383930469813424,0.33285772659452767
45.5,0.0018535186756621872,0.02308159032293131,0.023213126192537976,0.30393324526543597
45.5,0.0019780279991492506,0.023068997833621794,0.018933241555023777,0.2571743875817653
45.6,0.0018079923842494348,0.023056410810486795,0.022174574688035364,0.294844612009247
45.6,0.00197333469222466,0.023043859412485553,0.019144813093396773,0.2677401520593437
45.7,0.0018405251873302992,0.023031316647552248,0.022398711848736395,0.30507047801721543
45.7,0.0019038663973831357,0.023018800152945388,0.020067770918738872,0.2715185418245487
45.8,0.002307699430853735,0.023006344626368393,0.01752480881701986,0.23638394789467665
45.8,0.001884347886169372,0.022993867440532605,0.020805723917139814,0.27309823008192385
45.9,0.0020417643611178662,0.022981425379190467,0.02409197828032697,0.30961726006403806
45.9,0.00189201281629925,0.02296898973798203,0.021346758638927585,0.27325665510844216
46.0,0.0021308402761067925,0.022956597215882647,0.024652208158359813,0.3093134428222254
46.0,0.001910199720867195,0.022944203842785053,0.02175190381010661,0.2723388464033458
46.1,0.0022016002146052786,0.02293185907213528,0.025078446710547528,0.3079002028488823
46.1,0.0029147602498715637,0.022919620786039797,0.028412173367882695,0.3432255807919202
46.2,0.002257383854586073,0.02290732209731692,0.025418948125814494,0.30562884039499727
46.2,0.0020266387696925917,0.022895020080329717,0.020859816618258413,0.2635743058083829
46.3,0.002121851194789493,0.02288274740050838,0.02423445499850214,0.2980559570280844
46.3,0.002720578621010022,0.02287056311344745,0.027618167645231104,0.3322762846608195
46.4,0.0021385683087132555,0.022858331908069726,0.024400952348180564,0.2914598637387238
46.4,0.002138579929940341,0.022846120537113244,0.020457317748159065,0.23829722893026042
46.5,0.002110331711735171,0.02283392611692391,0.02388824107257211,0.2715971375246239
46.5,0.002139730815428907,0.02282175436993824,0.021102599269726335,0.23650522105718255
46.6,0.0021991760276068,0.02280960836936892,0.024562954306158333,0.26919526275750727
46.6,0.002119773725247803,0.022797473912777543,0.021895157501530097,0.23849669344031021
46.7,0.0022901076223125227,0.02278537669328078,0.025386084142916446,0.2705659877598677
46.7,0.0029401831244570526,0.022773378898081686,0.028889671508264752,0.30234227149992965
46.8,0.002372021115769094,0.022761329552790036,0.0260501947617324,0.27036350283626825
46.8,0.002189144867563519,0.022749280005754047,0.02173529056650044,0.22469309382577574
46.9,0.0022717882928417208,0.02273725846513769,0.025293331279740462,0.25548010090266593
46.9,0.002175716847814322,0.022725246195455143,0.022009780176544046,0.22533244544214284
47.0,0.0022765634872242775,0.022713263704546682,0.025602719804104612,0.255474365504343
47.0,0.002165224608530555,0.022701288816047667,0.022765071351683756,0.22531606932708376
47.1,0.002363846790475342,0.02268935414567845,0.02639426731025405,0.2548098958750197
47.1,0.0021711968535394295,0.02267741810416204,0.023405677084596004,0.2239563519427023
47.2,0.0024439907018257855,0.022665530564070332,0.027072495903063872,0.25280057424329144
47.2,0.002166412512156233,0.022653632069700138,0.02391423544453974,0.2208565950612657
47.3,0.0024906689414245847,0.02264178781263391,0.02762002615787316,0.2490511990364806
47.3,0.0032649669861976242,0.022630066503546716,0.03134280451368228,0.2769450660998087
47.4,0.002565204978033024,0.022618268660194816,0.02810426832414156,0.24573456345698455
47.4,0.003361014493672255,0.022606599600054855,0.03186775086998404,0.2729849117655235
47.5,0.0024870510134372974,0.02259482994602781,0.02764152368537745,0.2290894122800695
47.5,0.0032187312061115977,0.022583176252425438,0.03144811910176873,0.25569116211388593
47.6,0.0022947268958725827,0.0225714224029539,0.025925474654365087,0.20894251982842077
47.6,0.0027087247328486867,0.022559735366293108,0.02046251367597814,0.16579521931432514
47.7,0.0022807796358647377,0.022548017134261394,0.0243385809481538,0.19140466122143648
47.7,0.00249880038013539,0.022536341628811025,0.028234490113516652,0.21672575845189168
47.8,0.0033823660224050465,0.02252480532566411,0.017834054973390925,0.13959674613773318
47.8,0.002587198298980484,0.02251317698948742,0.021778118586960774,0.16426191694653974
47.9,0.0022831590104730386,0.02250153258210158,0.025743037943702852,0.18864560996709406
47.9,0.0027375910139802364,0.02248995942290742,0.03326669676902488,0.23677837514097103
48.0,0.0023857823929753167,0.022478362652730156,0.031161181937543796,0.21539028295920984
48.0,0.0031628090170356415,0.02246688402356247,0.03569907814532961,0.2413477068048357
48.1,0.002397269409382184,0.022455324811799834,0.03147216248605334,0.20788207479077228
48.1,0.0025256779373258975,0.0224437983360948,0.02637419432829299,0.1834509324580341
48.2,0.002342071018940728,0.02243226920829076,0.031004539092046052,0.2083032265868876
48.2,0.003012505550836349,0.02242084113669843,0.03566260069829874,0.2328372828481711
48.3,0.0024953827105855227,0.022409365085002266,0.036289505797009895,0.22930309327984028
48.3,0.002386892896968624,0.022397894691059444,0.03148526083026745,0.19302476493173926
48.4,0.0024967721210603527,0.022386454556028605,0.036776549928213095,0.2186266038910593
48.4,0.0023497530040500043,0.022375015777682063,0.032445175928283186,0.19012095085894937
48.5,0.002579759392379566,0.022363620936686184,0.037813740353067976,0.21493042823983835
48.5,0.002317645221063176,0.022352214196364774,0.033679109803586495,0.18852531193939429
48.6,0.002819632561933152,0.022340884584548887,0.042998116839555386,0.23248820611575424
48.6,0.002323322264184792,0.022329513752284678,0.03915683217698623,0.20774686898573982
48.7,0.0031778418039345516,0.022318268753940076,0.04525031861503106,0.23293091416431685
48.7,0.00235750874818104,0.022306936697387994,0.04016678505415942,0.20311584753419612
48.8,0.0033041081439775717,0.022295745412385222,0.04635715031116816,0.22745286740081022
48.8,0.0024019323654409152,0.022284453114223786,0.04479028343231761,0.2152344632743892
48.9,0.0035872160407077517,0.022273341334226256,0.05166652454468043,0.2404900716313392
48.9,0.0024466041345098293,0.022262088698667803,0.045835678367828155,0.2056088610566776
49.0,0.00370386337017518,0.022251030867081644,0.05282981797700992,0.22994369052326988
49.0,0.005610660534705735,0.022240397567743188,0.059878469050073255,0.253909993266608
49.1,0.0033484297092602516,0.02222931617774699,0.04185904002982018,0.17568425209736535
49.1,0.0024314579174857065,0.02221813038904711,0.049655671604128995,0.20014985363391505
49.2,0.003582774547379523,0.022207120340772088,0.0575176842707997,0.22423069175635332
49.2,0.002424256144315663,0.02219596790894516,0.04990046857213089,0.19132288266403294
49.3,0.0033572125653431673,0.022184955949601976,0.04745194013102678,0.17850216307590136
49.3,0.002470689138785239,0.022173842719442338,0.05617584024757091,0.20251383692798627
49.4,0.004019232918634068,0.02216297616816767,0.06497629465641946,0.22614932455498762
49.4,0.0025513682896712822,0.02215190596086727,0.057993720044400336,0.1947180735289961
49.5,0.0044425106379962,0.022141154630222884,0.07150844476896978,0.23173764863445784
49.5,0.007183405709856758,0.022131147018366774,0.08122436202195636,0.25537593411361575
49.6,0.0047824231813606,0.022120499809976105,0.07392201566554267,0.22575883975192923
49.6,0.0076179895954547215,0.022110670523756665,0.08382497571503919,0.24844495184994084
49.7,0.004347530024741134,0.022099965095445203,0.07768361472471491,0.21315201517314591
49.7,0.007372396226417213,0.022090083316526052,0.08848494721781136,0.23597911577924524
49.8,0.0032699557632696985,0.022079223341708268,0.07477362210705976,0.19035242150962184
49.8,0.006094685627198653,0.0220689815768745,0.08579049321201522,0.2121302961546116
49.9,0.0025838627864781184,0.022058062898006273,0.07630955462068059,0.16570111635399218
49.9,0.005087235070615501,0.022047597089739517,0.08828387823241457,0.18738744202665222
50.0,0.0024308996438224925,0.022036693706162114,0.07509629993313395,0.14636158840545116
50.0,0.004320451312957955,0.022026096338871613,0.08730947471468312,0.16701343081819037
50.1,0.0025775099511632436,0.022015242278798742,0.07859300724884816,0.14636166805300896
50.1,0.005711555918236217,0.022004993657487766,0.06701881248670141,0.12861764439099313
50.2,0.002507089706651462,0.021994163797089596,0.08037502792975065,0.14864512312053488
50.2,0.004635582459445582,0.021983694597784736,0.07225416013021865,0.1317214677300142
50.3,0.0022358640803478644,0.021972867904526742,0.09125123912069005,0.16102465043325132
50.3,0.005404935320586885,0.02196260539374285,0.10579746599153418,0.18088502805819648
50.4,0.003255729314015575,0.02195193747160861,0.09924376772918059,0.16371304589106603
50.4,0.003088450040435992,0.02194126155270419,0.09116290561826826,0.14202296003596934
50.5,0.0034607598121164044,0.021930656709669896,0.10697331697862904,0.1611399411463858
50.5,0.007980522353371412,0.021921235596722377,0.12293275184831332,0.18012163616749616
50.6,0.004375953489232354,0.02191082377667532,0.11268597455283832,0.1508744908157241
50.6,0.009200655774029348,0.021901905290617533,0.12895153088057976,0.1689989955503152
50.7,0.0035771907300180044,0.021891380723184927,0.11724210825652684,0.13911928105280438
50.7,0.004561370769742704,0.02188105237140089,0.09670428073989652,0.10574043672801009
50.8,0.0021862943768484956,0.02187037853455535,0.11431950510430007,0.12270424901497179
50.8,0.007068786234350073,0.021860737799264382,0.13209207931321648,0.13961452909327088
50.9,0.0029375068629218285,0.021850181654555573,0.12531524078374814,0.13502524757104792
50.9,0.004024314066121586,0.021839811318795307,0.10806087002765259,0.10828121684528014
51.0,0.002752184775635763,0.02182926265273901,0.12723588129394384,0.12445994070877284
51.0,0.0033556694673161883,0.021818812397614074,0.11247581531705689,0.10556827238237651
51.1,0.003384152984374704,0.021808381931062017,0.13198585097307985,0.1211127787922463
51.1,0.009624714754379465,0.02179978889906246,0.15807272193087168,0.1434294851986474
51.2,0.004997362597124934,0.021789691644545913,0.14524716744087857,0.12812606763114864
51.2,0.0034422715383837154,0.02177931520331865,0.12244640657413391,0.1025695331831914
51.3,0.0036667958778241992,0.021768989844359633,0.14358118988395627,0.1173711824857041
51.3,0.002755955010429746,0.02175854870208046,0.12689901303605455,0.11088172321047093
51.4,0.0046524274524002976,0.0217484374123167,0.15508796420791712,0.13139718911799347
51.4,0.0012176165176028448,0.02173788997753061,0.14095209591483412,0.10387535330538006
51.5,0.006630869002846843,0.02172830806635658,0.16374903412113428,0.11815704282649518
51.5,0.0010108617687063961,0.02171778062288742,0.14675762501732018,0.09842545667694245
51.6,0.007817261802500121,0.02170861090023311,0.16989450037292908,0.11216929481676498
51.6,0.0010112439610681194,0.021698113447175316,0.14980970557514428,0.09233547043514789
51.7,0.008122093024101837,0.021689080671136365,0.17327397907089936,0.10555273938772558
51.7,0.0014004288415982807,0.021678633930278624,0.16021229514080307,0.08236199176278175
51.8,0.00914221534384046,0.021670021968364827,0.18502645516837482,0.09524003085699888
51.8,0.0014954058758445414,0.021659610767116512,0.1631664946190159,0.08228231698234154
51.9,0.009413334107487644,0.02165113825828694,0.18830265544049965,0.09487032149901795
51.9,0.0014808389778642758,0.02164075529871626,0.1656066516053266,0.08277048423011273
52.0,0.009542749857666774,0.02163236446815467,0.19104917954778108,0.09511778182740958
52.0,0.017691074774214676,0.021628919722938872,0.21663600260792976,0.1077799067750953
52.1,0.0093995046599217,0.021620491529815322,0.19287396659021916,0.09711150081938183
52.1,0.017660019036877847,0.021617038538155456,0.21874276269160564,0.10963722595865515
52.2,0.006563669762814275,0.021607628971221815,0.19313059121160966,0.10381726454093863
52.2,0.005543845485557072,0.02159795954204103,0.1579273726710868,0.08459987767892115
52.3,0.003211480843167518,0.02158785170670244,0.18528085549864956,0.09672372410928062
52.3,0.012020301688934684,0.021580730625780257,0.2127618279834083,0.10925768278033181
52.4,0.015733506637016555,0.021575901927520885,0.16276182798340832,0.06608980574714597
52.4,0.006822340601628423,0.021566635307291138,0.1582651431386125,0.07718223019550564
52.5,0.0021408540004071207,0.021556454582475456,0.1861153402640438,0.08868998838564139
52.5,0.011147564639666948,0.021548933424890313,0.2140740839491722,0.10062688044177627
52.6,0.0030669235684572353,0.02153888710703852,0.1907311160523049,0.08529842062520761
52.6,0.01216306484552614,0.021531913367260534,0.21889918908704253,0.09699792472496109
52.7,0.0014758115231063415,0.02152173491199446,0.18767458587993088,0.07804124210685585
52.7,0.010800223512954696,0.021514095096245828,0.15166510465606442,0.0602838386098252
52.8,0.0015828865007084206,0.021503951645704466,0.18011509484675475,0.07067865927869196
52.8,0.007685473193661584,0.021495068571597532,0.2086444978920856,0.08152316862800955
52.9,0.019095988814083482,0.021492925420039697,0.15864449789208562,0.0547796513408475
52.9,0.009409933513533435,0.02148471349599913,0.16589806850913955,0.06501391346248347
53.0,0.0003899443390452835,0.02147457057482279,0.1957647587759623,0.0757680490317469
53.0,0.007478665925272549,0.02146566775104341,0.17305202952331702,0.06367150862060783
53.1,0.0023328199797930625,0.021455669124384256,0.20304159359440938,0.07435027855084198
53.1,0.004591671157226173,0.021446028061069648,0.18298048174717846,0.05816723042692616
53.2,0.005306280842472819,0.021436556015326725,0.21307024473306932,0.06869710005089041
53.2,0.015163896114500686,0.021431522602576712,0.24319846337005824,0.07977693973501182
53.3,0.007472764913609669,0.021422682323260504,0.220553297416971,0.0712131194643826
53.3,0.004900185122194973,0.021413157774919808,0.18404253005999557,0.05695059665242433
53.4,0.005114140433434118,0.021403693762688136,0.21426199114032143,0.06748813187894473
53.4,0.015049573644897967,0.021398626734567112,0.24449662245944964,0.07859525334260374
53.5,0.005509850954500494,0.021389279549874265,0.21609644154137903,0.07056371814751145
53.5,0.007643265036043434,0.02138055906746128,0.1771335737672441,0.05727253184826672
53.6,0.0024772668850306756,0.021370709212420933,0.2073893074580973,0.06791995661586091
53.6,0.006533737053202599,0.021361671327274484,0.18094244766770867,0.053185637990159906
53.7,0.0036081081781704914,0.021351998941182955,0.21118211447364202,0.06372315632243607
53.7,0.004368804306090086,0.021342472559217777,0.1878154573790441,0.054971029154936416
53.8,0.005792527372241187,0.021333275074289587,0.21801438918412752,0.06571137150138395
53.8,0.003027069730436752,0.02132355922280653,0.19210410920569326,0.060733546879734625
53.9,0.007174219439657262,0.021314778480806765,0.2222380106285978,0.07189433654169389
53.9,0.01718721527038631,0.02131132002200173,0.2523284501023593,0.08367665527831833
54.0,0.008449674122256204,0.021302995352074926,0.22600880622453218,0.08320668035891007
54.0,0.005034349101025009,0.021293681616074055,0.18564969137142612,0.07494011906417651
54.1,0.005060994871364156,0.021284386893173038,0.21558417911199929,0.08687129899237814
54.1,0.015057844195531571,0.021279473400799123,0.24545166695405468,0.09944488035160838
54.2,0.004837825559838105,0.021270154828569563,0.21452788735277142,0.08488098051022272
54.2,0.007803200946515459,0.021261662607083797,0.17644646051073018,0.07253601135662822
54.3,0.0022208294489123267,0.021251969295219508,0.2060942930155815,0.08440887493948812
54.3,0.007155548845579808,0.021243292251099225,0.17774162870628332,0.06783068456227616
54.4,0.00281947350938085,0.021233690686911208,0.20721279214982857,0.0795446313706694
54.4,0.005018679783534953,0.021224475680545276,0.18335910709955797,0.07331251275471846
54.5,0.004903617592385705,0.021215248898331835,0.21262831334583565,0.0854401329344841
54.5,0.0033925466656642856,0.021205763867853077,0.18729094845764085,0.07773895891795991
54.6,0.006476624869221459,0.021196950081500385,0.21633622448529716,0.09024005399230868
54.6,0.0023243963989967907,0.02118735905476113,0.18938943845212156,0.08031699700901718
54.7,0.007482929480605747,0.02117887403195639,0.21818947232512798,0.09308923873606555
54.7,0.0016274582104429526,0.021169249443538644,0.1902246339962584,0.08536563855651398
54.8,0.008111992795251611,0.021161000914992668,0.218757000644426,0.09856120716463661
54.8,0.0011862754411220955,0.02115137532299819,0.19015086240773427,0.08249314360169065
54.9,0.00848055640325217,0.021143283013206293,0.21839646771394625,0.09575224235898872
54.9,0.0005221257230907845,0.021133658605341273,0.19060207084947642,0.0861212868054108
55.0,0.009065849513978336,0.02112581155280102,0.218537728163696,0.0998524625991274
55.0,0.01861159335252294,0.021123661800202385,0.24630705685545384,0.1143746217256287
55.1,0.009283960836366898,0.021115920457975133,0.21743038582136714,0.10800415896348095
55.1,0.01874006993805271,0.021113885703389283,0.24485779699405003,0.12316734487356928
55.2,0.005505411023310029,0.02110496343796748,0.20416049206118653,0.1274057509116694
55.2,0.009654909369975212,0.021097404057843768,0.15774831194014471,0.11415602693662161
55.3,0.0006362146966017384,0.02108786424563927,0.18462876096732161,0.12987931581456835
55.3,0.009261183321495814,0.0210801681672551,0.15686376570676194,0.11512468775870924
55.4,0.0007371066529161563,0.021070656358291317,0.1833563903157092,0.13114428376441278
55.4,0.0066449479056564995,0.021062091859469445,0.16255786840183561,0.11740976973761813
55.5,0.0026523671392658914,0.021052744394345586,0.18864326363893702,0.13386469400644513
55.5,0.004646745002237055,0.02104372123612893,0.16632333895632528,0.11282050547572879
55.6,0.004532718237787685,0.021034688066425083,0.1919853695445648,0.12950194133751974
55.6,0.0028317472429362695,0.021025399383113468,0.16963155641266642,0.1211363829365962
55.7,0.006336832267088458,0.021016810231876723,0.19484848158372606,0.1386454910744568
55.7,0.0019593434492697305,0.02100745709785163,0.1703754459969675,0.12253366764964736
55.8,0.007341740926383357,0.020999185672910085,0.19513278755695604,0.14061537756681763
55.8,0.0018191003171742818,0.020989845960554074,0.16218885692841437,0.11901371045381906
55.9,0.007173494212315849,0.020981546096185178,0.18564667838324667,0.13700027065207304
55.9,0.0015234574138686726,0.02097220997218855,0.1609185611675253,0.11706025407060114
56.0,0.007489931460072493,0.020964032647087794,0.18392296742129383,0.13572473536487326
56.0,0.0015282793242314355,0.020954721373467346,0.15195602976925152,0.11494427205702762
56.1,0.0069967588903650044,0.02094641530662184,0.17370342817045617,0.13366764491487879
56.1,0.0013033633546339033,0.020937114973104094,0.1512432329399095,0.13516817685004603
56.2,0.007506248546691714,0.02092898961198745,0.17254267927592845,0.15533057620347016
56.2,0.0013485988841405074,0.020919716165103085,0.14845246146641006,0.1409781976939789
56.3,0.007073923436986536,0.020911480012458836,0.16266810408141527,0.15588272148859258
56.3,0.0016419617963579823,0.02090224948777396,0.13784810426762042,0.13907000875561304
56.4,0.0062543334492177775,0.02089380464116506,0.15750422706400508,0.16027102625440046
56.4,0.0019826649384126786,0.02088462458161445,0.1281088957071934,0.13796737032188425
56.5,0.005386156004025217,0.02087598881387711,0.1466091224665501,0.15917736510867903
56.5,0.011807098777654988,0.020869705524213255,0.16490167187079566,0.18134136781327015
56.6,0.005507034721758528,0.02086111997135781,0.1444619268537758,0.1564403835149077
56.6,0.0043006190195817575,0.020852295434005876,0.10969682607766547,0.1164787133000107
56.7,0.002472724661311227,0.02084322061173231,0.1266970505864758,0.13828704560975286
56.7,0.004087634816664334,0.020834382061967204,0.10800687541124432,0.12024584108257894
56.8,0.002360287783116334,0.020825319743246185,0.11860803040852408,0.1354957155015333
56.8,0.002758758434202215,0.020816312573892895,0.10501780928440238,0.13457284669199088
56.9,0.003614869709187187,0.020807432680709594,0.12059684514773314,0.15779456317904095
56.9,0.008670622923360518,0.020799876688802607,0.13015244471807608,0.1736608157779117
57.0,0.0038641494177434144,0.020791059190075168,0.11412361934150811,0.15529604597433241
57.0,0.003582370969206156,0.020782209146688765,0.09303455748631595,0.1403504439548627
57.1,0.0025788102525353797,0.020773240422955558,0.10728647441042248,0.16469845451740667
57.1,0.003777019833005195,0.020764444122163363,0.08547738965663013,0.14531691332542973
57.2,0.002241056093405896,0.020755464677387567,0.09877995763801417,0.16958009653433587
57.2,0.002578567481234304,0.02074653132358618,0.08800405311046453,0.15984789668256677
57.3,0.003113748773271596,0.02073767388542924,0.0955638066243748,0.17576581270819522
57.3,0.0021890817445878257,0.020728724924420544,0.08384406329492144,0.1578337442505813
57.4,0.003786203820079747,0.020719988490463276,0.09596288112025372,0.18312287889061435
57.4,0.0021078609701166225,0.02071105557439261,0.07791574646981698,0.15605034812128846
57.5,0.0036232784803186847,0.020702316923125047,0.08917858956119779,0.18095279172160442
57.5,0.00207827375014933,0.02069340470818265,0.07661249483109946,0.1525334994967892
57.6,0.0034397479094548044,0.020684661925243278,0.08250194699923012,0.1675870363984812
57.6,0.002195219142597066,0.02067578341908633,0.06985232699706684,0.13969225516919473
57.7,0.004758338802753956,0.02066729047958665,0.05941876402885491,0.13291116937472003
57.7,0.0020307982199919026,0.020658420404009444,0.06954254663115461,0.15885571161922285
57.8,0.003218497973443808,0.020649692589992445,0.07461137690827983,0.1736901776463777
57.8,0.0021485581743006755,0.020640855863788866,0.06315993309299728,0.15805482114162248
57.9,0.0029772698694316125,0.02063211961146659,0.07242013993847896,0.18406817318901753
57.9,0.0021091806840236767,0.020623302311915236,0.05862650830230858,0.17689624161292808
58.0,0.003068455109065166,0.020614600407165354,0.06715445923404674,0.20217476640566576
58.0,0.005699114762458976,0.02060639229784189,0.07559737907924396,0.22808948359813683
58.1,0.0031209037049398725,0.020597719619434723,0.06613937207164405,0.20842873602173706
58.1,0.0028307178058407105,0.020589022130077093,0.0529714187832778,0.184838092191443
58.2,0.002300966018747526,0.020580279141671345,0.056576754202270124,0.19841238943622894
58.2,0.003027438632806739,0.020571628298061032,0.04727592703087778,0.16825983793860164
58.3,0.002257344091946905,0.020562903732188807,0.05481467344491007,0.19455943264542003
58.3,0.0038998221261066267,0.020554401421394315,0.062281066888649796,0.22147565222654245
58.4,0.0053006760751495565,0.020546178938933388,0.033941037690683865,0.13174582127891798
58.4,0.003273243558606042,0.02053760492672622,0.040770911134083515,0.15720572091355028
58.5,0.002237332037961639,0.020528923077254953,0.0475401096480762,0.1832173472115136
58.5,0.0028851125242034263,0.02052032150921116,0.041690665412252095,0.16160546424054126
58.6,0.0022988642236980855,0.02051166777040428,0.048344950617072745,0.1886070005185402
58.6,0.0027156248813719817,0.02050306864071096,0.038158106769848515,0.15699891351786327
58.7,0.0023495023928264106,0.02049444200373483,0.0442059707176628,0.18249757531682356
58.7,0.0023563823213063793,0.020485827112571946,0.04047699656719414,0.16602893329864601
58.8,0.0027965533987777892,0.020477270404237292,0.046429121964723534,0.1924332326831055
58.8,0.0023373775315433786,0.02046867571344305,0.04162647006655677,0.17824290610077273
58.9,0.003181808920888134,0.020460188792219884,0.047483668937591206,0.2055920493670262
58.9,0.0023568744154517296,0.02045161794232374,0.04101125564181526,0.18677135824170038
59.0,0.003065155289908455,0.02044313771409489,0.04272457282548805,0.19693090414180364
59.0,0.0023931121232829895,0.020434592285893564,0.03574490382800777,0.17370469035618635
59.1,0.0032051339699152846,0.020426151985642134,0.029950877618842894,0.15305309958698754
59.1,0.002408486180106498,0.02041762983439911,0.03512556561038237,0.17982538982802537
59.2,0.002815204988563254,0.020409162539245417,0.04026030738219337,0.2070646012837782
59.2,0.0024199939318198856,0.020400663212718717,0.034893022097526476,0.18723063604693851
59.3,0.0028721089184405575,0.020392224204335566,0.03995360303364344,0.2153402141324931
59.3,0.0024377656560993126,0.020383748242059616,0.0346185148715644,0.19449209414559004
59.4,0.0028322328428796607,0.020375326021117798,0.03577766016745774,0.20306662463756692
59.4,0.0024936702151232316,0.02036687724343686,0.030005685002985186,0.17805086683776014
59.5,0.0027144718598327605,0.020358462933464643,0.03447961491869578,0.20473746766252315
59.5,0.002506660030173373,0.02035003689252464,0.02969630315204149,0.18330133703018564
59.6,0.0027364424769204462,0.020341646383982663,0.034112838879248486,0.2107413439042453
59.6,0.0025116768048051887,0.020333242165452826,0.02969489881443641,0.19008417483549053
59.7,0.002806478999947007,0.02032488089887858,0.03405509828685833,0.21829344488977967
59.7,0.002525749211206122,0.02031649935118091,0.029611231712303607,0.19669466740343933
59.8,0.0028655902492168007,0.020308166129534407,0.0339163895944572,0.22568564234972582
59.8,0.002545018974326683,0.02029980771029366,0.02944314431391026,0.2031020998921558
59.9,0.0029113824052741572,0.02029150097332088,0.033694635130716064,0.2328856410462637
59.9,0.003857042865996162,0.02028333641434418,0.03791686637991911,0.2630994468096859
60.0,0.0030535737047159214,0.0202750679928832,0.033802276498465,0.2440476588974104
60.0,0.004012875924677526,0.020266949353777833,0.03797240842927014,0.27507085048400715
60.1,0.0027385726485288134,0.020258664188353454,0.028258197020541536,0.21608079973823088
60.1,0.0033783130053738767,0.020250469810478847,0.03196249475255273,0.24420758575850832
60.2,0.0026482480992989907,0.020242195407581733,0.024586867622974438,0.20035643285321095
60.2,0.003210243971566848,0.020233998948547417,0.019931550798669116,0.1708225599633722
60.3,0.002713199225181461,0.020225752378819142,0.023582163676494048,0.19987644252504672
60.3,0.0027671157882324503,0.020217522188946204,0.027211815714749274,0.22927754270464173
60.4,0.0026689313706260076,0.02020929135260236,0.025676063959449325,0.21784252903937257
60.4,0.0028433530562534722,0.020201090497920817,0.022433541974482465,0.1959129286069286
60.5,0.0027775543926858983,0.020192892312510362,0.026009682993999615,0.22627648556686547
60.5,0.002803474820978316,0.02018470731785713,0.023175633909787247,0.21547884550818172
60.6,0.0028861623552045162,0.020176542156056618,0.02671579813082299,0.24649779094130253
60.6,0.0028080640482497465,0.020168378074171555,0.02350561666462727,0.22177110975256573
60.7,0.0029682828279510892,0.020160243077888346,0.027012332189688414,0.2534285552335074
60.7,0.0028235767161438386,0.020152101078610565,0.023650171847845892,0.2267309639616592
60.8,0.0030309681202402823,0.020143994003608223,0.027124987640139594,0.25901717133069446
60.8,0.0036490545527356807,0.02013598131905041,0.030581400226696333,0.29163598895728315
60.9,0.0030787092790211957,0.020127900297647272,0.027125510896906978,0.2644097748145237
60.9,0.0028849885241727185,0.020119805736188753,0.024871942234024245,0.24008738469491095
61.0,0.0028912786952713467,0.02011172194651976,0.02208004664767917,0.21606110652921856
61.0,0.0029470650019341764,0.020103654806178563,0.025483840903481297,0.24984643411946425
61.1,0.003435428023626269,0.02009566116571716,0.028871212321283778,0.28394488968436954
61.1,0.0030211912619499477,0.02008762295668145,0.025331140707846814,0.2523232285254806
61.2,0.0034994314815954626,0.020079658175365674,0.028693086827298788,0.2869847103232549
61.2,0.0029974976588847723,0.020071636887441614,0.024638508395721244,0.2548111609686934
61.3,0.0034182790939626846,0.020063680416394274,0.027976698612907847,0.29001277883404697
61.3,0.00298905269178372,0.02005567785125149,0.02406896657282102,0.25769784375025695
61.4,0.0033630485056995473,0.0200477334322195,0.02738508838766842,0.29341316658358385
61.4,0.003089363631966412,0.02003976293032023,0.024150352075271938,0.26985310247381167
61.5,0.0034796207388542596,0.020031854300552335,0.027445226018493616,0.3060578246993142
61.5,0.0031083076841544833,0.020023905754615618,0.023778436855222542,0.2734304143787658
61.6,0.0034704804280857923,0.020016015323887897,0.027054753014850268,0.31008610460711883
61.6,0.0031167817034829814,0.020008087338420095,0.023396820603447888,0.2742968841015146
61.7,0.0034493677472384335,0.020000213355597804,0.02665671748026631,0.3113656784512454
61.7,0.0031297093518379265,0.019992306418008345,0.0230989392598262,0.2755695912537205
61.8,0.003440730603364339,0.01998445056391688,0.026344262453178512,0.3130126375309614
61.8,0.0031463267774676997,0.019976565069334297,0.022868728323358182,0.27727864476457736
61.9,0.003442126485447508,0.019968728666352503,0.026101353397599024,0.31505429769108556
61.9,0.00403501034876285,0.01996099155014801,0.02932418844351837,0.3530030150640072
62.0,0.0034490667303707506,0.019953175239286736,0.025913364165417202,0.31725710564202186
62.0,0.0033465687383015205,0.01994535439808786,0.023120646173929994,0.29000405261852297
62.1,0.0036722697958517935,0.019937589297190465,0.02633277261969454,0.32831422011387096
62.1,0.004268162690430823,0.019929929259917573,0.029536891158500504,0.36675005249806947
62.2,0.003851222741419003,0.019922210256623104,0.026793364679702492,0.32338643030941955
62.2,0.004463627433204694,0.019914603449912343,0.029992536140935434,0.3619851628058223
62.3,0.00393074045940524,0.019906915719186343,0.026328902936713774,0.2972288526991546
62.3,0.00449172233505274,0.019899332645588408,0.029527591058644685,0.3359264790885254
62.4,0.003900274303616613,0.019891658801115406,0.018812252616506094,0.164634957919947
62.4,0.003771407244832323,0.01988397438023544,0.022021068329498045,0.20331490147551776
62.5,0.003955987364622634,0.01987632802747834,0.025227129712566576,0.24203057364098632
62.5,0.0044141077888024864,0.01986876817020354,0.028430419274729703,0.2807686216122042
62.6,0.0038722019496004,0.01986112716493791,0.024868329821645635,0.24249665725187455
62.6,0.004311322585952037,0.01985356771766235,0.028074114469698,0.28119308110715313
62.7,0.0037644613572467003,0.019845928664944522,0.023632479845175462,0.23510851334358515
62.7,0.0041074647838960565,0.019838353129605826,0.026843516888138706,0.27370575165737876
62.8,0.0036614405295874826,0.019830717164414063,0.021960223493635047,0.21566377715971374
62.8,0.0038555434523631273,0.019823119725139088,0.02517953652436593,0.2541025670809694
62.9,0.0036303778609888524,0.019815497632284268,0.02068599336158572,0.19821902152257506
62.9,0.003969174131827776,0.019807936393951366,0.016539796297761228,0.14756750076342254
63.0,0.0036281835511411016,0.019800332325716655,0.01977756880105438,0.18565000898661493
63.0,0.003805429378923753,0.01979276382915123,0.01773100394930836,0.16456501372033483
63.1,0.003572593805255988,0.019785170020838763,0.02097939967208862,0.20238666430561564
63.1,0.0036416156397508976,0.01977759531328547,0.019195990478613853,0.18504090658962974
63.2,0.003551891057899699,0.019770016780793032,0.02245663748245254,0.2225574608973983
63.2,0.0035548397663979154,0.01976244775977049,0.02029154027122679,0.1981500962436766
63.3,0.0035744174890909412,0.019754890605024736,0.02356680533196189,0.23531315804664954
63.3,0.003504603721520126,0.019747332619485736,0.021077709508607528,0.2053378573185088
63.4,0.0036007648095280564,0.019739797337072658,0.024369921254004997,0.2421025376648456
63.4,0.0034704437011041744,0.0197322526537756,0.021649547773813626,0.20872164857891362
63.5,0.0036197007740035527,0.019724738121360816,0.024960881794221505,0.2450472113008897
63.5,0.00344216213619677,0.01971720753157121,0.022081581342519637,0.2096289730463975
63.6,0.0036289583203337962,0.019709712284537054,0.025414086740061338,0.24547853269143813
63.6,0.004120934224316242,0.019702302046562897,0.028754760111757906,0.2811002279836089
63.7,0.003626875532951169,0.019694824330264548,0.02574523093481868,0.24438042148147007
63.7,0.0033739792751299666,0.019687320224896453,0.02194227994275501,0.19190163450843867
63.8,0.0035255866559719853,0.0196798458799878,0.02532406185828524,0.22669336211633379
63.8,0.003328886667467148,0.019672353561228016,0.02173654263371267,0.1870495575260374
63.9,0.003447629433001746,0.01966488615028415,0.025145253657526873,0.22127462006503357
63.9,0.0032890818237474874,0.019657406337486354,0.022240015392932536,0.19051223886369578
64.0,0.003452356221272428,0.019649957278709163,0.025676727794045114,0.22415373699781155
64.0,0.003256370470921464,0.019642490893431105,0.02270718573454841,0.19228629144077278
64.1,0.003459162671481263,0.019635060404784355,0.02617366120406845,0.22532404569414075
64.1,0.003996430999942863,0.01962771829689599,0.029652951353501884,0.2580755245956873
64.2,0.0034587222190373274,0.019620305269827856,0.026591037237920577,0.22448331916357092
64.2,0.0032142242081270745,0.019612868600799995,0.022066999148742748,0.18878348960947258
64.3,0.003314593625744871,0.019605453697555553,0.02559826317802775,0.22056412942999887
64.3,0.003184683922205433,0.019598030776842655,0.02220262732476288,0.1972436079735209
64.4,0.003286234605203906,0.019590629616782027,0.02576775659716552,0.22838622307597917
64.4,0.0031633547141786235,0.019583221448335963,0.022863846862676798,0.2072356076512209
64.5,0.0033271542339503696,0.01957584304364518,0.026464118987546085,0.23773428426890558
64.5,0.0031572799112052265,0.019568451484312778,0.02344815294898269,0.21336762425675185
64.6,0.0033716942921562915,0.019561096306542087,0.027085247207581875,0.2432150634993489
64.6,0.003954463221165987,0.019553834252780664,0.030738720010244712,0.2727557293435119
64.7,0.0034103388515420324,0.01954650146062809,0.02760810137383363,0.24550166742064852
64.7,0.00318575788580101,0.019539147961734404,0.02300863683513277,0.20596307974127118
64.8,0.0032995402634939676,0.019531817644387914,0.026725042997442626,0.2344886539023127
64.8,0.0031777321979454655,0.0195244803032503,0.023385893932543516,0.20394833341747542
64.9,0.003312226888930819,0.019517168765315892,0.02714369332510173,0.2318156207405658
64.9,0.003176819631254309,0.019509848410898877,0.02401122568439506,0.20468539851421055
65.0,0.0033623997655470523,0.01950256053703207,0.027811372950378298,0.23190012481389213
65.0,0.003952413836300262,0.019495366302680818,0.03163062327832066,0.25881199125323917
65.1,0.0034193892538639595,0.019488102988612317,0.02849791317015665,0.23089885779193825
65.1,0.003226922370904329,0.01948082291316894,0.023787805274201962,0.19203526136530547
65.2,0.0033232766577062506,0.019473563733422638,0.027677233797633177,0.21795018142167386
65.2,0.00321063163716617,0.0194662984890665,0.024416781380922233,0.18864862761197743
65.3,0.003355750506304677,0.019459060435237117,0.02835218516427869,0.21392669309193316
65.3,0.0032079319416380347,0.019451811682579943,0.025197769182460736,0.18842798253077403
65.4,0.0034212570873419167,0.019444599148686167,0.02917988572764159,0.2130808202421735
65.4,0.0032186100546787483,0.019437368510859792,0.029402635475279847,0.21172110417189063
65.5,0.003608801001149177,0.019430198606525503,0.03393637714384548,0.23828767645685053
65.5,0.0032426305352545944,0.0194229877079571,0.03018484249290322,0.20961449500206905
65.6,0.003694071415439843,0.01941584665085319,0.034780186021564755,0.2354287603995419
65.6,0.003253218829229501,0.01940865372010781,0.030595765051558026,0.20488246423941978
65.7,0.003716050322820965,0.019401532396350934,0.03525415829314336,0.22995783250643356
65.7,0.0046493762908953315,0.019394572488351736,0.03994144386496004,0.25470295669837084
65.8,0.003814577329954781,0.01938748210063081,0.03942679516796527,0.24638531319199997
65.8,0.004922211294397313,0.01938058961355448,0.04471307118952832,0.2726359551172616
65.9,0.004388344984782315,0.01937360774201153,0.04272442395182009,0.2547264888260443
65.9,0.005688438907268805,0.019366890576016798,0.04808979810155263,0.28015934757837835
66.0,0.00400680656063443,0.01935986203591972,0.041303266987222184,0.24500425699607747
66.0,0.003348974495160128,0.01935274688822321,0.033147498888860545,0.19501074051703712
66.1,0.0035895810266019356,0.01934567256525776,0.04254532623033308,0.23945516918872356
66.1,0.0033162198713801213,0.0193385694424838,0.039204861581880086,0.23107560947588449
66.2,0.003944602840769607,0.019331563651425677,0.04535691841166573,0.2563471696740771
66.2,0.005286538547120466,0.01932480798780334,0.051555655486489826,0.2812289632587311
66.3,0.004151415376438099,0.01931785089095999,0.046890776864145875,0.24745590118580446
66.3,0.0033606506095702764,0.01931078579368412,0.04338384012911551,0.2329773984656958
66.4,0.003998108110881238,0.019303820326121712,0.05033939221412141,0.25822284676441454
66.4,0.0033927313333432705,0.01929677554182931,0.044262635981333155,0.21883406558737525
66.5,0.0040583947841597925,0.019289835529511874,0.051344339711652955,0.24310246498268356
66.5,0.0033918581297854517,0.019282806646316826,0.04563790407050754,0.20865089376825896
66.6,0.00429383309553749,0.019275920867758995,0.05710915812432771,0.24900998729133395
66.6,0.003470359830907846,0.019268918420501564,0.05162461324519535,0.21707076794588426
66.7,0.004642837041653035,0.01926210917950591,0.05960063169277803,0.24098262471193282
66.7,0.0035497885534806688,0.019255133432361012,0.05351663996659232,0.20100789410970374
66.8,0.005032912823730364,0.019248413297472247,0.06607874272554964,0.23965901251656418
66.8,0.007322238298590905,0.019242251016196876,0.0749357264299145,0.2635786163648084
66.9,0.005268730455599721,0.01923559331347222,0.0682338710221055,0.2160649533945628
66.9,0.0034060805919598003,0.019228629245439593,0.05769566065014692,0.15715978422418858
67.0,0.004759956186284598,0.019221887837926395,0.0714516114098088,0.19371213572720627
67.0,0.007277158442502763,0.01921574250869575,0.08136063727970747,0.2166576521742948
67.1,0.0047801205496847176,0.01920901999175519,0.07322336139790274,0.17417188627258767
67.1,0.007594550001402028,0.019202980886593973,0.0881131627139175,0.20950434336960627
67.2,0.00430012905863298,0.01919618889924592,0.07694658860334393,0.1735701569014926
67.2,0.0034098265350137624,0.019189271544249476,0.06468400933246093,0.1269538860209683
67.3,0.0036518971425062493,0.01918239511459091,0.07585625905019737,0.1480147910232627
67.3,0.006491409062500203,0.01917608439116079,0.09213464390800769,0.1809564513447971
67.4,0.004413873733924794,0.019169342256873438,0.08564531100610122,0.1596673413408827
67.4,0.007684868406683373,0.019163373773194114,0.09792748915680627,0.18034808403545047
67.5,0.004166082781853729,0.01915660546344707,0.09110884502779344,0.1554400296899837
67.5,0.0077057944094583025,0.01915065752909512,0.1044359909413653,0.17589380876194025
67.6,0.003214453582538125,0.01914376838883507,0.08913581979467881,0.1332297573646893
67.6,0.0065357184623031,0.019137512758087512,0.10275420559521915,0.15249605405753341
67.7,0.002621119292350321,0.01913057191405169,0.09223711659361403,0.13382384606312422
67.7,0.005721145437039384,0.019124138181113883,0.07611476586234342,0.09837611231507887
67.8,0.002470242402315405,0.019117197785247408,0.09100793664103313,0.11648428195685565
67.8,0.00417710197635453,0.0191104840317698,0.0881053986879744,0.11204946905069685
67.9,0.002661620745794901,0.01910357792552046,0.10416781049253625,0.12992564509013446
67.9,0.006842665437396571,0.01909744563798271,0.12040000428736088,0.1475790405244334
68.0,0.004089094713225701,0.019090740303553053,0.1126554271950586,0.1284709221730028
68.0,0.003060836211411418,0.019083900845466538,0.10164642236049544,0.10726843144767922
68.1,0.0037795172885633243,0.01907716366168889,0.1192932666719677,0.12374414767070288
68.1,0.002584202309983795,0.019070287567023288,0.10583175777580216,0.13233213223078122
68.2,0.004558450293178968,0.019063690438324843,0.1299389201058861,0.15605761457898346
68.2,0.001931655483681451,0.019056772774598055,0.11854261378797216,0.14246953867514822
68.3,0.006163435747144241,0.019050521432817567,0.13786594949226766,0.15832106983682687
68.3,0.0020458975198829445,0.01904362750395102,0.12403034437680814,0.13144685224298805
68.4,0.007420045543400999,0.019037718567777542,0.15013330038248474,0.15323297673937314
68.4,0.0023154959060501462,0.019030862036170364,0.13430398194728282,0.13195277022281726
68.5,0.008157113433499053,0.019025187517811952,0.15540058616989813,0.146470166857692
68.5,0.002377957773514456,0.01901835126527227,0.13763782812582115,0.12471320804643443
68.6,0.008704161197005691,0.019012867359028386,0.16582627346422515,0.14456055883673335
68.6,0.0025805861943431815,0.0190060648999631,0.1475892115286045,0.11393350489557544
68.7,0.009204545174713658,0.01900076614667683,0.17053978671827782,0.12693473100118424
68.7,0.01634461716627134,0.018998968030140503,0.19370471718827068,0.13998224487738076
68.8,0.009114334087644579,0.018993648533392603,0.173387195040001,0.1188479708706248
68.8,0.0022552857449465186,0.018986842859791544,0.14929107135540376,0.09831959569714104
68.9,0.0063309634512739524,0.01898071411118495,0.17415460342138206,0.1098466104453934
68.9,0.014051675245439562,0.018977601347986504,0.19923901635391972,0.12146986793556366
69.0,0.006148364256354938,0.01897144166306932,0.17689814397844417,0.0981412020623754
69.0,0.014043780845904973,0.018968334377372643,0.2024227776643296,0.10887827126834199
69.1,0.0036599577152030766,0.018961721297672044,0.17229224516656777,0.09045507343775212
69.1,0.008365522687508922,0.01895619551994329,0.14525603367543202,0.0747747985956668
69.2,0.00123724566156439,0.018949370197862064,0.17252250974084155,0.0840234929068677
69.2,0.008978167862123874,0.018944060373367,0.2000062058217979,0.09341558876143555
69.3,0.0019871169970177606,0.018937295402347936,0.17993712293418032,0.07494981557215295
69.3,0.007851665627405106,0.018931637311121928,0.1530959428917251,0.06040075110407698
69.4,0.0014626737496793744,0.018924852162285864,0.18121693482403348,0.06818737821148757
69.4,0.005919248705257766,0.01891870078418179,0.16879433748016978,0.08523174822605456
69.5,0.003622867754978751,0.018912139194983982,0.1984628175946626,0.09382796870200576
69.5,0.0034971216436224385,0.0189055677396096,0.17942755315705616,0.08762611428917066
69.6,0.006232668740085818,0.01889950968032197,0.2095070928682456,0.09591914332852233
69.6,0.0021507533761888167,0.018892807789763752,0.1868624246193601,0.07839899336001456
69.7,0.010615152586108196,0.018888166675591095,0.1623450986500889,0.05554145251955453
69.7,0.0012917879592606281,0.018881422351168176,0.19301137870167864,0.06163396183396304
69.8,0.009036805174508979,0.01887620430665753,0.22386004442556973,0.0678973255954091
69.8,0.019251201002451965,0.018876475595222413,0.2632601594121254,0.07715410121520229
69.9,0.01124397352536829,0.018872116150115675,0.2406452831181788,0.07927869034689221
69.9,0.02161418426752098,0.018874219949668623,0.2732203454720237,0.08608816239537638
70.0,0.008223084237468897,0.018868753967966646,0.23431323013678723,0.07283017207179106
70.0,0.018715496641746376,0.018868644942704047,0.26722967344271775,0.07891776263830456
70.1,0.0028841944459890786,0.018862067144782398,0.22066515610038917,0.06028539611889268
70.1,0.01341802097774666,0.018858744166733606,0.2538995641705981,0.06539941665845159
70.2,0.0028466895554537536,0.01885217529565253,0.20686084327135168,0.047908799110054835
70.2,0.0174046294835618,0.018851183836804786,0.1640117884566612,0.034151651212717404
70.3,0.006595866986167225,0.018845295605191575,0.19767738449060349,0.037262807888121086
70.3,0.014045833394395557,0.018842316489179764,0.17632881005702788,0.023053906466741256
70.4,0.002755145147174277,0.01883576259314365,0.21917596822149504,0.027109161753715104
70.4,0.008332802048856515,0.018830382068762013,0.20340998845761096,0.02834174839510073
70.5,0.0031512492938222877,0.01882388590811827,0.23880789941389113,0.030878763370369634
70.5,0.014627040273039226,0.018821241044614724,0.27431600726391947,0.03352745578069541
70.6,0.0066808020545505034,0.018815411006843977,0.2514368703603607,0.027021716672901895
70.6,0.006861567609770093,0.018809633509396618,0.2117799131171547,0.016298708298934306
70.7,0.004793563709665917,0.018803408837537644,0.24757783576750203,0.017627673091600002
70.7,0.005664039972906922,0.01879736215686922,0.21705244911748334,-0.00344817011139047
70.8,0.006058657001597869,0.01879140906901282,0.253007385076642,-0.0034052210055947156
70.8,0.003750120317123347,0.018785036867922267,0.22433617829704983,-0.00022476725359650215
70.9,0.008053094363625026,0.01877962582142637,0.26041907263077474,7.87215427868887e-05
70.9,0.0020146945322249404,0.01877307902173106,0.23093683960763806,0.01321654516544851
71.0,0.009871290361431405,0.0187682924561341,0.2671179727385309,0.014481902690575232
71.0,0.02175863763930484,0.01877056595962074,0.30333756966615716,0.01573390111664382
71.1,0.011161542873092846,0.018766296094316248,0.27203804918600055,0.003898424906018546
71.1,0.023505448192106846,0.018770049272931542,0.3176782309191048,0.004444438213939019
71.2,0.008140675388060249,0.01876469383823108,0.2719905497342671,-0.004711259255517251
71.2,0.020524397554426154,0.01876598748318465,0.30953980931539055,-0.005232853567054082
71.3,0.0017582471341178066,0.018759459592876688,0.25953980931539056,-0.009690032571337121
71.3,0.01694506246642695,0.018758248716670613,0.20953980931539057,-0.004912127638376585
71.4,0.004535196101235959,0.018752059268456016,0.2352967724274091,-0.00555708376410653
71.4,0.015115845106071899,0.01874975964230331,0.2036528433534336,-0.009511836371511772
71.5,0.0027181652871957574,0.018743335971812825,0.2411191530410885,-0.010692305000696038
71.5,0.00982051545480324,0.018738580856068512,0.2785446315275632,-0.012066280134934234
71.6,0.023855326968994325,0.018742644240793305,0.2285446315275632,-0.006210901325544116
71.6,0.011405322465036038,0.01873852289107423,0.2149152632469678,-0.007481858697306239
71.7,0.0011787239864659406,0.0187320094154609,0.2521699535443226,-0.009007832365754913
71.7,0.009767570827337793,0.01872725329130091,0.21957575386607583,-0.009332351118191673
71.8,0.0027314936975008047,0.018720865844196136,0.25667656900189173,-0.011249232725425981
71.8,0.015116526613115034,0.018718597345707105,0.2936884893477216,-0.01348514005435679
71.9,0.00579431862360167,0.01871270742351322,0.26535841004992866,-0.012071378013814908
71.9,0.009165531474399332,0.018707761218040676,0.22021257310936115,-0.010760976959738565
72.0,0.0032461704376654816,0.01870145560853212,0.25691043351261683,-0.013424458938573318
72.0,0.015575015986099644,0.018699465845484244,0.29348784848286275,-0.016496513652542195
72.1,0.0046821205710928125,0.018693383274200476,0.2602297969251831,-0.015955613622000004
72.1,0.01696381203883333,0.018692239301248543,0.2965431037111985,-0.01945831469191521
72.2,0.003086704023947101,0.01868593798866498,0.25421408525457045,-0.01372707705972789
72.2,0.014051979208211468,0.01868312658120799,0.20421408525457047,-0.01948195897096546
72.3,0.0018822498504396648,0.01867672635087666,0.23806586761717052,-0.023804645902632586
72.3,0.01186811207732342,0.01867287562776019,0.20726996172755507,-0.0338746116185289
72.4,0.020244495409091418,0.01867400742358782,0.1812769157215155,-0.02740944768863751
72.4,0.008182135496556945,0.018668796422848986,0.21661473421731897,-0.03235929665372962
72.5,0.0039258335934806154,0.018662638319999057,0.2517634455175595,-0.03792976486488616
72.5,0.015869428621598826,0.018660856040481875,0.28671557987613644,-0.044141867269812576
72.6,0.006845125115165842,0.018655290101650457,0.2585546767220053,-0.04138263594305621
72.6,0.008128541422449622,0.018650085003401262,0.21267746140245544,-0.035529089726641414
72.7,0.0037530546565570718,0.018643926093104595,0.24699877625587627,-0.04221793619337571
72.7,0.007074348777803564,0.018638437115147684,0.21353114891440686,-0.057574799842294994
72.8,0.004708614369624733,0.018632439963581632,0.24739349153277976,-0.06617963660559797
72.8,0.005084255583680611,0.01862651694343762,0.21703516990429747,-0.06138800737045279
72.9,0.00658592260185195,0.01862092314500789,0.2504137919987362,-0.07058174151375886
72.9,0.00340740519655519,0.018614750170876406,0.21951986138677063,-0.08773166926257275
73.0,0.008201504600653418,0.01860960853026842,0.25238276174659524,-0.09901811016025791
73.0,0.002341814651386961,0.018603335241091846,0.22025503184535059,-0.08177574358645054
73.1,0.009278597868080777,0.01859855175732233,0.2525845614663531,-0.0928607237559442
73.1,0.0019471844900804222,0.018592259759249607,0.21865237796321416,-0.074900627122576
73.2,0.00925662827229219,0.018587480056519955,0.2420852601522444,-0.08301815883708714
73.2,0.002568229187632611,0.018581252022601195,0.2060512925001888,-0.07184588621103093
73.3,0.008375377312598286,0.018576198056882195,0.23628822103779856,-0.08306206895527002
73.3,0.002213391967142692,0.01856995128081044,0.20407312868634486,-0.08436736184217536
73.4,0.008630802387528112,0.018564988589121083,0.23374163705455311,-0.0969365093926444
73.4,0.002139845466863024,0.01855874832208221,0.20098135798211494,-0.08622046188994756
73.5,0.008211013661200646,0.01855366732700223,0.22211669289924368,-0.09600267074686394
73.5,0.0024821410319480113,0.018547468467559076,0.1894892663631674,-0.08615740125115959
73.6,0.007655395107780028,0.018542237364793726,0.21708121774180061,-0.09981554731857609
73.6,0.002509018268027855,0.018536053340069365,0.1859906560797325,-0.09066557082506463
73.7,0.007458768520823361,0.018530779439441914,0.2130021897358696,-0.10532720638977229
73.7,0.0024369014628890457,0.01852460123407841,0.1760851532318875,-0.09240209559037137
73.8,0.007036000194930494,0.01851922682974899,0.2016469681071325,-0.10748808856772707
73.8,0.0018598979573533137,0.018513015613329027,0.17474511685134914,-0.09873681991151838
73.9,0.007546577643659164,0.018507789162503414,0.19973957389237604,-0.11497337420084544
73.9,0.0019215758976151014,0.01850159452600098,0.16464572730424715,-0.10064281982381433
74.0,0.006980983515961441,0.018496229466782674,0.18824752447222592,-0.1172933019396574
74.0,0.001920519644686526,0.01849004707676172,0.1613021037858039,-0.10771903034888786
74.1,0.006816115419700746,0.01848465217264719,0.18435595527216167,-0.1256058046808855
74.1,0.0019992461485474136,0.01847848771036152,0.15150717503221278,-0.11056292708940507
74.2,0.006261844751425224,0.01847297221326722,0.17322997280067556,-0.12886478696992992
74.2,0.013903111520913803,0.018470273490166764,0.19468777475050753,-0.14826214944158467
74.3,0.005820724162730912,0.0184646713174139,0.16268964841225075,-0.13250091707638362
74.3,0.005200147714605901,0.018458950320109885,0.1288981819561755,-0.10366670144642978
74.4,0.002426983022488332,0.018452849833031575,0.1488463785981206,-0.12314441947942326
74.4,0.009276842435339824,0.018448215823042752,0.16854387873611698,-0.14373822118912624
74.5,0.001819286711551028,0.018442080213986235,0.13797640657897572,-0.1219208122827275
74.5,0.008147437455713967,0.018437098781746493,0.15646768632751965,-0.14277565692807673
74.6,0.0016580805370507165,0.018430964969772264,0.12722258435451528,-0.12853264443094453
74.6,0.005164692989458984,0.018425272494296045,0.13895823837841653,-0.14396338140119602
74.7,0.004282741545281272,0.018419434396332413,0.11015963427716652,-0.12221645656439237
74.7,0.0023076638250551086,0.018413365685544324,0.12706263388550226,-0.1445235605712793
74.8,0.00589013316657117,0.018407836691950192,0.09719118524707765,-0.14398937876695747
74.8,0.012356532660947337,0.01840445625743582,0.07635935351702502,-0.13576088301043224
74.9,0.006793033047124966,0.018399145816324656,0.09197508007757912,-0.15907271949606583
74.9,0.001955233961411054,0.018393072929024902,0.10150029338650751,-0.17533290995596162
75.0,0.004599737260095504,0.01838732060482594,0.09131006375471182,-0.17551033425568419
75.0,0.008672583355238326,0.018382554386882032,0.07267292171571825,-0.1604578883903345
75.1,0.00400696068664898,0.0183767209722929,0.08626318092056576,-0.1840808823298875
75.1,0.0021429250994808215,0.01837068574935146,0.09968659870418857,-0.20861285490083642
75.2,0.0027375567260624995,0.018364709147937402,0.08410288166372021,-0.17947959653487686
75.2,0.00707091755966909,0.01835950820814335,0.06885771345694787,-0.15180409885375173
75.3,0.0030769328899858802,0.01835357906653189,0.08121118580606525,-0.17637011802921335
75.3,0.006041184433407747,0.018348144965585365,0.06556742942164838,-0.1480266011799668
75.4,0.0025890991971765495,0.018342177572419217,0.07703677292875565,-0.17228156984608778
75.4,0.004630504480352788,0.01833648265609826,0.0685416783842626,-0.15778894305588323
75.5,0.0021278753606125142,0.018330487789035368,0.07975211920907413,-0.18336989881570415
75.5,0.003778611135978297,0.018324675088530813,0.0654084720939021,-0.15747745385254672
75.6,0.0022749542192838953,0.018318703815748072,0.07578884402472509,-0.18263437311431324
75.6,0.0031802385651762514,0.01831282767652671,0.06632752166657348,-0.16738401691523963
75.7,0.002511455302248933,0.018306888708871573,0.07144688089172721,-0.18206903338566777
75.7,0.003059354646852853,0.018301010742491818,0.06120206596490049,-0.16343434524141365
75.8,0.0026301171438608134,0.01829509459638091,0.07058275030350067,-0.18924472646460952
75.8,0.00288930712542432,0.018289210143380752,0.056628413417025646,-0.15805728225171317
