Time (s),Error (m),RMS_Err (m),v (m/s),w (rad/s)
0.1,0.10023817762766207,0.10023817762766207,0.010023817762766209,0.2
0.1,0.10134002993543345,0.10079060948677034,0.010134002993543346,0.23423370508491093
0.2,0.10279512865711116,0.10146318280877603,0.020559025731422233,0.43423370508491094
0.2,0.10464399481412802,0.10226766112476682,0.020928798962825606,0.4638009044796371
0.3,0.10686059494948273,0.10320260151825436,0.03205817848484482,0.6638009044796371
0.3,0.10936381292660483,0.10425475878708798,0.03280914387798144,0.6767091565826481
0.4,0.11233572440146578,0.1054471047867301,0.04493428976058631,0.8767091565826481
0.4,0.11538674629799557,0.10674018958232383,0.046154698519198234,0.871521590406201
0.5,0.11910269919299275,0.10818358754739299,0.05955134959649638,1.071521590406201
0.5,0.12321749679812573,0.10977966526129332,0.061608748399062864,1.067002980063044
0.6,0.1269832938786917,0.11145341708253081,0.07618997632721501,1.233307446968126
0.6,0.13045466100978767,0.11315878392487438,0.0782727966058726,1.173139154909284
0.7,0.13562134963794473,0.11504249215963457,0.0949349447465613,1.3490928373454651
0.7,0.13885870823409666,0.1169046668634431,0.09720109576386765,1.2769826275705216
0.8,0.14472420242961306,0.11896187362658793,0.11577936194369046,1.4348423978990887
0.8,0.14730438069521926,0.12092804968844756,0.11784350455617541,1.3473645545022246
0.9,0.15384424933596147,0.12310816484533661,0.13845982440236532,1.485628081137771
0.9,0.16081772009051376,0.12550074886276855,0.1447359480814624,1.4564769208324504
1.0,0.16249905688946245,0.12771551998629968,0.16249905688946245,1.5003567451721997
1.0,0.17013137437022316,0.13016499364405706,0.17013137437022316,1.4654488297527655
1.1,0.17083629318441265,0.13238535929628553,0.18791992250285394,1.463051016025168
1.1,0.16826913036955746,0.13422471841035602,0.18509604340651323,1.3245428325891717
1.2,0.1766946697392181,0.1363465943239025,0.21203360368706173,1.393933038382977
1.2,0.17222462321520193,0.13802783201636903,0.20666954785824232,1.242883474084086
1.3,0.18125964641271194,0.1400136332340529,0.23563754033652554,1.2871165620634006
1.3,0.17511636553029863,0.14152482505275535,0.22765127518938824,1.1123722272921437
1.4,0.184796592755648,0.1433605864860217,0.2587152298579072,1.1305588404164577
1.4,0.17711984146571683,0.144701959422077,0.24796777805200354,0.9398044446366556
1.5,0.18713999105899126,0.1463703114270192,0.2807099865884869,0.9345394057558184
1.5,0.19729540964086134,0.1483497278522827,0.295943114461292,0.8696244715976023
1.6,0.18592160189461548,0.14970897517284942,0.2974745630313848,0.720069835822427
1.6,0.1704017615496834,0.15039872578890975,0.27264281847949345,0.5381408640237356
1.7,0.18047891580379616,0.1513980799341239,0.30681415686645347,0.49283246181114493
1.7,0.16414822873037163,0.15178837193419287,0.2790519888416318,0.3095902288065307
1.8,0.17431416887720208,0.15247815436243103,0.31376550397896374,0.2471233942083674
1.8,0.1576181690167868,0.15262327000805606,0.2837127042302162,0.09452178998526733
1.9,0.1679046473136681,0.15305634206517854,0.3190188298959694,0.019921120477956952
1.9,0.15015493250807843,0.152980694178633,0.285294371765349,-0.10734914978519856
2.0,0.16056335797541263,0.15317981037854264,0.32112671595082526,-0.18973738089270625
2.0,0.17100155175722032,0.15365054903091155,0.33,-0.2571281769851894
2.1,0.1531376816689439,0.15363806044004702,0.3062753633378878,-0.37160314258964355
2.1,0.13282450332513687,0.15317536999967207,0.26564900665027374,-0.46518799834112134
2.2,0.14339432028911722,0.15295500767414535,0.28678864057823444,-0.5206875804184967
2.2,0.12630849895479432,0.15240115387671038,0.25261699790958864,-0.5847239946131499
2.3,0.1367966672382464,0.15207178444533015,0.2735933344764928,-0.6256874287041
2.3,0.1221936328213195,0.1514849344639724,0.244387265642639,-0.6455067400878367
2.4,0.13252813534191332,0.151106361980538,0.26505627068382664,-0.6722966582943437
2.4,0.14274372161349244,0.1509368661972034,0.2854874432269849,-0.695538821564216
2.5,0.12885442611605827,0.15051859108486437,0.25770885223211654,-0.6742264667772901
2.5,0.13885084097734496,0.15029411318388847,0.2777016819546899,-0.6867707405140642
2.6,0.122642915626348,0.14980099921391826,0.245285831252696,-0.6381250274961766
2.6,0.10590278550173592,0.14907875484615324,0.21180557100347183,-0.5704581820005652
2.7,0.11550458195930968,0.14851554877434817,0.23100916391861936,-0.5625319373868959
2.7,0.12496834179987577,0.14811351393333533,0.24993668359975155,-0.5566628867545305
2.8,0.11236086124394948,0.1475408150409555,0.22472172248789896,-0.4842345984968278
2.8,0.0985280058620739,0.14680914685408597,0.1970560117241478,-0.39602424360135147
2.9,0.10754308915768822,0.14621117566106975,0.21508617831537644,-0.37792283907487834
2.9,0.09634652853183479,0.145496297096328,0.19269305706366957,-0.3117534290849806
3.0,0.1050643983341542,0.14490502623047408,0.2101287966683084,-0.2927542933449316
3.0,0.09494392653649031,0.14421424341181738,0.18988785307298062,-0.21782350350053015
3.1,0.1033639193560056,0.14363826263125276,0.2067278387120112,-0.20018119401898943
3.1,0.09341989048963112,0.14296831681125582,0.18683978097926224,-0.12431083228154505
3.2,0.10153944590917585,0.14240488415746957,0.2030788918183517,-0.10910991877090626
3.2,0.09075241988648916,0.14174264292664254,0.18150483977297832,-0.054786577304593465
3.3,0.09856884190797313,0.14117846498016828,0.19713768381594626,-0.042797700570562425
3.3,0.08851146142015112,0.14052782600129468,0.17702292284030224,-0.006799187030511522
3.4,0.09602137908420248,0.13996762511403066,0.19204275816840496,0.0016863774298975232
3.4,0.1033770793876649,0.1394990795830307,0.2067541587753298,0.007806248032634078
3.5,0.09306011713134135,0.13893694343417584,0.1861202342626827,0.026896666682222903
3.5,0.08020747574776942,0.13827369145870466,0.16041495149553883,0.03562962192489172
3.6,0.08709862780874321,0.1376850423739344,0.17419725561748642,0.03711582746115727
3.6,0.07666400411566224,0.13702374606485013,0.15332800823132448,0.03922383269193929
3.7,0.08324591063812505,0.13643034173256854,0.1664918212762501,0.03753426089039191
3.7,0.07436984663376561,0.13578088761601662,0.14873969326753123,0.030154257084478275
3.8,0.08064528611677921,0.13519373362527143,0.16129057223355842,0.026028922838383095
3.8,0.07185421878998843,0.13455403676900707,0.14370843757997687,0.015952400139905065
3.9,0.07782778560540005,0.13397136318523706,0.1556555712108001,0.009790398481978602
3.9,0.06915440177077457,0.13333990905836207,0.13830880354154915,-0.0023124841693397125
4.0,0.07483242895142263,0.13276053142057317,0.14966485790284526,-0.00999375814461334
4.0,0.0665604489596585,0.13213788399378876,0.133120897919317,-0.036111540711138757
4.1,0.07195077677097557,0.13156280691287855,0.14390155354195114,-0.04477294645403096
4.1,0.0640628459537476,0.13094937550108207,0.1281256919074952,-0.05710364183055683
4.2,0.06917457442416552,0.13037941459054989,0.13834914884833105,-0.06622807743063319
4.2,0.07415024481211475,0.12985330431878467,0.1483004896242295,-0.075093529980374
4.3,0.06621073644658007,0.12928681455864743,0.13242147289316014,-0.0876836478925106
4.3,0.05652837655383826,0.12867740865974078,0.11305675310767652,-0.09742909928694699
4.4,0.061113943193951824,0.1281034157933735,0.12222788638790365,-0.10658873568505911
4.4,0.05404679308161805,0.1275037104113548,0.1080935861632361,-0.11066026079313993
4.5,0.058385923278170694,0.12693633628931694,0.11677184655634139,-0.1193957743336923
4.5,0.05168104206341719,0.1263466619612756,0.10336208412683438,-0.12434810665104401
4.6,0.05578536577683665,0.12578654149880447,0.1115707315536733,-0.13267352746868302
4.6,0.05977611561964759,0.12525618530338503,0.11955223123929518,-0.14093571325559429
4.7,0.05321371042731594,0.12470308819067069,0.10642742085463187,-0.144247566064041
4.7,0.04561504556726113,0.12412719674647964,0.09123009113452225,-0.1504738573924617
4.8,0.04928609284415001,0.1235756682884464,0.09857218568830002,-0.15754779429582164
4.8,0.05285572312736992,0.1230486682931227,0.10571144625473984,-0.16478864093590417
4.9,0.04706520115757086,0.12250599442334278,0.09413040231514172,-0.17538375385974925
4.9,0.04025749044154902,0.12194718564469739,0.08051498088309804,-0.18196592427700797
5.0,0.043543397951549274,0.12140862648856178,0.08708679590309855,-0.18729016583615277
5.0,0.038595811418158175,0.12086169950224501,0.07719162283631635,-0.1798832412004078
5.1,0.041706621077236966,0.12033346747699661,0.08341324215447393,-0.18442323455067977
5.1,0.044733713790912406,0.11982403716628195,0.08946742758182481,-0.18956967428149307
5.2,0.040642289033090376,0.11930817498606854,0.08128457806618075,-0.18371891381266348
5.2,0.03546127413192371,0.11878409978698318,0.07092254826384742,-0.1669856014622535
5.3,0.03825518102055297,0.11827604292075256,0.07651036204110594,-0.170446501795269
5.3,0.03402153817921013,0.11776318616245927,0.06804307635842026,-0.15727283230891853
5.4,0.03667268168268389,0.11726520367266921,0.07334536336536777,-0.16085237239728123
5.4,0.03259313817446738,0.1167631746806356,0.06518627634893476,-0.1567466471452772
5.5,0.035111385325222844,0.11627497530752812,0.07022277065044569,-0.1604614285179293
5.5,0.03161774036817784,0.11578449804888363,0.06323548073635568,-0.16387453336720403
5.6,0.03401239553088643,0.11530696758118361,0.06802479106177287,-0.16778102045306076
5.6,0.029952537947059505,0.11482593567107861,0.05990507589411901,-0.14911358438528954
5.7,0.03223242003379347,0.11435693327333121,0.06446484006758695,-0.15305165544361832
5.7,0.028391310489481247,0.11388531056483887,0.05678262097896249,-0.13292526459883303
5.8,0.030564601302307502,0.1134248913166405,0.061129202604615004,-0.13710944143637394
5.8,0.026936539264283035,0.11296262212600508,0.05387307852856607,-0.11965404532276158
5.9,0.029010887933136834,0.11251081221882146,0.05802177586627367,-0.12427002702151513
5.9,0.025582815297184962,0.11205780801484282,0.051165630594369925,-0.1100225111907267
6.0,0.027565362589808892,0.1116145914149902,0.055130725179617784,-0.11518034566416879
6.0,0.024323862822411103,0.111170734881611,0.048647725644822205,-0.10376565127406201
6.1,0.026221261724878812,0.11073605838635665,0.052442523449757625,-0.10951627834387745
6.1,0.023218129636589716,0.11030132021430811,0.04643625927317943,-0.10511897828536265
6.2,0.02503656764262799,0.10987521899397076,0.05007313528525598,-0.11146191872083133
6.2,0.02212216709890757,0.1094493081736205,0.04424433419781514,-0.11297531159327023
6.3,0.023867433162045246,0.10903153253133993,0.04773486632409049,-0.11974342959158679
6.3,0.021102626942214237,0.1086142769792888,0.04220525388442847,-0.12202733566152124
6.4,0.02278009125242438,0.10820469953509233,0.04556018250484876,-0.12905148157215973
6.4,0.020652131712568494,0.10779665281112714,0.04130426342513699,-0.12441814875661716
6.5,0.022266705234806686,0.10739591881922138,0.04453341046961337,-0.1316694847024443
6.5,0.023851370433070604,0.10700251053006378,0.04770274086614121,-0.1392066118613674
6.6,0.021487643970183233,0.10660985312472644,0.042975287940366466,-0.1399793118800634
6.6,0.01843612845681627,0.10621738192519346,0.03687225691363254,-0.1441170213896532
6.7,0.0199385863334698,0.10583143785328893,0.0398771726669396,-0.15113270608395546
6.7,0.017401099216560356,0.10544652032504724,0.03480219843312071,-0.15167776291593382
6.8,0.01885355475511159,0.10506778254650748,0.03770710951022318,-0.15856997985585664
6.8,0.020282165756695576,0.10469523774547915,0.04056433151339115,-0.16586524362830302
6.9,0.018447916282743244,0.10432434499420516,0.03689583256548649,-0.1583613412146669
6.9,0.016328735165964944,0.10395496429099847,0.03265747033192989,-0.17564147488213933
7.0,0.017692003602121805,0.10359122007648601,0.03538400720424361,-0.18106067199882836
7.0,0.01560551065383149,0.1032290142580607,0.03121102130766298,-0.18179386201580872
7.1,0.016929010940700408,0.10287218211433861,0.033858021881400815,-0.18658733930543536
7.1,0.015082605912681303,0.1025171298042661,0.030165211825362605,-0.18049745369927983
7.2,0.016369225626897597,0.10216722004569968,0.032738451253795195,-0.18503840950508543
7.2,0.017638282526776027,0.10182246432814761,0.035276565053552054,-0.19042038728024635
7.3,0.015854092480529693,0.1014792862531739,0.031708184961059385,-0.18206418686903011
7.3,0.013950416775930398,0.1011377474212869,0.027900833551860797,-0.17156642555805096
7.4,0.015171331401090891,0.10080092141695257,0.030342662802181782,-0.1755091754167164
7.4,0.01637722471967723,0.10046881995781672,0.03275444943935446,-0.18044176837035053
7.5,0.014878333819652608,0.10013852703141674,0.029756667639305217,-0.1545045323915184
7.5,0.016056068038717477,0.09981278348749086,0.032112136077434954,-0.16029038107216226
7.6,0.014127583556042775,0.09948837167051539,0.02825516711208555,-0.16491452931268333
7.6,0.012057709527843654,0.09916539012866532,0.024115419055687308,-0.16508900473637556
7.7,0.013197673129448773,0.09884654766272198,0.026395346258897546,-0.16884643280992073
7.7,0.011925332939156714,0.09852978095664228,0.02385066587831343,-0.1568260100177493
7.8,0.013042411674515936,0.0982170156648951,0.026084823349031873,-0.16129527469890664
7.8,0.011912421251314191,0.09790635706320179,0.023824842502628382,-0.14768546729758505
7.9,0.013008486860639603,0.09759957718461984,0.026016973721279205,-0.1528929596891605
7.9,0.01171541963496512,0.09729469176837938,0.02343083926993024,-0.1348021445389812
8.0,0.012792269118751037,0.0969935566642059,0.025584538237502074,-0.14061143750062496
8.0,0.011510176025160763,0.09669425847799085,0.023020352050321526,-0.1256701617169616
8.1,0.012569497123161466,0.09639858803749628,0.025138994246322932,-0.13215602224116318
8.1,0.013620535860735375,0.09610655900820546,0.02724107172147075,-0.13942640929763606
8.2,0.01235440643366046,0.09581618656979424,0.02470881286732092,-0.127464442509222
8.2,0.010776854607909834,0.0955273241087491,0.02155370921581967,-0.12542764421788133
8.3,0.011805930735526679,0.09524184218072923,0.023611861471053357,-0.13317551375439501
8.3,0.010870948249236094,0.09495828444740853,0.021741896498472187,-0.13137105172656866
8.4,0.011887109831311256,0.09467801987494319,0.02377421966262251,-0.1399048846085607
8.4,0.0107920684693599,0.09439949153869416,0.0215841369387198,-0.13476411466621865
8.5,0.011796828121216378,0.09412416316979731,0.023593656242432755,-0.14352033170866685
8.5,0.010637214325342786,0.09385046516374349,0.021274428650685573,-0.13455487438239155
8.6,0.011631940087682598,0.09357987394136803,0.023263880175365195,-0.14377335148113943
8.6,0.010490052526872157,0.09331087112252645,0.020980105053744313,-0.13488715472805468
8.7,0.01147609656257073,0.0930448866743883,0.02295219312514146,-0.14456301837944752
8.7,0.01035573221962405,0.092780452545181,0.0207114644392481,-0.13653121286829145
8.8,0.011333841830245687,0.09251895278054874,0.022667683660491374,-0.1466253172987786
8.8,0.010244289334679834,0.09225897205062901,0.02048857866935967,-0.13548189997655952
8.9,0.011214705896731098,0.09200184609496258,0.022429411793462195,-0.14628990175691514
8.9,0.010130088189327828,0.09174619187855904,0.020260176378655657,-0.13878174972502227
9.0,0.011093151436510039,0.09149331571639127,0.022186302873020078,-0.14997123240401594
9.0,0.010024116436269763,0.0912418728140215,0.020048232872539526,-0.14325506093798465
9.1,0.010980137776398852,0.09099313456147484,0.021960275552797705,-0.15475203882693123
9.1,0.00992583422112457,0.09074579182082738,0.01985166844224914,-0.14811904151590755
9.2,0.010875133171774971,0.09050108346910204,0.021750266343549943,-0.15984023246102982
9.2,0.009834414955755467,0.09025773342993859,0.019668829911510935,-0.1525864514402105
9.3,0.010777315191058602,0.0900169504819266,0.021554630382117204,-0.16449218945417357
9.3,0.009749054016859694,0.08977748922347281,0.01949810803371939,-0.15705246387515898
9.4,0.010685890380217639,0.08954053055656254,0.021371780760435277,-0.16906894403194916
9.4,0.009669198017229078,0.08930485768338932,0.019338396034458156,-0.15992827729802872
9.5,0.01060029188537474,0.0890716255417837,0.02120058377074948,-0.1721206651050377
9.5,0.011528407039386873,0.08884085417066086,0.023056814078773746,-0.18466924817406002
9.6,0.010517998166472439,0.08861124958252829,0.021035996332944878,-0.17548544898693816
9.6,0.009317271169054864,0.08838274777695904,0.018634542338109728,-0.17594390803691087
9.7,0.010238089862018653,0.0881565599370763,0.020476179724037306,-0.187398272685087
9.7,0.009185745863227658,0.08793153195430932,0.018371491726455316,-0.17350861272280665
9.8,0.010101870349013818,0.08770876003028877,0.020203740698027637,-0.18511888690364364
9.8,0.011015540852730241,0.08748826528951335,0.022031081705460483,-0.1972816218138776
9.9,0.010087874818186007,0.087268891069034,0.020175749636372014,-0.18362045965810794
9.9,0.00887359524383804,0.08705052034641268,0.01774719048767608,-0.1713867397697706
10.0,0.009781446185484741,0.08683429344269031,0.019562892370969483,-0.18308992795649065
10.0,0.008868493205416356,0.0866192056992066,0.01773698641083271,-0.16783596123688754
10.1,0.009772706686382603,0.08640621594636873,0.019545413372765205,-0.17979673462454968
10.1,0.010675010390612612,0.08619534631815393,0.021350020781225224,-0.19233389570007647
10.2,0.009806300825390961,0.08598553505259321,0.019612601650781922,-0.18052076680633
10.2,0.008666732791692671,0.08577667356904184,0.017333465583385343,-0.1717519330592832
10.3,0.009564866961911526,0.08556981412454183,0.019129733923823052,-0.18389582092841017
10.3,0.010461467163434152,0.08536497956386586,0.020922934326868304,-0.19663205023031372
10.4,0.009802185746700108,0.08516125960455422,0.019604371493400215,-0.21628156525137854
10.4,0.008703904086378783,0.08495844194469096,0.017407808172757566,-0.2123822146584819
10.5,0.009597675897595121,0.08475754844304995,0.019195351795190243,-0.22271216773807806
10.5,0.008681305622781714,0.08455762607733407,0.017362611245563427,-0.20167616050526024
10.6,0.009573364141339635,0.08435958905836143,0.01914672828267927,-0.21210537350391556
10.6,0.010464474045973036,0.08416346127612334,0.02092894809194607,-0.2234582530101608
10.7,0.009625010085531077,0.0839682519419666,0.019250020171062154,-0.20139483754317827
10.7,0.010514956518755772,0.0837749183600249,0.021029913037511543,-0.21297199643607756
10.8,0.009392061643813412,0.0835823202990973,0.018784123287626825,-0.19293158105544872
10.8,0.00820466165688625,0.08339048689492783,0.0164093233137725,-0.17625280106159252
10.9,0.009093956802999095,0.08320041136236625,0.01818791360599819,-0.18708419002976667
10.9,0.009982894534875521,0.08301211893456605,0.019965789069751043,-0.19883005857656272
11.0,0.009204202899911298,0.08282471200981562,0.018408405799822596,-0.1827100941266413
11.0,0.010093058084394244,0.08263906128993455,0.020186116168788487,-0.1952638228305239
11.1,0.009080112280278985,0.0824541454257257,0.01816022456055797,-0.1986295410619412
11.1,0.009969438741138656,0.08227094922951314,0.019938877482277313,-0.21112812837751366
11.2,0.008851344420552094,0.0820884179231716,0.017702688841104187,-0.2173615996056107
11.2,0.009741591716871755,0.08190756610375025,0.01948318343374351,-0.22948524937478204
11.3,0.008638604610969691,0.08172737574096597,0.017277209221939382,-0.2385426059517731
11.3,0.00953020504097742,0.0815488265854483,0.01906041008195484,-0.2498260662370332
11.4,0.008492377563522936,0.08137095762369176,0.01698475512704587,-0.2563987662450734
11.4,0.009385722417985382,0.0811946957478271,0.018771444835970763,-0.2665291493672582
11.5,0.008371228268716141,0.0810191093495114,0.016742456537432282,-0.27057154927114646
11.5,0.009266690729633197,0.0808450980963663,0.018533381459266394,-0.27937314921666195
11.6,0.008287330006936686,0.08067176168126251,0.016574660013873373,-0.2792858905831797
11.6,0.007334033236666016,0.08049915242942941,0.014668066473332032,-0.27853485706474623
11.7,0.00823349457238747,0.08032803272717412,0.01646698914477494,-0.28235987956504727
11.7,0.009134249123024542,0.08015843197353392,0.018268498246049085,-0.28850252955820144
11.8,0.008479126537910891,0.07998961268302736,0.016958253075821782,-0.27010847784389663
11.8,0.00765343453723678,0.0798215179905283,0.01530686907447356,-0.2571269587720071
11.9,0.008559116324228452,0.07965488046662075,0.017118232648456903,-0.2603176984973801
11.9,0.00781491517743961,0.07948897626306085,0.01562983035487922,-0.24495696938789763
12.0,0.008724241618886403,0.07932451438140144,0.017448483237772806,-0.24825852801225667
12.0,0.009635414018093683,0.0791615258575858,0.019270828036187366,-0.25381210899331225
12.1,0.008999363687198312,0.0789992465642697,0.017998727374396624,-0.23457982627305468
12.1,0.008091692546855414,0.0788375719647876,0.01618338509371083,-0.22211681200387923
12.2,0.00900933900678018,0.07867731028876372,0.01801867801356036,-0.22655826775583598
12.2,0.009929159798165535,0.07851849376762646,0.01985831959633107,-0.23294241806753013
12.3,0.009171806597366456,0.07836027900324422,0.018343613194732912,-0.21778797189449922
12.3,0.008191358872129335,0.07820259189088866,0.01638271774425867,-0.21157633287985467
12.4,0.009118714178556534,0.0780462832175862,0.018237428357113068,-0.21666141277548762
12.4,0.008326958988064275,0.07789056767954777,0.01665391797612855,-0.20395112119362313
12.5,0.009259647462982221,0.07773621840601394,0.018519294925964443,-0.20966999844480239
12.5,0.01019499126966221,0.07758326961946876,0.02038998253932442,-0.21698853483755798
12.6,0.00947906821825858,0.07743087867186284,0.01895813643651716,-0.2056630345230071
12.6,0.010420214501693925,0.07727988107594676,0.02084042900338785,-0.21337926213561476
12.7,0.009407187868160794,0.07712927037011184,0.01881437573632159,-0.2083768246542334
12.7,0.008302808069225499,0.07697905422807862,0.016605616138450997,-0.20710722261407383
12.8,0.009253514656255474,0.07683015196906257,0.01850702931251095,-0.21274114892402685
12.8,0.008464013530078331,0.07668177096775448,0.016928027060156663,-0.202720312599045
12.9,0.00942131167405782,0.07653469559323056,0.01884262334811564,-0.20868172153025472
12.9,0.008701778924469333,0.07638814961846736,0.017403557848938666,-0.1988167814378234
13.0,0.009665960709440813,0.07624290527273972,0.019331921418881626,-0.20501281009936467
13.0,0.00888996392714335,0.07609814027863746,0.0177799278542867,-0.19613688547282482
13.1,0.009861321162848711,0.0759546712387763,0.019722642325697422,-0.20244325449144596
13.1,0.009053017872494774,0.07581164412348974,0.01810603574498955,-0.19391035996333883
13.2,0.010031828500091246,0.07566990673114629,0.02006365700018249,-0.20029525724945163
13.2,0.00921631789156567,0.07552858652302084,0.01843263578313134,-0.19228725835493743
13.3,0.010202849865740849,0.07538855043034658,0.020405699731481697,-0.19873210433591815
13.3,0.009362326250439446,0.075248898780189,0.018724652500878892,-0.19096932095114494
13.4,0.010499735251482813,0.07511059971552841,0.020999470502965627,-0.1984419557783167
13.4,0.01164230566311686,0.07497371001690659,0.02328461132623372,-0.20727941896069102
13.5,0.010930103638487955,0.07483719119635372,0.02186020727697591,-0.19939001416434665
13.5,0.009915469171005546,0.07470091257327982,0.019830938342011092,-0.1907316808626316
13.6,0.011074769310364467,0.07456599548791434,0.022149538620728933,-0.19888351209479993
13.6,0.010181928950882397,0.07443135985685494,0.020363857901764794,-0.19366781949110973
13.7,0.011352747865650846,0.07429809079336937,0.022705495731301692,-0.20157007370934255
13.7,0.01051134109711427,0.07416510499672493,0.02102268219422854,-0.19545486105759624
13.8,0.01169399630212973,0.07403349503676214,0.02338799260425946,-0.20323206758474355
13.8,0.010778824510640867,0.0739021027818873,0.021557649021281735,-0.19660054440488717
13.9,0.012123882719258232,0.07377218146789932,0.024247765438516464,-0.20514021607433908
13.9,0.011339348067596358,0.07364251853184246,0.022678696135192716,-0.19896972254530093
14.0,0.01270019287098739,0.07351435633394293,0.02540038574197478,-0.20750471939789128
14.0,0.011834806741792353,0.07338637150816714,0.023669613483584706,-0.20136468750103753
14.1,0.01321186903769662,0.07325991412536251,0.02642373807539324,-0.20974484795127724
14.1,0.012260666966680094,0.07313354984667503,0.024521333933360187,-0.20340670757227924
14.2,0.013654355511803098,0.07300873623459594,0.027308711023606196,-0.21151548839091516
14.2,0.015212955102849998,0.07288567691319947,0.030425910205699996,-0.22171245378782362
14.3,0.014763298010542728,0.07276295023848169,0.029526596021085455,-0.21560815607233674
14.3,0.013418642853274322,0.07263996458940339,0.026837285706548645,-0.2163407654222873
14.4,0.015009613293473154,0.07251871614187402,0.030019226586946307,-0.22422868831765808
14.4,0.013843061280202405,0.07239730161878118,0.02768612256040481,-0.21558264430087842
14.5,0.015455971563771573,0.07227765667622109,0.030911943127543147,-0.22314710353425415
14.5,0.014339797173068014,0.0721578458936644,0.02867959434613603,-0.21397664338174127
14.6,0.016139600909631575,0.07203996973524789,0.03227920181926315,-0.2219890768505739
14.6,0.0151173075585569,0.07192194898251146,0.0302346151171138,-0.2129840222135546
14.7,0.016944636917884216,0.07180593419509375,0.03388927383576843,-0.22087090989342606
14.7,0.018785605400356446,0.07169208320129297,0.03757121080071289,-0.23001414807204956
14.8,0.017998496997522977,0.07157813924523579,0.03599699399504595,-0.21934822371479118
14.8,0.020038625008057382,0.07146661954088962,0.040077250016114764,-0.22936791810790313
14.9,0.01858540654456512,0.07135435400376965,0.03717081308913024,-0.226583771087708
14.9,0.016797066745652362,0.0712411765532485,0.033594133491304724,-0.21924798195773387
15.0,0.01888920141844774,0.07113033311589273,0.03777840283689548,-0.22637689014068452
15.0,0.01748305000088647,0.07101885710855288,0.03496610000177294,-0.21577241748436266
15.1,0.019788493120145172,0.07090996125032925,0.039576986240290345,-0.22322358707945666
15.1,0.022114245095201487,0.07080389959603453,0.04422849019040297,-0.23218917729800187
15.2,0.021583832980137253,0.07069783947954142,0.04316766596027451,-0.22801923842998395
15.2,0.019780175859286667,0.07059058106341731,0.03956035171857333,-0.21059345275994967
15.3,0.02216908133710046,0.07048619511784156,0.04433816267420092,-0.21742464423623475
15.3,0.024765349710205393,0.07038516702849114,0.04953069942041079,-0.2262482036375103
15.4,0.02348860515677851,0.07028322568016031,0.04697721031355702,-0.21545626672937568
15.4,0.021733067610972743,0.07017996329739135,0.043466135221945486,-0.20736165777040083
15.5,0.024404153004983907,0.07008006413375385,0.048808306009967814,-0.21331182568735685
15.5,0.022802781807904387,0.06997892590737388,0.045605563615808774,-0.2012694114005844
15.6,0.025721407839838017,0.06988155143611177,0.051442815679676034,-0.20784311714635972
15.6,0.024173008184382807,0.06978289241903446,0.048346016368765614,-0.19746809349915417
15.7,0.027149384925636694,0.06968822711030176,0.05429876985127339,-0.20414330578529527
15.7,0.02593812653598367,0.06959256592171424,0.05187625307196734,-0.18214574882848278
15.8,0.029178207552643484,0.06950146031372935,0.05835641510528697,-0.18962442884962893
15.8,0.02733322975509032,0.06940843608571397,0.05466645951018064,-0.18158373007595596
15.9,0.030639649595724582,0.06932023671289947,0.061279299191449164,-0.18902124415566912
15.9,0.028803486763456895,0.06923000187903204,0.05760697352691379,-0.18290183405757898
16.0,0.03239084196436582,0.06914519255774666,0.06478168392873164,-0.19079761837621145
16.0,0.030340632742230752,0.06905790019914149,0.060681265484461504,-0.18471303487747504
16.1,0.034220108720408725,0.06897669843158499,0.06844021744081745,-0.19288915344817203
16.1,0.03256817755106829,0.06889341952192472,0.06513635510213658,-0.1965877574381753
16.2,0.03653198583586481,0.06881671789089004,0.07306397167172962,-0.20429228437486135
16.2,0.03439214732220118,0.06873699772421712,0.06878429464440236,-0.20600731941921602
16.3,0.038666612892125446,0.06866467371535147,0.07733322578425089,-0.21356643421106147
16.3,0.036217087799569746,0.06858861622332307,0.07243417559913949,-0.20577134171987033
16.4,0.04058514865835063,0.06852042692109578,0.08117029731670126,-0.2126129171763098
16.4,0.04499923952394171,0.06846099841354462,0.08999847904788343,-0.22048277133358285
16.5,0.04256244943070811,0.06839713919214177,0.08512489886141622,-0.20931284271062855
16.5,0.03948552080425836,0.06832800996473166,0.07897104160851671,-0.1933464960979998
16.6,0.04428566396776116,0.06826812723928773,0.08857132793552232,-0.1990569613303772
16.6,0.04132578532066613,0.06820295794074359,0.08265157064133226,-0.17544490868835072
16.7,0.04647423693385917,0.06814807864274548,0.09294847386771835,-0.18118664530736497
16.7,0.04352330124865208,0.0680876452849485,0.08704660249730416,-0.17043341464397233
16.8,0.04878262981269783,0.0680381699298795,0.09756525962539565,-0.1760665178865315
16.8,0.045909356364261786,0.0679829981170708,0.09181871272852357,-0.1601744424642153
16.9,0.05153550800586256,0.06794008286387901,0.10307101601172512,-0.16629230088115854
16.9,0.048221895618131824,0.06789019238119046,0.09644379123626365,-0.15125119116941144
17.0,0.053966730395723306,0.06785332191291113,0.10793346079144661,-0.1572654219690861
17.0,0.050643200277270886,0.06780910880616903,0.10128640055454177,-0.14695026495237284
17.1,0.0565049124633372,0.0677787150246091,0.1130098249266744,-0.1528873504644015
17.1,0.05294340856906409,0.06774007318684755,0.10588681713812818,-0.13693712347907439
17.2,0.05919607689482047,0.06771673046849702,0.11839215378964094,-0.143072703184826
17.2,0.05515020950091743,0.06768358134914354,0.11030041900183486,-0.1268423126379914
17.3,0.06152597620865923,0.06766654295260549,0.12305195241731846,-0.1332231405855344
17.3,0.06796187477700567,0.06766739837007395,0.13592374955401135,-0.14018571197762264
17.4,0.06402936873433694,0.06765719519965918,0.12805873746867388,-0.1421024887239719
17.4,0.0581608365036477,0.06763181715093017,0.1163216730072954,-0.12210005234501686
17.5,0.06506985855269694,0.06762461495121418,0.13013971710539388,-0.12834856674978967
17.5,0.06019551527171117,0.06760455189802617,0.12039103054342234,-0.11300966467704421
17.6,0.06722959726134885,0.06760348660520957,0.1344591945226977,-0.11930357161072536
17.6,0.062396124885537856,0.06758926122962017,0.12479224977107571,-0.1065694151164378
17.7,0.06985169833939942,0.06759577735391113,0.13970339667879883,-0.11295256104188378
17.7,0.06506968311068581,0.06758877446736669,0.13013936622137162,-0.10413132700241001
17.8,0.07265325776463126,0.06760357348459738,0.14530651552926252,-0.1105931188019118
17.8,0.08029882333265465,0.06764257141606182,0.1605976466653093,-0.11739260717489763
17.9,0.07546301244800717,0.06766573976769263,0.15092602489601434,-0.1117425014592004
17.9,0.0680326637700757,0.06766676746615312,0.1360653275401514,-0.10859853888402715
18.0,0.07586003048544154,0.0676909672990079,0.15172006097088309,-0.11434932994763547
18.0,0.06966897927428997,0.0676965418248224,0.13933795854857994,-0.10097436630810974
18.1,0.077930726889135,0.06772702740836167,0.15586145377827,-0.10669750360434338
18.1,0.07259257851424963,0.06774094952215766,0.14518515702849927,-0.08839686123180157
18.2,0.08097371663849906,0.06778095213489196,0.16194743327699812,-0.09396182633259786
18.2,0.07504694597403733,0.06780198031382692,0.15009389194807465,-0.08420710995777458
18.3,0.08354213160782203,0.06785009250461692,0.16708426321564407,-0.08967199835420803
18.3,0.07769078481827178,0.06787892331542253,0.15538156963654357,-0.06616289648719254
18.4,0.08629433940409621,0.06793588429013904,0.17258867880819243,-0.07194442479014929
18.4,0.07982891903616629,0.06797102207199746,0.15965783807233258,-0.061986641964769884
18.5,0.08853512326289165,0.06803515131885786,0.1770702465257833,-0.06828050356216096
18.5,0.08191486768394789,0.0680764779648249,0.16382973536789577,-0.06506982177572729
18.6,0.09071803251217683,0.06814761796839174,0.18143606502435367,-0.07175014573252647
18.6,0.08422039988433806,0.06819590243372033,0.16844079976867612,-0.07307248671010425
18.7,0.0934597190490868,0.06827613252245614,0.1869194380981736,-0.08036748079652045
18.7,0.08635990067486998,0.0683308662566194,0.17271980134973997,-0.07343906400895017
18.8,0.0956910616782754,0.06841837771182513,0.1913821233565508,-0.0806699786397067
18.8,0.08804869700517602,0.06847804968066734,0.17609739401035204,-0.0762417131616131
18.9,0.09746517703278812,0.06857114907552117,0.19493035406557624,-0.08310843747531661
18.9,0.08941656382203791,0.06863464847089311,0.17883312764407583,-0.08576850442668116
19.0,0.098911677316514,0.06873208625034045,0.197823354633028,-0.09202438176620918
19.0,0.09068289276240604,0.06879904309850624,0.18136578552481208,-0.0939053698107577
19.1,0.10024971969659886,0.06890038402732293,0.20049943939319773,-0.09946068616912696
19.1,0.09178688560940554,0.06897021142690254,0.18357377121881108,-0.09948124171919237
19.2,0.10141834232400355,0.0690747822837658,0.2028366846480071,-0.1043647763820228
19.2,0.11107891653958547,0.0692172796196559,0.22215783307917095,-0.10939870129724594
19.3,0.10247695232063919,0.06932434096179452,0.20495390464127838,-0.10708589636346355
19.3,0.09146634390287058,0.06939083252069056,0.18293268780574115,-0.10686758678857466
19.4,0.10120562669235765,0.06949181364069346,0.2024112533847153,-0.11029791297024347
19.4,0.11096689595995675,0.06963046900744214,0.2219337919199135,-0.11410037046740817
19.5,0.10148764869342754,0.06973102568659556,0.20297529738685507,-0.1084976354333429
19.5,0.09055660154299731,0.06979237156221496,0.18111320308599463,-0.1054798498239107
19.6,0.10037446538554441,0.06988765799462965,0.20074893077108882,-0.10785010090184266
19.6,0.11020708770562836,0.07002005790454188,0.2204141754112567,-0.11076238463237909
19.7,0.10108022922430951,0.07011655415115568,0.20216045844861902,-0.10274156244701405
19.7,0.09064054821427445,0.07017624399609051,0.1812810964285489,-0.09480267849066548
19.8,0.10050735652826144,0.07026956389500019,0.20101471305652288,-0.09731497922561783
19.8,0.09158671070388338,0.07033153292836022,0.18317342140776677,-0.09793822791178997
19.9,0.10146701368277859,0.07042725432755151,0.20293402736555718,-0.10020865535224388
19.9,0.09309059404836993,0.0704933284752895,0.18618118809673986,-0.0952331695962565
20.0,0.10297698853667778,0.07059342776247506,0.20595397707335555,-0.09729617142667757
20.0,0.09432915130855507,0.07066270894265324,0.18865830261711014,-0.09158887917268821
20.1,0.10421421930531385,0.07076616647863906,0.2084284386106277,-0.09354596272952143
20.1,0.1140956237980997,0.07090680922401392,0.2281912475961994,-0.0960817454938574
20.2,0.10530117911274568,0.07101277498818277,0.21060235822549137,-0.09306449631856895
20.2,0.09357768542722035,0.07107747325343354,0.1871553708544407,-0.0941142281823473
20.3,0.10343797192147261,0.07117549731818122,0.20687594384294522,-0.09567174740750858
20.3,0.09395843397357043,0.07124056435323872,0.18791686794714085,-0.0887703447088468
20.4,0.10379522740726121,0.0713387592931347,0.20759045481452243,-0.09034322977438759
20.4,0.0949994035405861,0.07140633601310269,0.1899988070811722,-0.09278942526703249
20.5,0.10480536557851479,0.07150702279466019,0.20961073115702958,-0.09435464630254464
20.5,0.09565424869725864,0.07157582961118182,0.19130849739451727,-0.08934129747043484
20.6,0.10542205897504488,0.07167757894926235,0.21084411795008975,-0.09098269559289207
20.6,0.09607810845421134,0.0717468506987802,0.1921562169084227,-0.08543084270159462
20.7,0.10580048849034808,0.07184880049016062,0.21160097698069616,-0.08722075700064202
20.7,0.0962049729342167,0.0719175705903461,0.1924099458684334,-0.08063131497380516
20.8,0.10587468460736403,0.07201864133049111,0.21174936921472806,-0.08267187474037496
20.8,0.11551515764210163,0.0721546466493649,0.23103031528420326,-0.08531042779753206
20.9,0.10589739806324,0.07225441595599119,0.21179479612648,-0.08059164524325801
20.9,0.09358421075391353,0.07231295232950041,0.18716842150782706,-0.07821696207890949
21.0,0.10312725582677916,0.0724021089778533,0.20625451165355832,-0.08052518476242998
21.0,0.09296699641704848,0.07245800521851661,0.18593399283409695,-0.07522100265830423
21.1,0.10243608452877118,0.07254389137325883,0.20487216905754235,-0.07790082899523987
21.1,0.09353576977325906,0.07260080996088707,0.18707153954651812,-0.07746097704045705
21.2,0.10292407330823546,0.07268741513614278,0.2058481466164709,-0.08014067476195175
21.2,0.09400763590902862,0.07274505025338443,0.18801527181805724,-0.07463133067351602
21.3,0.10330825395184347,0.07283201858837454,0.20661650790368694,-0.07754034266268461
21.3,0.11256220022883393,0.07295062313098417,0.22512440045766785,-0.08099445547078399
21.4,0.10350092893844733,0.07303709937856444,0.20700185787689465,-0.07586421985125646
21.4,0.09122823782354315,0.07308487941700215,0.1824564756470863,-0.06804416502603616
21.5,0.10027814483768137,0.07316002090883177,0.20055628967536274,-0.07138751046443235
21.5,0.08990504146970661,0.07320340650600694,0.17981008293941322,-0.06544546863023437
21.6,0.09876121380268457,0.07327302388658725,0.19752242760536914,-0.06925542585083731
21.6,0.08947380646728868,0.07331465972398239,0.17894761293457737,-0.06886966238240833
21.7,0.09812630418881224,0.07338162707679026,0.19625260837762448,-0.07314614631160521
21.7,0.10667309123012916,0.07347567563138269,0.21334618246025833,-0.07779779495983362
21.8,0.09720202834282701,0.0735389980993246,0.19440405668565403,-0.07860167599085276
21.8,0.08557718063448917,0.07356886243758622,0.17115436126897834,-0.09469938981848758
21.9,0.09379535152287712,0.07362149109865393,0.18759070304575423,-0.09904620764976091
21.9,0.08389157488525638,0.07364656996450673,0.16778314977051276,-0.10615917450077839
22.0,0.09188020714842379,0.07369323127889948,0.18376041429684759,-0.11049222627688127
22.0,0.08322668117000713,0.07371629609069136,0.16645336234001426,-0.11764342763276492
22.1,0.09097878593424141,0.07376001036018379,0.18195757186848283,-0.12131741655512074
22.1,0.08251779041917195,0.07378099764757427,0.1650355808383439,-0.11415609494408185
22.2,0.09002676991648711,0.07382169600141525,0.18005353983297423,-0.11767326640167727
22.2,0.0808853919125037,0.07383836448892912,0.1617707838250074,-0.11303856543382129
22.3,0.0881457417998743,0.07387362240857089,0.1762914835997486,-0.11663832640991156
22.3,0.07918243767151303,0.07388595225455209,0.15836487534302607,-0.1204453777097152
22.4,0.08618991077932228,0.07391576374648005,0.17237982155864456,-0.12374398681321616
22.4,0.0771609101801916,0.0739231660159272,0.1543218203603832,-0.1199505974077617
22.5,0.08391206798007667,0.07394691226755121,0.16782413596015333,-0.12336987413499445
22.5,0.07511268941469884,0.07394952325793913,0.15022537882939768,-0.11828174498093391
22.6,0.08160540614271829,0.07396737516945749,0.16321081228543657,-0.12184635205098937
22.6,0.07285537981501132,0.07396493345501433,0.14571075963002264,-0.11752506420747053
22.7,0.07908873476238547,0.07397663511842557,0.15817746952477094,-0.12130184119376475
22.7,0.07108848166647083,0.07397039746638505,0.14217696333294166,-0.10624790882289847
22.8,0.07706276588246512,0.07397733561879698,0.15412553176493024,-0.1103518448254206
22.8,0.08290762705153544,0.07399809873261169,0.16581525410307088,-0.11503693016134031
22.9,0.07486937618126757,0.07400001644692919,0.14973875236253514,-0.10673759596285382
22.9,0.06425633588470676,0.07398013998084252,0.12851267176941353,-0.09051752890223375
23.0,0.0697186557882098,0.07397112255354761,0.1394373115764196,-0.09518883777861231
23.0,0.061742726706596675,0.07394673236117826,0.12348545341319335,-0.08820328848726143
23.1,0.06695441092519755,0.07393228034517596,0.1339088218503951,-0.0933928967986799
23.1,0.05957417088309824,0.07390421464515887,0.11914834176619649,-0.09362556744411554
23.2,0.0645403610421048,0.07388526914668028,0.1290807220842096,-0.09936373790585826
23.2,0.057696047920932726,0.07385419453657584,0.11539209584186545,-0.09790385799443313
23.3,0.062423039709194585,0.07383151041298935,0.12484607941838917,-0.10399162237781592
23.3,0.05588089429643794,0.07379766477070311,0.11176178859287587,-0.10350443182093483
23.4,0.0603762290120433,0.07377153386872051,0.1207524580240866,-0.10914532721962567
23.4,0.06475806397583934,0.07375344867517529,0.1295161279516787,-0.11519223100915066
23.5,0.057770418792475665,0.07372305606473668,0.11554083758495133,-0.11589264401660615
23.5,0.06193242272599828,0.07369997205296408,0.12386484545199657,-0.12223523880143539
23.6,0.054107566181719,0.07366389489463777,0.108215132363438,-0.14356914800422005
23.6,0.046207664933543,0.07361655034679748,0.092415329867086,-0.14425708006973825
23.7,0.05005795871688405,0.07357470122196304,0.1001159174337681,-0.149290396152441
23.7,0.044315249880296434,0.07352523005507901,0.08863049976059287,-0.14985917565247897
23.8,0.04796894243058547,0.07348076441374007,0.09593788486117094,-0.1545574055709351
23.8,0.042581881099645565,0.07342948108432466,0.08516376219929113,-0.1508162921033498
23.9,0.04604860103259861,0.07338276623206783,0.09209720206519723,-0.1554440284835772
23.9,0.041209689830180064,0.0733301945055503,0.08241937966036013,-0.14472896181028005
24.0,0.044499177211794666,0.0732818209008481,0.08899835442358933,-0.14952025134475602
24.0,0.03980391032099074,0.0732279867062366,0.07960782064198148,-0.14072521284298656
24.1,0.04292595995708795,0.07317800607719353,0.0858519199141759,-0.14570213426970088
24.1,0.0379461846392611,0.07312248589500632,0.0758923692785222,-0.1418870468508977
24.2,0.0409105235791947,0.07307046543311817,0.0818210471583894,-0.14694452348853781
24.2,0.036126459054398895,0.07301340871891604,0.07225291810879779,-0.14382850283214266
24.3,0.03894256282974022,0.07295953014540282,0.07788512565948044,-0.14894150275194873
24.3,0.03464331101787277,0.07290136923036426,0.06928662203574554,-0.1452059278231843
24.4,0.037320376705240854,0.0728461163004574,0.07464075341048171,-0.1502942900067019
24.4,0.03312527939622951,0.07278688825335874,0.06625055879245902,-0.1339972513452927
24.5,0.03567208401432139,0.07273031782696164,0.07134416802864278,-0.13933805648686517
24.5,0.03815667383221639,0.07267651007143477,0.07631334766443278,-0.14518777324055843
24.6,0.03456335328522022,0.07261921769501639,0.06912670657044044,-0.14514607422338255
24.6,0.029502184746247946,0.07255757191573634,0.05900436949249589,-0.14763663865375928
24.7,0.0318137609437659,0.0724981069431882,0.0636275218875318,-0.15249355309853052
24.7,0.027865757513147103,0.0724355420152929,0.055731515026294205,-0.14131684087474916
24.8,0.03007128889833577,0.072374959527329,0.06014257779667154,-0.14637680054911684
24.8,0.026577274684106235,0.07231181166884564,0.05315454936821247,-0.1302405550267518
24.9,0.028683973358297504,0.0722504841324641,0.05736794671659501,-0.13549462244140598
24.9,0.02536862730424712,0.07218685868912299,0.05073725460849424,-0.12058047908643577
25.0,0.027383258706341167,0.07212490892766661,0.05476651741268233,-0.12615909320560892
25.0,0.024223992034470898,0.07206089151841466,0.048447984068941796,-0.11348154891537199
25.1,0.02615291325611714,0.07199842006037292,0.05230582651223428,-0.11946671857880853
25.1,0.02314255900795276,0.07193408885701139,0.04628511801590552,-0.1089031222842691
25.2,0.024991730613952504,0.07187118727337691,0.04998346122790501,-0.11532898291213026
25.2,0.022123578601258794,0.07180661357342036,0.04424715720251759,-0.1064996462202128
25.3,0.02389857903711556,0.07174336520236532,0.04779715807423112,-0.11336250110496904
25.3,0.0211656376351466,0.0716786135456087,0.0423312752702932,-0.10584489662913876
25.4,0.022871679614671726,0.07161509371553577,0.04574335922934345,-0.11311421398720078
25.4,0.02026711467883128,0.07155022231837734,0.04053422935766256,-0.10649755663410332
25.5,0.021909062806028726,0.07148649890320799,0.04381812561205745,-0.11412626669822054
25.5,0.019425037608040402,0.07142155947548465,0.038850075216080804,-0.10807209836342224
25.6,0.021007427247588643,0.07135769277429015,0.042014854495177285,-0.1160043669971551
25.6,0.018637226524436418,0.07129273154936683,0.037274453048872835,-0.11022732092237497
25.7,0.02016428303356222,0.07122877546540618,0.04032856606712444,-0.11840510577200283
25.7,0.021664951119034583,0.07116586912512007,0.043329902238069165,-0.12676718538560028
25.8,0.019377088087081343,0.07110186960668168,0.038754176174162686,-0.12102210816765258
25.8,0.01693528227987817,0.07103685134502952,0.03387056455975634,-0.1300377926592651
25.9,0.01836327358963556,0.07097271225297579,0.03672654717927112,-0.1383573437076424
25.9,0.01617898594104999,0.07090773604259032,0.03235797188209998,-0.13909655409224486
26.0,0.017562680648646762,0.07084358587907351,0.035125361297293524,-0.1474473483636629
26.0,0.015656217121225995,0.07077876429113042,0.03131243424245199,-0.14955218231438971
26.1,0.016998830488856382,0.07071472747185663,0.033997660977712764,-0.15760928558511145
26.1,0.018321795825909294,0.07065151181053456,0.03664359165181859,-0.1659349668440826
26.2,0.01647397470024404,0.07058761079286847,0.03294794940048808,-0.1663097109678402
26.2,0.014304496563277922,0.07052299264613644,0.028608993126555845,-0.17096295775961678
26.3,0.015573731383864853,0.07045907433255316,0.031147462767729707,-0.17791816295397125
26.3,0.013768306315350122,0.07039462600813327,0.027536612630700244,-0.17631763509940604
26.4,0.01500479414185687,0.07033084349204138,0.03000958828371374,-0.18277875415970346
26.4,0.013450753458897385,0.07026664905253094,0.02690150691779477,-0.1788250859655891
26.5,0.014656898903249107,0.07020309538621314,0.029313797806498215,-0.18485356457297675
26.5,0.015848552013461848,0.07014021322492567,0.031697104026923696,-0.19156187400819252
26.6,0.014295501915484612,0.07007688274970275,0.028591003830969224,-0.18591910410610124
26.6,0.015460182608858137,0.07001419860802935,0.030920365217716274,-0.19232735141702673
26.7,0.01363610360901708,0.06995098207222596,0.02727220721803416,-0.19042347079346778
26.7,0.011671545884994378,0.06988727933260791,0.023343091769988757,-0.19167450343232906
26.8,0.01279986931212483,0.06982412651794608,0.02559973862424966,-0.19575327268056597
26.8,0.011396963589472406,0.06976069857654751,0.022793927178944812,-0.18822939971658176
26.9,0.012503271260371849,0.06969780269411359,0.025006542520743698,-0.1921198398501036
26.9,0.013599136456922076,0.06963546589790859,0.027198272913844152,-0.19719304236558433
27.0,0.012397527640315622,0.06957288835920294,0.024795055280631244,-0.18636704869037057
27.0,0.011110276173920105,0.0695100834751328,0.02222055234784021,-0.19222860878550213
27.1,0.012177923020070942,0.069447785175095,0.024355846040141883,-0.19514579899080298
27.1,0.013236847348948097,0.06938601894122581,0.026473694697896195,-0.19944837162846207
27.2,0.011949314028319035,0.06932399474832775,0.02389862805663807,-0.18865012347798604
27.2,0.012992170112650742,0.06926248850912842,0.025984340225301484,-0.1931562225622065
27.3,0.011492411456497587,0.0692006667862643,0.022984822912995174,-0.18652541311914916
27.3,0.009940390439531736,0.06913857595370419,0.019880780879063472,-0.18392237765007732
27.4,0.01096214822596901,0.06907693925502065,0.02192429645193802,-0.18668098146676781
27.4,0.009838982197873016,0.06901516389260086,0.019677964395746032,-0.17645129845430896
27.5,0.010848397346939724,0.06895383434812108,0.02169679469387945,-0.17979780901716902
27.5,0.009882659752515656,0.06889240933133534,0.019765319505031312,-0.16982379838449235
27.6,0.010881122590080143,0.06883142607487133,0.021762245180160286,-0.17390012343163175
27.6,0.00988325075050667,0.06877033707616337,0.01976650150101334,-0.16549383571063148
27.7,0.010872117293074562,0.06870968507688378,0.021744234586149123,-0.17030153036850182
27.7,0.009883173973785828,0.0686489288891857,0.019766347947571657,-0.16358206312464493
27.8,0.010863765249765898,0.06858860533427201,0.021727530499531796,-0.1691319870383494
27.8,0.009866994998670428,0.06852817478956653,0.019733989997340856,-0.16384920011429394
27.9,0.010840009107345012,0.06846817233865637,0.021680018214690025,-0.17009495044559264
27.9,0.009838276111761891,0.06840806127574502,0.019676552223523783,-0.16596299117416313
28.0,0.010803986914408443,0.06834837357260834,0.021607973828816886,-0.17283363545661423
28.0,0.009800316869033762,0.06828857676450799,0.019600633738067523,-0.1695530822654039
28.1,0.010759009564962728,0.06822919847854951,0.021518019129925455,-0.17696373796563059
28.1,0.00975575456739443,0.06816971145038259,0.01951150913478886,-0.17424783750327144
28.2,0.010707724906292036,0.06811063807462517,0.021415449812584073,-0.18210739487718453
28.2,0.009706671545747258,0.06805145694830066,0.019413343091494516,-0.17969556346760207
28.3,0.01065222127632465,0.067992684626677,0.0213044425526493,-0.1879129571388924
28.3,0.009769987063434207,0.06793383511440655,0.019539974126868413,-0.18659369713468843
28.4,0.01070944559261485,0.06787539239004003,0.0214188911852297,-0.1948711703174073
28.4,0.009698855397658728,0.06781683764108276,0.019397710795317456,-0.19221732115494783
28.5,0.010632530070506891,0.06775868455565429,0.021265060141013783,-0.2007235389170714
28.5,0.01156323403536417,0.06770095348644244,0.02312646807072834,-0.21015560214407847
28.6,0.010552259736827297,0.06764308618308308,0.021104519473654593,-0.20644676995328354
28.6,0.00924612446337761,0.06758503746896817,0.01849224892675522,-0.20917613055771284
28.7,0.010169301453261767,0.06752737334420748,0.020338602906523534,-0.21742569869925532
28.7,0.011089842281268029,0.06747011377342631,0.022179684562536058,-0.22673489510005185
28.8,0.010046821546512083,0.06741272061117333,0.020093643093024166,-0.22140791009075267
28.8,0.008825728257009662,0.06735518108183326,0.017651456514019323,-0.22253506819204238
28.9,0.009739770846571443,0.0672980105627405,0.019479541693142886,-0.23018116068045424
28.9,0.00877728863430714,0.06724076022536886,0.01755457726861428,-0.22350561789057677
29.0,0.009687248275909692,0.06718387507784629,0.019374496551819383,-0.23112846696858153
29.0,0.008842661475986068,0.0671269371449421,0.017685322951972136,-0.22330760769464364
29.1,0.009748877305190726,0.0670703633024429,0.019497754610381453,-0.23101366701976112
29.1,0.01065316059481184,0.06701417287275256,0.02130632118962368,-0.24000322225017356
29.2,0.009796312317055982,0.06695790386211714,0.019592624634111964,-0.2310086341448523
29.2,0.008682052910404218,0.06690151697663395,0.017364105820808436,-0.24140633855790522
29.3,0.009582061829620094,0.0668454857241545,0.01916412365924019,-0.24672500673841613
29.3,0.010480542172135711,0.06678982922047128,0.020961084344271422,-0.2537952179573808
29.4,0.009728800000238394,0.06673412225462726,0.019457600000476787,-0.23282215714457077
29.4,0.008669969960047805,0.066678310024307,0.01733993992009561,-0.22591630095223847
29.5,0.009565026475787785,0.06662284875521987,0.01913005295157557,-0.23223872566652926
29.5,0.008639577111222973,0.06656731503549215,0.017279154222445945,-0.20965223894544094
29.6,0.009532716266319541,0.06651212956296966,0.019065432532639082,-0.2165546034142376
29.6,0.008700430818980589,0.06645689207448413,0.017400861637961177,-0.18778504225751336
29.7,0.009591997159528574,0.06640200225672929,0.019183994319057148,-0.19563455756832404
29.7,0.008749749432612057,0.06634705607776861,0.017499498865224113,-0.17173441798612024
29.8,0.009640108319473506,0.0662924568341524,0.019280216638947013,-0.18063295738863694
29.8,0.008786021755183877,0.06623779670914288,0.017572043510367754,-0.16106909099894026
29.9,0.009675537095929493,0.06618348259448395,0.019351074191858986,-0.17112384271497083
29.9,0.008812447061261795,0.06612910399247464,0.01762489412252359,-0.15735690663449464
30.0,0.009701518061018868,0.06607507036817628,0.019403036122037736,-0.16835994857565373
30.0,0.008832289382125246,0.06602096950852356,0.017664578764250493,-0.1574422500355301
30.1,0.00972131290165944,0.06596721255920676,0.01944262580331888,-0.16926649548023276
30.1,0.008847989848455152,0.06591338623257595,0.017695979696910304,-0.1601839526793527
30.2,0.009737374703873234,0.06585990277150224,0.019474749407746468,-0.17264324263868946
30.2,0.010626864435073415,0.0658067810178436,0.02125372887014683,-0.1856928114907177
30.3,0.009751559140685774,0.06575356797503351,0.019503118281371547,-0.1772079426226054
30.3,0.008644461532321552,0.06570023190291707,0.017288923064643105,-0.17291850806821563
30.4,0.009535905661206844,0.06564723180608353,0.019071811322413687,-0.18570630090485674
30.4,0.008618998151195163,0.06559415473994061,0.017237996302390327,-0.17296332049402707
30.5,0.009512016138383142,0.06554141203523672,0.019024032276766283,-0.186110627979021
30.5,0.008684354096257318,0.06548861148864887,0.017368708192514636,-0.17410898742115807
30.6,0.009579337609354591,0.0654361457954829,0.019158675218709183,-0.18744194293531224
30.6,0.00874548101021872,0.06538361873255154,0.01749096202043744,-0.17663135693242982
30.7,0.009642837525731186,0.06533142703399132,0.01928567505146237,-0.1899847027476076
30.7,0.008799189324147529,0.06527916972971869,0.017598378648295058,-0.1781245314386748
30.8,0.009699299659773132,0.06522724824387854,0.019398599319546263,-0.1915125282061827
30.8,0.008847841832751455,0.06517525749913339,0.01769568366550291,-0.1796736581668168
30.9,0.00975109779940441,0.06512360302519409,0.01950219559880882,-0.19300451482162062
30.9,0.00889169787964667,0.06507187571106435,0.01778339575929334,-0.18108407282129813
31.0,0.009798483765789309,0.06502048512258644,0.019596967531578618,-0.19429081861262354
31.0,0.00893262689284082,0.06496901853954712,0.01786525378568164,-0.18196111226579115
31.1,0.009843318083995776,0.06491788917884128,0.01968663616799155,-0.19500411571626572
31.1,0.008976701272747136,0.06486668199649366,0.01795340254549427,-0.18198907881078769
31.2,0.009891661975263701,0.06481581270773056,0.019783323950527402,-0.19486355624814497
31.2,0.010808635471033792,0.06476530154127662,0.021617270942067585,-0.20813708791826432
31.3,0.009943078115322588,0.06471469073218512,0.019886156230645175,-0.1953042488499211
31.3,0.008887421530577885,0.06466395665991405,0.01777484306115577,-0.19582622776808453
31.4,0.009812015270551816,0.06461355815568785,0.01962403054110363,-0.20842345509892884
31.4,0.008881393032830235,0.0645630664729197,0.01776278606566047,-0.20344327932949646
31.5,0.009811418592282357,0.06451291021796421,0.019622837184564715,-0.2151044461619529
31.5,0.00894385353914593,0.06446267402012563,0.01788770707829186,-0.21667153895365443
31.6,0.009879619675564966,0.06441277474455409,0.019759239351129932,-0.22750253579748225
31.6,0.009038391862963938,0.0643627992587419,0.018076783725927876,-0.22492650623309363
31.7,0.009980209863722724,0.06431316301787256,0.019960419727445448,-0.23504587679240713
31.7,0.00911078792962075,0.06426344150855356,0.0182215758592415,-0.2298143642888224
31.8,0.01005899186115801,0.06421406117171997,0.02011798372231602,-0.2391340628760661
31.8,0.009199543232890389,0.06416459549937656,0.018399086465780777,-0.2325077635778503
31.9,0.010154439369895255,0.06411547340479469,0.02030887873979051,-0.24109125268825782
31.9,0.009285062710496778,0.06406626107698409,0.018570125420993556,-0.23306255777868362
32.0,0.010246954804713966,0.06401739476335992,0.020493909609427933,-0.24095203749677901
32.0,0.00936731722345028,0.06396843328529203,0.01873463444690056,-0.23177872862435228
32.1,0.010336500050026126,0.06391982028623545,0.02067300010005225,-0.23903880594019222
32.1,0.009449080176028997,0.06387110780690967,0.018898160352057995,-0.22694160882430836
32.2,0.010425829718056563,0.06382274636003442,0.020851659436113126,-0.23379185777079942
32.2,0.009527028148886937,0.06377428027457788,0.019054056297773875,-0.2231820022565052
32.3,0.010511634371025468,0.06372616778985002,0.021023268742050936,-0.22958047573621299
32.3,0.009659722181411663,0.06367795920638544,0.019319444362823325,-0.21557502976441034
32.4,0.010652434990008565,0.06363010818627883,0.02130486998001713,-0.2218924096635142
32.4,0.009852848101003423,0.06358217003790842,0.019705696202006847,-0.21207049924683696
32.5,0.010998494484985055,0.0635346332832985,0.02199698896997011,-0.2191963452867332
32.5,0.012149570726369843,0.06348753020664144,0.024299141452739686,-0.22770599884345893
32.6,0.011351005049932163,0.06344030982603685,0.022702010099864327,-0.2169453248389801
32.6,0.010307067000052073,0.06339292577010207,0.020614134000104145,-0.21376451778840355
32.7,0.011475833891383605,0.06334595929875073,0.02295166778276721,-0.22028059903259978
32.7,0.010496883697721435,0.06329884196692247,0.02099376739544287,-0.20688519231749236
32.8,0.01167772756084491,0.06325214957851219,0.02335545512168982,-0.21364115243340537
32.8,0.010779918350081536,0.06320532206707985,0.021559836700163072,-0.2039218587558369
32.9,0.011973209888308044,0.06315892970318879,0.023946419776616087,-0.21061194665898425
32.9,0.011187048405885908,0.06311242518135213,0.022374096811771816,-0.20236801484170908
33.0,0.0125456896509562,0.06306641557838352,0.0250913793019124,-0.21005093613777515
33.0,0.011700299529569969,0.06302026555982924,0.023400599059139937,-0.202095370063419
33.1,0.013075577954294992,0.06297463079430171,0.026151155908589983,-0.2099009242176213
33.1,0.012123606856265822,0.06292881303474496,0.024247213712531645,-0.2020431659420892
33.2,0.01351598295510158,0.06288352839874951,0.02703196591020316,-0.2098064527093837
33.2,0.012519282804401797,0.06283803671488031,0.025038565608803593,-0.2024945623032654
33.3,0.014086806851899135,0.06279314842130865,0.02817361370379827,-0.21103684030977954
33.3,0.013187385319044757,0.06274806945920354,0.026374770638089514,-0.20413845719332535
33.4,0.01477705624454564,0.06270362485883761,0.02955411248909128,-0.21271929554425956
33.4,0.013779775993839494,0.06265894174100384,0.02755955198767899,-0.20598227257774715
33.5,0.015392137261432133,0.06261492189043456,0.030784274522864266,-0.2144185009757571
33.5,0.014296786350754242,0.0625706147555896,0.028593572701508484,-0.20755922910154778
33.6,0.01593234995418518,0.06252699764410534,0.03186469990837036,-0.2157103783272598
33.6,0.014919231966356167,0.062483107835755454,0.029838463932712334,-0.20900216034341446
33.7,0.016746736815092245,0.062440006310359494,0.03349347363018449,-0.21776148382413796
33.7,0.015643811530177392,0.062396578312807115,0.031287623060354784,-0.21065649246369977
33.8,0.01750052975805098,0.06235397994996463,0.03500105951610196,-0.21913464245614955
33.8,0.016287853450296094,0.062310992252362585,0.03257570690059219,-0.21160226340102062
33.9,0.018346952794175666,0.06226894787207266,0.03669390558835133,-0.22048728098161385
33.9,0.017207394558851712,0.06222651906726142,0.034414789117703425,-0.2130068297899368
34.0,0.019302524880789183,0.06218509222908497,0.038605049761578365,-0.22160843365245597
34.0,0.01823874384404196,0.062143287213178626,0.03647748768808392,-0.20553657685906224
34.1,0.020370458072701762,0.062102550007949814,0.040740916145403525,-0.21405897882833758
34.1,0.019158797379660482,0.06206133984545447,0.038317594759320964,-0.20156536039707973
34.2,0.021511276828790185,0.06202135240355167,0.04302255365758037,-0.21075542431146044
34.2,0.020102743452678856,0.06198076490733422,0.04020548690535771,-0.20417866725459
34.3,0.02249950502497647,0.06194147269542117,0.04499901004995294,-0.2130197776518461
34.3,0.021161392330832165,0.06190158230366635,0.04232278466166433,-0.20629872891689782
34.4,0.0237939985949537,0.06186317479754456,0.0475879971899074,-0.2152784358797728
34.4,0.022290962324953527,0.06182404094972496,0.044581924649907054,-0.20819821088201396
34.5,0.024976242891213852,0.0617864867939555,0.049952485782427704,-0.2167333801366742
34.5,0.023499890796765847,0.06174817888121931,0.04699978159353169,-0.20967663491142696
34.6,0.02643741692288654,0.06171167820374177,0.05287483384577308,-0.21834495701572937
34.6,0.02478557849244773,0.061674270248174325,0.04957115698489546,-0.21048099563960282
34.7,0.027784835990769724,0.06163879327562414,0.05556967198153945,-0.21860560043084304
34.7,0.02608084600321616,0.06160232473210622,0.05216169200643232,-0.2102779551859899
34.8,0.029350104690852467,0.06156805720023432,0.058700209381704935,-0.21835835964571393
34.8,0.032654434860563845,0.06153626104828816,0.06530886972112769,-0.22755251089832518
34.9,0.031068423871986023,0.0615033609785887,0.062136847743972046,-0.2175838152755593
34.9,0.028419585870141557,0.061468701365409814,0.05683917174028311,-0.20455442314563088
35.0,0.032051611845210125,0.0614366786920885,0.06410322369042025,-0.2114316553283193
35.0,0.029837306951459724,0.06140313674511897,0.05967461390291945,-0.1814339111097203
35.1,0.033770640762629124,0.061372580011622234,0.06754128152525825,-0.18852332111935555
35.1,0.03186373699553461,0.06134064193042711,0.06372747399106922,-0.16211206866773595
35.2,0.03588841246713996,0.061311941403705855,0.07177682493427992,-0.16936307102099454
35.2,0.03406179949807811,0.06128182823014419,0.06812359899615622,-0.15443036018531542
35.3,0.03841095561899253,0.061255435205441945,0.07682191123798505,-0.16230656639875954
35.3,0.03685166561575578,0.06122774818690263,0.07370333123151156,-0.14824063821004074
35.4,0.04130268893526811,0.061204146749953815,0.08260537787053622,-0.1564874921627415
35.4,0.040309220320805125,0.06117966700780383,0.08061844064161025,-0.13990793270721902
35.5,0.04510600610456318,0.06115997109546454,0.09021201220912636,-0.1491227074692558
35.5,0.04304378076453927,0.06113823048115822,0.08608756152907854,-0.1480358220213942
35.6,0.048200663090835275,0.06112195729320023,0.09640132618167055,-0.1569666505069196
35.6,0.045902212792659686,0.06110323976522623,0.09180442558531937,-0.15534347508936142
35.7,0.051182840162273806,0.06109045429331513,0.10236568032454761,-0.16396914561440612
35.7,0.047646587335546706,0.06107369484444711,0.09529317467109341,-0.1669606458836279
35.8,0.05330975246184612,0.061063525536211166,0.10661950492369224,-0.17507690102018714
35.8,0.05903948124070374,0.061060745446015065,0.11807896248140748,-0.18372363331271657
35.9,0.05581471291814885,0.061053742706739536,0.1116294258362977,-0.17594239109426013
35.9,0.051281475576611474,0.06104122026349702,0.10256295115322295,-0.15502644802926424
36.0,0.05748369081315756,0.06103641637256242,0.11496738162631512,-0.1617145487663758
36.0,0.06375744315526236,0.061040279693338924,0.1275148863105247,-0.1690503983085652
36.1,0.05991698281622326,0.06103873603843461,0.11983396563244653,-0.14688433851220717
36.1,0.054435969362188565,0.0610300849477159,0.10887193872437713,-0.13422855405546397
36.2,0.06120832576747534,0.061030331836704074,0.12241665153495068,-0.14001450308867994
36.2,0.056967283013979755,0.0610249064552236,0.11393456602795951,-0.12903812591727037
36.3,0.06389212781899967,0.06102895401584336,0.12778425563799933,-0.13467613689993388
36.3,0.0604520573214012,0.06102816314289587,0.1209041146428024,-0.11938996988707329
36.4,0.06782359934129192,0.061038029978479014,0.13564719868258385,-0.12527858716337104
36.4,0.06337261028517181,0.06104129805963964,0.12674522057034363,-0.12085687673419046
36.5,0.07090419509340723,0.06105591867889234,0.14180839018681446,-0.12635404007545192
36.5,0.06612526653526728,0.061063150848698934,0.13225053307053455,-0.11834433304357048
36.6,0.0738137966454342,0.061082411671652195,0.1476275932908684,-0.12333773075803167
36.6,0.08189159642335582,0.06111567277710632,0.16378319284671164,-0.12900889334324495
36.7,0.07738226435317046,0.06114081270256966,0.15476452870634091,-0.12122917391350763
36.7,0.07067105658891083,0.06115480701519881,0.14134211317782167,-0.1251106364004979
36.8,0.0789940947968617,0.06118261186530346,0.1579881895937234,-0.1290462504278107
36.8,0.07280241059006173,0.061199896400069245,0.14560482118012347,-0.12130135101931305
36.9,0.08128336260906988,0.0612316097288534,0.16256672521813975,-0.124680150420335
36.9,0.07610351994704452,0.06125420441129123,0.15220703989408904,-0.11339956684591487
37.0,0.08507486441284273,0.06129269350089364,0.17014972882568546,-0.11645798387908401
37.0,0.07930891779700198,0.06132061153021723,0.15861783559400397,-0.11416694343494349
37.1,0.08844055127386205,0.06136528761079931,0.1768811025477241,-0.11689055318141373
37.1,0.08220754275391076,0.061398138268226064,0.16441508550782152,-0.10661870633355841
37.2,0.09149414557309933,0.061448551226202956,0.18298829114619866,-0.10889208027827157
37.2,0.08484324044662717,0.06148597007732692,0.16968648089325433,-0.08413394680924302
37.3,0.09427922184791544,0.061541700947287566,0.18855844369583089,-0.08620050490345488
37.3,0.08769342209110458,0.06158419059291751,0.17538684418220915,-0.045598165511079536
37.4,0.09763216933530604,0.06164653952016235,0.19526433867061208,-0.04783994317072704
37.4,0.09077405411265138,0.0616946608154502,0.18154810822530276,-0.033639969621908516
37.5,0.10086046422506313,0.06176351114864852,0.20172092845012626,-0.0365115383421144
37.5,0.09310945649430703,0.061815889237165966,0.18621891298861407,-0.03335142776935607
37.6,0.10333679857142662,0.06188970060286776,0.20667359714285324,-0.036623790729074734
37.6,0.09512760209294345,0.06194574320647941,0.1902552041858869,-0.036522884443077164
37.7,0.10548901268911098,0.06202384419246106,0.21097802537822197,-0.03994519684073295
37.7,0.09699012944355155,0.06208326202307158,0.1939802588871031,-0.038753169574772706
37.8,0.10785462303698179,0.06216617884362402,0.21570924607396358,-0.04226319442241566
37.8,0.09964966109316298,0.06223067439683685,0.19929932218632596,-0.043299757334097855
37.9,0.11064250681582921,0.062319438861652435,0.22128501363165842,-0.046578246478971685
37.9,0.12169629818528951,0.06243498276503525,0.24339259637057903,-0.049852544842279745
38.0,0.11319913974239394,0.06252898528382332,0.22639827948478788,-0.054598267628466424
38.0,0.12436892603310626,0.06265047145868617,0.24873785206621252,-0.05760146746948093
38.1,0.11338505255372179,0.06274406397604766,0.22677010510744358,-0.07658478409473846
38.1,0.10010096374941942,0.0628076508843474,0.20020192749883883,-0.0800163053998495
38.2,0.1114293134486472,0.0628959787517733,0.2228586268972944,-0.08092462512039454
38.2,0.1015681239307014,0.0629621234205514,0.2031362478614028,-0.07195030256553903
38.3,0.11299106218072572,0.06305343646360068,0.22598212436145143,-0.07215639564465492
38.3,0.12445797850974406,0.0631725197382893,0.24891595701948813,-0.07271452769264285
38.4,0.11573064471066463,0.06326947495541729,0.23146128942132926,-0.05837451797475435
38.4,0.10510856372650776,0.0633419241623324,0.21021712745301552,-0.06365064964882407
38.5,0.11709598752347264,0.06344140755576168,0.23419197504694528,-0.06312861012188797
38.5,0.1076191000774144,0.06351871026993555,0.2152382001548288,-0.05892895805653753
38.6,0.11967884194930435,0.06362366525820211,0.2393576838986087,-0.05811414719604091
38.6,0.13177103621317224,0.06375907004510838,0.2635420724263445,-0.057712320480783216
38.7,0.12256595869837633,0.06387013315945873,0.24513191739675266,-0.04911701759978193
38.7,0.10982184247844377,0.0639508080628718,0.21964368495688755,-0.03019097820660699
38.8,0.12199610240419989,0.06405960307620759,0.24399220480839978,-0.028827548608993503
38.8,0.1341927348425571,0.064199301755891,0.2683854696851142,-0.027887427853297897
38.9,0.1239908908228803,0.064311989005211,0.2479817816457606,0.014409410907795461
38.9,0.13622458680390007,0.06445593887241689,0.27244917360780013,0.01479994951472241
39.0,0.1226803020357878,0.06456434833373603,0.2453606040715756,0.030773891950441
39.0,0.10810654572519156,0.06463895218874265,0.21621309145038312,0.03502247779079548
39.1,0.12037652118154622,0.06474100806756815,0.24075304236309245,0.033977669781832365
39.1,0.1101226913606447,0.06481933325201086,0.2202453827212894,0.04058321735464476
39.2,0.1224039480111181,0.0649254575000802,0.2448078960222362,0.03890290164015253
39.2,0.11331002517358868,0.06501011333748336,0.22662005034717736,0.04253029867946933
39.3,0.12559226965073095,0.06512314889469936,0.2511845393014619,0.04041172404450011
39.3,0.11635330837514277,0.06521390076169689,0.23270661675028553,0.07673929787452138
39.4,0.1286260940566381,0.06533353984317077,0.2572521881132762,0.0738477218002167
39.4,0.1408905585351566,0.06548469387235324,0.2817811170703132,0.0715248948101488
39.5,0.13003312552867144,0.06560671100600166,0.2600662510573429,0.0643989395580653
39.5,0.1156020237028617,0.06569405118517334,0.2312040474057234,0.0566122497266095
39.6,0.12782521737215774,0.06580964092583877,0.2556504347443155,0.05275851563244373
39.6,0.14002997289720615,0.06595603529554772,0.2800599457944123,0.04972389042344805
39.7,0.12793500398812313,0.06607081540451248,0.25587000797624626,0.03673094888925732
39.7,0.14009481504598245,0.06621611064435311,0.2801896300919649,0.03383089796608063
39.8,0.12565851670558945,0.06632435326901417,0.2513170334111789,0.029561146418688455
39.8,0.1097481165000801,0.06639672449781596,0.2194962330001602,0.018080569086000864
39.9,0.12182161295105451,0.06649521850072489,0.24364322590210902,0.01517904457444752
39.9,0.13386144258226787,0.06662227823936555,0.26772288516453574,0.013079330053434202
40.0,0.12267514399203035,0.06672186962652378,0.2453502879840607,0.00937379702111496
40.0,0.10927866762710033,0.06679199361150037,0.21855733525420065,0.008556779569142137
40.1,0.12120223592895539,0.06688752097748343,0.24240447185791078,0.007211951948909778
40.1,0.13308211455965543,0.06701078522350219,0.26616422911931087,0.006470545857641508
40.2,0.12204793723028558,0.0671074013125435,0.24409587446057116,0.005678065678591526
40.2,0.13381773575638245,0.06723150067436985,0.2676354715127649,0.005700110442204754
40.3,0.12166469614356452,0.06732642595226007,0.24332939228712905,0.008892292726873308
40.3,0.1332529749252891,0.06744815763677794,0.2665059498505782,0.0088341096925042
40.4,0.11886047028171066,0.06753608893513068,0.23772094056342133,0.006866268303820977
40.4,0.1045327634790359,0.06759439319200486,0.2090655269580718,0.01584909393468381
40.5,0.11582608096782351,0.06767523415087154,0.23165216193564703,0.016597422312364163
40.5,0.12701511108549138,0.06778052934488217,0.25403022217098276,0.01774236323085132
40.6,0.11575456210422194,0.06786057046970827,0.23150912420844388,0.01927718392979738
40.6,0.12672636836814083,0.06796442871496972,0.25345273673628166,0.020976338663050598
40.7,0.11320951141109771,0.06803856453630032,0.22641902282219542,0.0302839072207588
40.7,0.12395284022684533,0.06813541149043784,0.24790568045369066,0.03241200192149574
40.8,0.11006265101034289,0.06820265099744892,0.22012530202068578,0.035847141904647994
40.8,0.09597682679078888,0.06824360612324434,0.19195365358157776,0.03840576876264068
40.9,0.10635738164561101,0.06830325810556362,0.21271476329122202,0.04078177220159551
40.9,0.09658246470460163,0.06834497317345622,0.19316492940920327,0.04432487345639302
41.0,0.1067082651734409,0.06840493503005894,0.2134165303468818,0.04689543416089004
41.0,0.09794655323951501,0.06844872661839695,0.19589310647903002,0.057218097488108466
41.1,0.10780799542121647,0.06851042283084284,0.21561599084243294,0.05984461410586972
41.1,0.09837558551009919,0.0685546598812517,0.19675117102019837,0.06872665626959674
41.2,0.10796365335220261,0.0686162800895092,0.21592730670440521,0.07144886854276722
41.2,0.09850238649155495,0.0686604341057352,0.1970047729831099,0.06583008223197284
41.3,0.10780882654792533,0.06872138776450153,0.21561765309585065,0.06851738797370066
41.3,0.09736131421421208,0.06876327310072602,0.19472262842842417,0.05967698986265191
41.4,0.10637852424844432,0.06882117314799778,0.21275704849688865,0.0626530136234642
41.4,0.11524835240247656,0.06889611689211608,0.23049670480495313,0.06598166948410222
41.5,0.10444385997422297,0.06895003834419212,0.20888771994844593,0.059460955288599404
41.5,0.0913298366871944,0.06898137076125177,0.1826596733743888,0.0575443864714793
41.6,0.09974975075924335,0.06902663909475763,0.1994995015184867,0.061217744565611465
41.6,0.0890830945522109,0.06905424207116859,0.1781661891044218,0.061370082401008386
41.7,0.0971970243152798,0.06909489939611048,0.1943940486305596,0.06538953771397793
41.7,0.08723149103431606,0.06911949563185606,0.17446298206863212,0.06664862741547095
41.8,0.09503610370041841,0.06915634254298958,0.19007220740083683,0.07099839455378422
41.8,0.0851508282065615,0.06917768385386605,0.170301656413123,0.07249270313241053
41.9,0.09264410518112288,0.06921046766927706,0.18528821036224577,0.07711490887973094
41.9,0.08285255865047349,0.06922834911684574,0.16570511730094697,0.07864450216097962
42.0,0.09003383691333898,0.06925686751969376,0.18006767382667796,0.08348422663709165
42.0,0.08038014735153454,0.0692711714348861,0.16076029470306907,0.08491327356085643
42.1,0.08725017047789464,0.06929531964003231,0.17450034095578928,0.0899206009525586
42.1,0.07805263345467944,0.06930637656552785,0.1561052669093589,0.08845976959924551
42.2,0.08461358307163255,0.0693265368639836,0.1692271661432651,0.09356908075780178
42.2,0.09102080018394754,0.06935625637312211,0.18204160036789507,0.0989474744864145
42.3,0.08155702435003957,0.06937196336815835,0.16311404870007915,0.09239112690620475
42.3,0.06977357685174462,0.06937243946109835,0.13954715370348925,0.09181946143409148
42.4,0.07572867040867996,0.06938028721663808,0.15145734081735993,0.0972056554004479
42.4,0.06686824730207666,0.06937737847238594,0.13373649460415332,0.09666077595449973
42.5,0.07252928299402132,0.06938117519073762,0.14505856598804265,0.10209513056308639
42.5,0.06472478996063112,0.06937588071458138,0.12944957992126224,0.10138523736837168
42.6,0.07009933429300795,0.06937673526357836,0.1401986685860159,0.1069164627261272
42.6,0.06228989018474647,0.06936884175833527,0.12457978036949294,0.10749838825724822
42.7,0.06738671193586526,0.06936655120310374,0.13477342387173052,0.11313919562876551
42.7,0.05977735859268722,0.0693560979677676,0.11955471718537444,0.11365057638452261
42.8,0.06460624618116546,0.06935073260818189,0.12921249236233093,0.11934824646555686
42.8,0.057233334219884836,0.06933781226424258,0.11446666843976967,0.11952681339390203
42.9,0.061804898224640394,0.06932949937011683,0.12360979644928079,0.12523550150809284
42.9,0.054687922517562194,0.06931423485493092,0.10937584503512439,0.12497970173367048
43.0,0.05901341804663709,0.06930313336928172,0.11802683609327418,0.13066197561015214
43.0,0.052228165732007774,0.06928572246736543,0.10445633146401555,0.13017305782639887
43.1,0.0563193066048443,0.06927207057467245,0.1126386132096886,0.13580508631320895
43.1,0.04973959503001389,0.06925260297435279,0.09947919006002778,0.13467954530996937
43.2,0.05360839549932864,0.06923652093413697,0.10721679099865727,0.14023037413321848
43.2,0.047838094280559,0.0692155783005632,0.095676188561118,0.13866048011351273
43.3,0.051496658796908824,0.0691977136457738,0.10299331759381765,0.14411338885096336
43.3,0.045402741094855745,0.06917495725760398,0.09080548218971149,0.14202672094459468
43.4,0.048863189666513644,0.0691549662415772,0.09772637933302729,0.14738313010853465
43.4,0.04303747704940792,0.0691305545094893,0.08607495409881584,0.1449520997042555
43.5,0.046311743459032016,0.06910862610427233,0.09262348691806403,0.1502052677583996
43.5,0.049496899827324234,0.06908927971009513,0.09899379965464847,0.15591105096496127
43.6,0.043882121647438425,0.06906561463044003,0.08776424329487685,0.15256385451505405
43.6,0.046898466742587464,0.06904426983171937,0.09379693348517493,0.15818890844069558
43.7,0.04098787494198242,0.0690186568508655,0.08197574988396485,0.15502245310641305
43.7,0.03435028868865527,0.06898894641386819,0.06870057737731054,0.15742888766857852
43.8,0.03713462061015714,0.06896094042865708,0.07426924122031428,0.16173921362097188
43.8,0.03251060109533898,0.06893032044286393,0.06502120219067796,0.1595992585447905
43.9,0.03515288361310596,0.0689012361111493,0.07030576722621192,0.1637661763615812
43.9,0.031143331989242882,0.06887000781441106,0.062286663978485764,0.15819980429121336
44.0,0.03365337635195067,0.06884018038690205,0.06730675270390134,0.16227096551499454
44.0,0.029806049735763743,0.06880839184403027,0.059612099471527485,0.14604253081268626
44.1,0.032193122631058634,0.06877788206236116,0.06438624526211727,0.15013030020952023
44.1,0.02850125909497154,0.06874558021247172,0.05700251818994308,0.14364189388190107
44.2,0.03077407182688259,0.06871444659604603,0.06154814365376518,0.14788467678005546
44.2,0.03299263168595484,0.0686845343573509,0.06598526337190969,0.15281884392049516
44.3,0.029401326163869597,0.06865283274381963,0.058802652327739194,0.14754823013832222
44.3,0.03151770813786732,0.068622248378439,0.06303541627573464,0.1526240110331729
44.4,0.027255236218309345,0.06858966055465189,0.05451047243661869,0.14756345652235847
44.4,0.023361199489280934,0.0685555118593214,0.04672239897856187,0.14539972646514257
44.5,0.02533838188355756,0.06852221336302396,0.05067676376711512,0.14937214964607382
44.5,0.022288990468472245,0.06848778222773261,0.04457798093694449,0.14402036175033528
44.6,0.024181502962308508,0.06845413207846485,0.048363005924617015,0.14826649028266733
44.6,0.02152835879260026,0.06841954732750874,0.04305671758520052,0.14352483866602883
44.7,0.023342370441847966,0.06838568903825797,0.04668474088369593,0.14795696322177185
44.7,0.025119124561538086,0.06835259431615645,0.05023824912307617,0.1531245238855288
44.8,0.022522475278973098,0.06831854598043523,0.045044950557946196,0.14817924038197106
44.8,0.019364741010162556,0.06828347578885124,0.03872948202032511,0.14154000317108206
44.9,0.021038569392091814,0.06824901817617637,0.04207713878418363,0.14594668284133983
44.9,0.018604398426822093,0.06821383230401976,0.037208796853644185,0.1359408228379997
45.0,0.020215663233961744,0.06817921686145734,0.04043132646792349,0.14062888700213083
45.0,0.02179721735279127,0.06814520251908134,0.04359443470558254,0.14605760307080654
45.1,0.019830953473983868,0.06811057985493119,0.039661906947967736,0.13047209427228834
45.1,0.017569873504611113,0.06807532780668314,0.035139747009222226,0.12612916881273328
45.2,0.0190693521725357,0.06804058272986975,0.0381387043450714,0.13131850670188516
45.2,0.017368552157881568,0.06800539279189415,0.034737104315763136,0.1266185817333354
45.3,0.018818135414261302,0.06797068883971392,0.037636270828522604,0.13224363963457675
45.3,0.017201167329143972,0.0679355706981776,0.034402334658287945,0.15022596193576465
45.4,0.018604570441001687,0.06790091985708237,0.037209140882003375,0.15572700222281588
45.4,0.01998598378308122,0.06786676025277041,0.03997196756616244,0.16184787167925485
45.5,0.018099881749280355,0.06783207615853462,0.03619976349856071,0.159105250418575
45.5,0.015607277061211487,0.06779676969257376,0.031214554122422973,0.1638366969810039
45.6,0.01692830955380722,0.06776187053095513,0.03385661910761444,0.1688422109576373
45.6,0.01492508443457557,0.06772651344285585,0.02985016886915114,0.1586588812076002
45.7,0.016209408596406585,0.06769153890590354,0.03241881719281317,0.1635688707692702
45.7,0.014461296831792736,0.06765618936045945,0.02892259366358547,0.14443384097456669
45.8,0.01571160929595462,0.06762120352455563,0.03142321859190924,0.14953749058251997
45.8,0.014033711869142717,0.06758587293649704,0.028067423738285434,0.13141963406520188
45.9,0.015252543818220008,0.06755088911018636,0.030505087636440015,0.13693260945000718
45.9,0.01363111800167719,0.06751558562524693,0.02726223600335438,0.12170134330165183
46.0,0.014820843150570738,0.0674806134810558,0.029641686301141477,0.12776962641756603
46.0,0.013252830125393538,0.06744534457479523,0.026505660250787075,0.11540983789387216
46.1,0.014415680310246549,0.06741039298003487,0.028831360620493098,0.12210727183735148
46.1,0.01289850570745224,0.06737516557890884,0.02579701141490448,0.11215646160151316
46.2,0.014036584933656348,0.06734024273723534,0.028073169867312696,0.11949815717548651
46.2,0.012871009682777797,0.06730512527137461,0.025742019365555594,0.11565831836404916
46.3,0.013986249241914975,0.06727030613947137,0.02797249848382995,0.12383702552385456
46.3,0.012517266291238408,0.0672352315710505,0.025034532582476815,0.11740018100198849
46.4,0.01361162209416456,0.06720044393653025,0.02722324418832912,0.12604206978638066
46.4,0.014696047814728802,0.06716595956648493,0.029392095629457604,0.1350455839185063
46.5,0.013252756944680512,0.06713120837494095,0.026505513889361024,0.1284237635886134
46.5,0.011537250994416146,0.06709617320987427,0.02307450198883229,0.12253208340839716
46.6,0.01259516667802326,0.06706139951982759,0.02519033335604652,0.13186345789314705
46.6,0.011185653857238569,0.06702641417960069,0.022371307714477137,0.12331948488178712
46.7,0.012227795682004843,0.06699168081411296,0.024455591364009686,0.13303710701051494
46.7,0.01101091621874629,0.06695677777116105,0.02202183243749258,0.12615304868614263
46.8,0.012038824502503317,0.06692212056762448,0.024077649005006634,0.13616312774643857
46.8,0.010832705929404936,0.06688729920771487,0.021665411858809873,0.13015213322000996
46.9,0.01184788328611095,0.066852717877916,0.0236957665722219,0.14034446716898816
46.9,0.01068460565320111,0.06681798333655008,0.02136921130640222,0.13351779674446274
47.0,0.011688481685665667,0.06678348384700196,0.023376963371331334,0.14389557426763888
47.0,0.010545771854961009,0.06674883751834568,0.021091543709922018,0.13698983199610604
47.1,0.011539739489206436,0.06671442173164063,0.023079478978412872,0.14751718128453417
47.1,0.010394661403662365,0.0666798613748791,0.02078932280732473,0.14165847524119357
47.2,0.01138008533956995,0.06664552716384625,0.0227601706791399,0.1522547347102168
47.2,0.012361333268992062,0.06661143329391336,0.024722666537984123,0.1631964269431929
47.3,0.011255743451792836,0.066577186669689,0.022511486903585672,0.15386752477303745
47.3,0.009840807194225806,0.0665427577824033,0.01968161438845161,0.1451395720633015
47.4,0.010810810641187914,0.06650854286733866,0.021621621282375828,0.15594469930988097
47.4,0.011776924214630669,0.06647455572471508,0.023553848429261337,0.16714597575717294
47.5,0.010675345125447055,0.06644042674726418,0.02135069025089411,0.16351242481919082
47.5,0.009359782044021376,0.06640614323400319,0.01871956408804275,0.15590263651609026
47.6,0.010315612027242894,0.06637206314121276,0.020631224054485788,0.16628618553410446
47.6,0.009280302521123666,0.06633787656967714,0.01856060504224733,0.15560788441439358
47.7,0.01022942673398466,0.0663038906973598,0.02045885346796932,0.16621572052839673
47.7,0.011175119443460006,0.06627011878833937,0.02235023888692001,0.17737522093577462
47.8,0.010244322234658317,0.06623624284881528,0.020488644469316634,0.16595883927614974
47.8,0.00906019866315162,0.06620223990892225,0.01812039732630324,0.15769432943552664
47.9,0.009996929045402574,0.0661684315664274,0.019993858090805148,0.16845614065644376
47.9,0.009017469013342147,0.06613452960060097,0.018034938026684294,0.15712032377108676
48.0,0.009948454100179424,0.06610082027543654,0.01989690820035885,0.16825269266647025
48.0,0.009073941524068922,0.0660670328893932,0.018147883048137844,0.15786467755513955
48.1,0.009999520305499469,0.066033437686031,0.019999040610998938,0.16923902863777096
48.1,0.009113406332341872,0.06599976190656004,0.018226812664683744,0.15900924172482256
48.2,0.010033922099993388,0.06596627765560292,0.020067844199986775,0.17065031130782501
48.2,0.01095182272272147,0.06593299745604007,0.02190364544544294,0.18281896467398442
48.3,0.010049982010819055,0.06589962055878583,0.02009996402163811,0.17174255680517758
48.3,0.008756640637446526,0.06586610476284369,0.01751328127489305,0.1589717107440034
48.4,0.009668118380077763,0.06583277317732138,0.019336236760155525,0.17147917861827766
48.4,0.008783383142604182,0.06579936547677025,0.017566766285208365,0.15972906968774936
48.5,0.009690823383281227,0.06576614134228514,0.019381646766562455,0.17285064826748364
48.5,0.008822972659778798,0.06573284297447146,0.017645945319557595,0.16415551022973407
48.6,0.009726808315564,0.06569972777416756,0.019453616631128,0.1773785797468932
48.6,0.008849128617484981,0.06566653634770098,0.017698257234969962,0.1682187228656167
48.7,0.009749739353907317,0.06563352755879413,0.019499478707814634,0.18151194552064664
48.7,0.008885116476193508,0.06560044390853469,0.017770232952387017,0.17201037269031572
48.8,0.009782879268266736,0.0655675425602674,0.019565758536533473,0.18535922301862406
48.8,0.008916816011336998,0.06553456556565039,0.017833632022673997,0.17458393195152305
48.9,0.009812111141475427,0.06550177053550597,0.019624222282950854,0.18799659495484616
48.9,0.008945418412534455,0.06546889924228914,0.01789083682506891,0.1770963527014054
49.0,0.009838636807628668,0.06543620959315735,0.019677273615257337,0.19052831137610124
49.0,0.009020243233818939,0.06540344997034774,0.018040486467637878,0.1859678026915848
49.1,0.00991175581528925,0.06537087236443072,0.0198235116305785,0.19945708774063747
49.1,0.00900663932707379,0.0653382114764364,0.01801327865414758,0.20227775622855093
49.2,0.009896889034337112,0.06530573183036434,0.019793778068674224,0.21558578943339546
49.2,0.010786366696630157,0.0652734453037904,0.021572733393260313,0.2293208635328141
49.3,0.009880121027287003,0.06524106268239444,0.019760242054574006,0.22984354587536693
49.3,0.008851386626423438,0.06520857986108423,0.017702773252846877,0.22716494745941151
49.4,0.009740362281131572,0.06517627518307094,0.019480724562263144,0.23969421606034969
49.4,0.010628963439605036,0.06514416053971894,0.021257926879210073,0.2527980274592694
49.5,0.009777484209255444,0.06511196013538861,0.019554968418510888,0.23918833232739756
49.5,0.008634684233454742,0.06507964560665437,0.017269368466909484,0.21803313524343304
49.6,0.009524003050129336,0.065047505547876,0.019048006100258672,0.2292941683277676
49.6,0.008592595906339298,0.0650152836319996,0.017185191812678597,0.20824800650371866
49.7,0.009482595210078286,0.06498323533525968,0.018965190420156573,0.21937784777379976
49.7,0.00865636389796816,0.06495111968891898,0.01731272779593632,0.19886964358099224
49.8,0.009547396677803594,0.06491917831039623,0.01909479335560719,0.21004477673089594
49.8,0.008709392257248793,0.06488716703038393,0.017418784514497587,0.20619046674765906
49.9,0.00960183733138629,0.06485533057846124,0.01920367466277258,0.217483674556894
49.9,0.010494893262217522,0.06482368104915266,0.020989786524435044,0.2295551038021073
50.0,0.009640652844413396,0.06479194659866348,0.019281305688826793,0.22727637244655252
50.0,0.010535731192910779,0.06476039954580103,0.021071462385821558,0.2392056153746296
50.1,0.009432086366422019,0.06472873013646976,0.018864172732844037,0.23851531825676542
50.1,0.008233774979142974,0.06469694520761411,0.01646754995828595,0.24295977274242814
50.2,0.009133065957417624,0.06466532847985061,0.018266131914835247,0.25224833573297767
50.2,0.008281109985501956,0.06463364500047634,0.016562219971003912,0.24702954715717773
50.3,0.009183388816210714,0.06460213043436452,0.01836677763242143,0.25575274840186024
50.3,0.00844171698533528,0.06457056256705716,0.01688343397067056,0.2462876582462239
50.4,0.009347331357563816,0.0645391659424514,0.01869466271512763,0.2545582992210167
50.4,0.010254535049253674,0.06450795311817152,0.02050907009850735,0.2640880240308166
50.5,0.009491807458804796,0.06447667134475633,0.018983614917609592,0.2524073762302361
50.5,0.00848286505951191,0.06444529706572653,0.01696573011902382,0.25477124624116865
50.6,0.00939632473589171,0.06441409500995657,0.01879264947178342,0.2609669303906364
50.6,0.008535826320986335,0.06438282112801011,0.01707165264197267,0.24936781960321186
50.7,0.009453677275685598,0.0643517204837014,0.018907354551371196,0.2553201489433956
50.7,0.008677220175606914,0.06432055826426109,0.017354440351213828,0.2421815835260941
50.8,0.009599792456741944,0.064289571590025,0.019199584913483888,0.24806424422552542
50.8,0.008819663310948304,0.06425852096533091,0.017639326621896607,0.2378749373468163
50.9,0.009747280476463206,0.0642276482735299,0.019494560952926412,0.24390846582768466
50.9,0.010677386309974364,0.06419696677566532,0.02135477261994873,0.2514365570957855
51.0,0.009861215802800262,0.06416620268320122,0.019722431605600523,0.23796098090873175
51.0,0.010796869940536283,0.06413563193175319,0.021593739881072566,0.24545150585501263
51.1,0.009679118762649883,0.06410493168774573,0.019358237525299766,0.23674433869705513
51.1,0.00847594111176234,0.06407411006861437,0.01695188222352468,0.2324150478679381
51.2,0.009420777045732968,0.0640434629645647,0.018841554091465935,0.23689318538052984
51.2,0.008565502383267677,0.06401274374724757,0.017131004766535354,0.22478328421984983
51.3,0.00951666383903455,0.0639822008910224,0.0190333276780691,0.229406679526019
51.3,0.008769095150123214,0.0639515988599582,0.017538190300246427,0.21636355697572446
51.4,0.009726873544597394,0.06392117674255687,0.019453747089194787,0.22123145058979476
51.4,0.00895067961996086,0.06389068900422669,0.01790135923992172,0.2093392397053666
51.5,0.0099153648737661,0.0638603844910335,0.0198307297475322,0.2144594074567836
51.5,0.010883482846014706,0.06383027761069716,0.021766965692029412,0.22105950144161746
51.6,0.010119528067421538,0.06380009300169523,0.020239056134843076,0.2080179008161318
51.6,0.011094971882670827,0.06377010986438784,0.022189943765341655,0.21474062667511173
51.7,0.0099827155599638,0.06373999268805985,0.0199654311199276,0.20662927186649327
51.7,0.008778118236449283,0.06370974804085283,0.017556236472898567,0.2024253521373125
51.8,0.009765280234950612,0.06367968638383496,0.019530560469901224,0.20682258924860752
51.8,0.009053443093248697,0.06364956702928079,0.018106886186497393,0.19645271991298952
51.9,0.010192235412970672,0.06361965764925225,0.020384470825941345,0.20217621673568242
51.9,0.009544806437596944,0.06358969507435472,0.01908961287519389,0.1924361897320752
52.0,0.010694395062206158,0.06355995225142862,0.021388790124412315,0.19882138774731262
52.0,0.009970151212673042,0.06353013948419892,0.019940302425346085,0.1902913037477041
52.1,0.011130899626823787,0.0635005552989066,0.022261799253647574,0.19714076745070752
52.1,0.010327697234000363,0.06347088384464822,0.020655394468000726,0.18975809117979026
52.2,0.011499961705797602,0.06344144880014102,0.022999923411595204,0.19687108529110908
52.2,0.01063543675618952,0.06341191198880981,0.02127087351237904,0.18982841925061184
52.3,0.011819557997459575,0.06338261870356658,0.02363911599491915,0.1970718385231391
52.3,0.011052461791775842,0.06335323554232644,0.022104923583551685,0.1911455219554128
52.4,0.012400035745717417,0.06332413325404211,0.024800071491434834,0.1995409693057999
52.4,0.011570926806482971,0.06329492335340532,0.023141853612965942,0.19366382118132908
52.5,0.012934344232075255,0.0632660074134395,0.02586868846415051,0.2021934195178905
52.5,0.01227899431555792,0.06323700894064077,0.02455798863111584,0.1824260118726304
52.6,0.0136584994478371,0.06320832169009834,0.0273169988956742,0.19225485181996227
52.6,0.012683772898943497,0.06317948283111204,0.025367545797886994,0.18727417019578052
52.7,0.01407994508782234,0.06315096657680257,0.02815989017564468,0.19697213702085437
52.7,0.013127390194443787,0.06312229681720886,0.026254780388887573,0.19474169404469466
52.8,0.014699659663218807,0.0630939970606554,0.029399319326437613,0.20520251111778176
52.8,0.013682419285318425,0.06306552147811266,0.02736483857063685,0.20182301283933324
52.9,0.01527624643597445,0.06303743330066564,0.0305524928719489,0.21184742319165295
52.9,0.014176001191981234,0.06300914268870213,0.028352002383962467,0.20736423502251355
53.0,0.015791859134556052,0.06298125584727146,0.031583718269112104,0.21681612383681514
53.0,0.014776294906107434,0.06295317669752569,0.02955258981221487,0.21203631771984144
53.1,0.016580675748302715,0.06292556171501826,0.03316135149660543,0.22187414907225783
53.1,0.015859068168377722,0.06289781142647957,0.031718136336755444,0.2201021215550294
53.2,0.017691131081696416,0.06287056099592638,0.03538226216339283,0.22908892402888714
53.2,0.016426847572286837,0.0628430274541679,0.032853695144573675,0.204627517955986
53.3,0.01828705926066316,0.06281601621754335,0.03657411852132632,0.21313461603361805
53.3,0.01738432289735333,0.06278880351845105,0.03476864579470666,0.20324152196660927
53.4,0.019447236821769142,0.0627621973584614,0.038894473643538284,0.21250820634167944
53.4,0.021526941911108717,0.06273626567877226,0.043053883822217434,0.22279606521925155
53.5,0.02074166749349413,0.06271012425454212,0.04148333498698826,0.21931170866745742
53.5,0.018850017636363542,0.0626834625106175,0.037700035272727084,0.2261126290301081
53.6,0.02116141514998469,0.0626575283198864,0.04232283029996938,0.2346553899591428
53.6,0.019775003551150826,0.06263120915117208,0.03955000710230165,0.22956698909973072
53.7,0.022128101111777567,0.06260566192024,0.044256202223555134,0.23702206093392286
53.7,0.020970594559317567,0.06257978074011143,0.04194118911863513,0.25383826873434145
53.8,0.02355151032117666,0.06255479141741768,0.04710302064235332,0.2592112119424539
53.8,0.022265430162934724,0.06252940069336427,0.04453086032586945,0.2543746289194928
53.9,0.024895687518978894,0.06250496818589647,0.04979137503795779,0.25888485799926425
53.9,0.02314870462393866,0.06247994840599576,0.04629740924787732,0.242263454533016
54.0,0.026021394338694572,0.06245601302236276,0.052042788677389144,0.24687576643293507
54.0,0.02430356039356555,0.0624314717432217,0.0486071207871311,0.2309697984162713
54.1,0.027233738561129987,0.06240808548435865,0.05446747712225997,0.23566390413637528
54.1,0.025403435105373354,0.06238402006522922,0.05080687021074671,0.2210300656051985
54.2,0.02859201927249163,0.06236126446277401,0.05718403854498326,0.2261222270144554
54.2,0.026910827264252368,0.062337852132211984,0.053821654528504737,0.21741791164684976
54.3,0.030165682612727753,0.0623158480244024,0.060331365225455506,0.2216996127849602
54.3,0.028259913727115372,0.06229305374324388,0.056519827454230745,0.20430243033855255
54.4,0.03179017376978918,0.0622718590184908,0.06358034753957836,0.20892534009443509
54.4,0.029999863000768585,0.0622498793882284,0.05999972600153717,0.19338379752778012
54.5,0.033605150514580635,0.06222962431138771,0.06721030102916127,0.19878487913447174
54.5,0.031597929086465665,0.06220843476314238,0.06319585817293133,0.17922497107453106
54.6,0.03549627246623671,0.06218920439299924,0.07099254493247342,0.1855791881732829
54.6,0.033469897241286135,0.062168974049076425,0.06693979448257227,0.17367128171198187
54.7,0.03745246466500579,0.0621508531648087,0.07490492933001158,0.18011608576832416
54.7,0.03498617844119308,0.06213144597130718,0.06997235688238616,0.16581743164737126
54.8,0.03928024370705161,0.06211441258356733,0.07856048741410322,0.17276847045519195
54.8,0.043620492759177905,0.06210004893945125,0.08724098551835581,0.18083499314313523
54.9,0.04142741884879497,0.062084338884764306,0.08285483769758994,0.1677902970854277
54.9,0.03749372551944187,0.06206637577689999,0.07498745103888374,0.1738154420771152
55.0,0.04221158075985206,0.06205119734340441,0.08442316151970412,0.18046367224411863
55.0,0.0399589553072594,0.06203468654304057,0.0799179106145188,0.1717109581662215
55.1,0.0447789379209815,0.06202119207436376,0.089557875841963,0.17852811854842535
55.1,0.041993295212752926,0.062005950464310795,0.08398659042550585,0.16230338487711737
55.2,0.0471623782522163,0.06199410266449589,0.0943247565044326,0.16917932701751615
55.2,0.04428554676976886,0.06198035173736284,0.08857109353953772,0.14983347135948488
55.3,0.049565187723474784,0.06197024074495181,0.09913037544694957,0.15681521112671826
55.3,0.04617645503200919,0.061957779114771266,0.09235291006401838,0.13478731584227369
55.4,0.051823622048997146,0.06194937262064674,0.10364724409799429,0.14222461618438054
55.4,0.04850735140664769,0.06193855609006151,0.09701470281329538,0.11903845209484976
55.5,0.05427280901862568,0.061932071191225284,0.10854561803725137,0.12651988575024253
55.5,0.05066094201511214,0.06192284032075558,0.10132188403022428,0.1131934212194372
55.6,0.05681173535022884,0.06191842956967331,0.11362347070045768,0.12143844995941233
55.6,0.053440418718265915,0.06191132700702389,0.10688083743653183,0.11190820899872778
55.7,0.05971620874618342,0.06190938968706569,0.11943241749236684,0.12025937305085987
55.7,0.05565435223288364,0.06190405817610064,0.11130870446576728,0.11374996900766776
55.8,0.0620528534338561,0.06190419178499959,0.1241057068677122,0.12197868516889643
55.8,0.06851119304238769,0.06191042765560446,0.13702238608477538,0.130438451850019
55.9,0.06446992653547438,0.06191276638156445,0.12893985307094877,0.12675874358333505
55.9,0.07133745088574853,0.061921837292956694,0.14267490177149705,0.13518938424712235
56.0,0.0657450391099773,0.06192535929164434,0.1314900782199546,0.11152753428699946
56.0,0.05923774554654973,0.06192301166556101,0.11847549109309946,0.09616626708255605
56.1,0.06629413197075072,0.06192704846360649,0.13258826394150144,0.10379258237162703
56.1,0.06120730443164955,0.0619264107050307,0.1224146088632991,0.09133149184140588
56.2,0.06868521034326423,0.06193275733936639,0.13737042068652847,0.09952746760116926
56.2,0.06440145342542365,0.06193499742191785,0.1288029068508473,0.09137384983046482
56.3,0.07200655809639234,0.06194467706923173,0.14401311619278467,0.0995976381764796
56.3,0.06709743959836634,0.06194944338179262,0.13419487919673267,0.0871837475196402
56.4,0.074825827566811,0.06196205485976185,0.149651655133622,0.09497761938320237
56.4,0.06973863967750461,0.06196938118841155,0.13947727935500923,0.08758271818008856
56.5,0.0775857292612132,0.06198495409084033,0.1551714585224264,0.09535963990848195
56.5,0.07246195647296537,0.06199500853172867,0.14492391294593074,0.09188971686424496
56.6,0.08074583814156318,0.06201409179290559,0.16149167628312636,0.09938142624570978
56.6,0.07491248162431564,0.062026669815997006,0.1498249632486313,0.10571063385403234
56.7,0.0833150058457912,0.062048679634577386,0.1666300116915824,0.11259558039474316
56.7,0.07692279543883786,0.062063366524351384,0.15384559087767571,0.11275620366335759
56.8,0.08543868993709455,0.06208783511270567,0.1708773798741891,0.1189015333863428
56.8,0.07867280980396539,0.06210438226821774,0.15734561960793078,0.11116394131245921
56.9,0.08729653521299356,0.062131027081967424,0.17459307042598712,0.1166314238381101
56.9,0.08041632161388562,0.06214945668187395,0.16083264322777124,0.10964624941109946
57.0,0.08914219279402964,0.06217829500891646,0.17828438558805929,0.11452258245889824
57.0,0.08226338655472,0.06219875574461545,0.16452677310944,0.09340385281931662
57.1,0.09142593505848119,0.062230381447880075,0.18285187011696238,0.09846478339781273
57.1,0.08425936976340052,0.06225308135234148,0.16851873952680105,0.08812119920069517
57.2,0.09351911928446996,0.062287295553123914,0.18703823856893992,0.0931189655252933
57.2,0.08624529932735561,0.062312260455841,0.17249059865471122,0.09065160868257081
57.3,0.09559563179060704,0.062349081310368835,0.19119126358121408,0.09546937663532606
57.3,0.10498830570890641,0.06239899087930863,0.20997661141781282,0.10054279293381674
57.4,0.09743025263377202,0.062438093421138936,0.19486050526754403,0.11546289155151923
57.4,0.1069034982792332,0.062490596142651525,0.2138069965584664,0.12004671684767243
57.5,0.09628174615841315,0.06252794552007242,0.1925634923168263,0.11651356480214137
57.5,0.08454274727224095,0.0625504547562845,0.1690854945444819,0.11540926270375862
57.6,0.09412449958373267,0.06258480064750055,0.18824899916746535,0.11774325574966449
57.6,0.10373831596540259,0.06263225145400607,0.20747663193080518,0.12071757018837959
57.7,0.09556104994684243,0.06266830779542217,0.19112209989368487,0.11883256971181577
57.7,0.0855414742531782,0.06269174135140085,0.1710829485063564,0.10961437638753768
57.8,0.09524198272311683,0.06272722954325778,0.19048396544623367,0.11087374732442501
57.8,0.08716323317084224,0.06275248020950819,0.17432646634168447,0.096490666895658
57.9,0.09691226807968766,0.06279002935351065,0.1938245361593753,0.09784081005183243
57.9,0.089379998591416,0.06281784707294304,0.178759997182832,0.0913892762844084
58.0,0.09917031676377917,0.06285827495559483,0.19834063352755835,0.09281759295845315
58.0,0.09119162062890293,0.06288819797862547,0.18238324125780586,0.0891220260089629
58.1,0.10101591614374414,0.06293097904539151,0.20203183228748828,0.09073170957047338
58.1,0.09283294682080918,0.06296281780896087,0.18566589364161837,0.08474166945765438
58.2,0.10268388675847975,0.06300772904402126,0.2053677735169595,0.08653979938923474
58.2,0.09426879889718384,0.0630412391247968,0.18853759779436768,0.07464475734443776
58.3,0.10413901224561449,0.06308799773247604,0.20827802449122898,0.07667393005158152
58.3,0.09531730268774348,0.06312268946325503,0.19063460537548696,0.06681762999141005
58.4,0.10519938421247228,0.06317074363156182,0.21039876842494457,0.0691582550495966
58.4,0.09629768492089297,0.06320653219123017,0.19259536984178593,0.06680852598900346
58.5,0.10618423070136429,0.06325577663783002,0.21236846140272858,0.06945752778993208
58.5,0.09704818672803465,0.0632923632165283,0.1940963734560693,0.06799778245174948
58.6,0.10693178370983861,0.06334245772336518,0.21386356741967721,0.0709682590183165
58.6,0.09744308623855981,0.06337937505693811,0.19488617247711962,0.06938326443041953
58.7,0.10731639574928122,0.06342979527185562,0.21463279149856243,0.07250140536363014
58.7,0.11718153219664425,0.0634949465742036,0.2343630643932885,0.07598836198184579
58.8,0.10757321710622261,0.06354546083419006,0.21514643421244523,0.07421218871734259
58.8,0.0951241904458318,0.06357897683215408,0.1902483808916636,0.07641990759108719
58.9,0.10495496474138288,0.06362555224539525,0.20990992948276577,0.07946276938826702
58.9,0.09494786549198793,0.06365867788896797,0.18989573098397586,0.07981147438193516
59.0,0.10474630051231847,0.0637047573477813,0.20949260102463693,0.08294638957909961
59.0,0.09554221919728213,0.06373847139262794,0.19108443839456427,0.079979560844178
59.1,0.1053010538468847,0.06378512125336208,0.2106021076937694,0.0830756967202908
59.1,0.0959651399003402,0.06381920481676205,0.1919302798006804,0.08056822142468724
59.2,0.105677110730823,0.06386617387432018,0.211354221461646,0.08365777457691337
59.2,0.0961978219879264,0.06390038383707516,0.1923956439758528,0.08115067891107874
59.3,0.10585572237235961,0.06394739501110663,0.21171144474471923,0.08425448615150333
59.3,0.09626295803470819,0.0639815181445914,0.19252591606941638,0.08173997524157595
59.4,0.10585964229794005,0.06402832786794842,0.2117192845958801,0.0848785198095696
59.4,0.09618096324185559,0.06406217882018118,0.19236192648371117,0.08240320673483192
59.5,0.10570935561207871,0.06410857472492909,0.21141871122415742,0.08559563688922057
59.5,0.11520065340512649,0.06416858973738708,0.23040130681025298,0.08922228411384436
59.6,0.10542129829918043,0.06421434419002597,0.21084259659836085,0.08644395663384598
59.6,0.1148338295355065,0.06427352068702283,0.229667659071013,0.09014974906306383
59.7,0.10222197473970134,0.06431470719024664,0.20444394947940267,0.08902350043458318
59.7,0.08904274645455772,0.06433939409311902,0.17808549290911543,0.09918518242917207
59.8,0.09832493904844457,0.06437533511514597,0.19664987809688914,0.10198799737841946
59.8,0.08878062126503139,0.06439960430403245,0.17756124253006278,0.1066425080371178
59.9,0.0979672356443175,0.06443494633782164,0.195934471288635,0.10910696613630644
59.9,0.10707284895888944,0.06448229545373294,0.21414569791777888,0.11223976990376383
60.0,0.09832767535615387,0.06451792175753636,0.19665535071230775,0.10622046197129634
60.0,0.10724275754601859,0.06456529718246523,0.21448551509203717,0.10936941306795944
60.1,0.09545192733072372,0.06459715807675301,0.19090385466144744,0.11262275353172901
60.1,0.08341456471869525,0.06461509086129696,0.1668291294373905,0.12947977325541185
60.2,0.09202573383404493,0.06464270311257757,0.18405146766808986,0.13106698501798664
60.2,0.10053046431895019,0.06468077303632558,0.20106092863790037,0.1335432654517985
60.3,0.09169532899347951,0.06470786777826605,0.18339065798695903,0.1502549801134474
60.3,0.08066068636242514,0.06472272452263951,0.16132137272485028,0.14741656682216653
60.4,0.0888341455015096,0.06474641743877207,0.1776682910030192,0.14780391563641682
60.4,0.08041342646050549,0.06476095431731586,0.16082685292101098,0.15073486524138469
60.5,0.0883558068541053,0.0647840214241263,0.1767116137082106,0.15069656657288077
60.5,0.08012935160591596,0.06479820396024985,0.16025870321183192,0.12719896912116835
60.6,0.08783356862737694,0.06482060292143135,0.17566713725475389,0.12738976540249514
60.6,0.07928235580216918,0.06483386475971295,0.15856471160433835,0.11092707088963305
60.7,0.0867421929306409,0.06485497418657676,0.1734843858612818,0.11168220806990714
60.7,0.078189755778524,0.06486708644821519,0.156379511557048,0.09442459108465351
60.8,0.08539992774946677,0.0648866576065879,0.17079985549893353,0.0959465548267597
60.8,0.09248341457294226,0.06491417258319064,0.18496682914588453,0.09843246050289545
60.9,0.08375555400022609,0.0649318987932581,0.16751110800045219,0.08488699615711415
60.9,0.09058335508676187,0.06495711416149962,0.18116671017352373,0.08812498646511391
61.0,0.07977016151366949,0.0649706501235203,0.15954032302733898,0.08027745639352823
61.0,0.06833389277229193,0.06497347817076801,0.13666778554458386,0.09021423712835099
61.1,0.07477444054649429,0.06498211001207599,0.14954888109298858,0.09361796216185492
61.1,0.08108492636538121,0.06499691846078066,0.16216985273076243,0.09775290530830749
61.2,0.07281109124495426,0.06500369153170357,0.14562218248990852,0.09979463274033895
61.2,0.07886229356334246,0.06501621966208619,0.1577245871266849,0.10418223995290221
61.3,0.07027057267234982,0.06502068209751286,0.14054114534469964,0.11499802588487193
61.3,0.060194941294027894,0.06501689188829984,0.12038988258805579,0.11119343195865028
61.4,0.06586062467041871,0.065017583985185,0.13172124934083743,0.11465218739197391
61.4,0.058740875690040356,0.06501271919740965,0.11748175138008071,0.12075397326085402
61.5,0.06415270439670295,0.06501202405415935,0.1283054087934059,0.12453153333711642
61.5,0.0582559488895163,0.06500681650561994,0.1165118977790326,0.13824528508878164
61.6,0.06341847098612813,0.06500554196747041,0.12683694197225626,0.14130640038170106
61.6,0.05682675268262031,0.06499932066754734,0.11365350536524062,0.12513645982340793
61.7,0.06174510874236388,0.06499674742087656,0.12349021748472776,0.12850270703616506
61.7,0.06654339150792071,0.06499801567903635,0.13308678301584143,0.13266523621930523
61.8,0.060305169338946224,0.06499435287545782,0.12061033867789245,0.12574462127317254
61.8,0.06486920454567972,0.06499425172016746,0.12973840909135945,0.13021768060632133
61.9,0.05757448970645927,0.06498859566083792,0.11514897941291855,0.12365458458314582
61.9,0.061912396412984835,0.06498616961058552,0.12382479282596967,0.12752717652505496
62.0,0.05310337665429806,0.06497745522320228,0.10620675330859612,0.1264813933283766
62.0,0.044707644916634544,0.06496365681285457,0.08941528983326909,0.12895570086086416
62.1,0.04872228857811768,0.06495220444122406,0.09744457715623536,0.13226380502191337
62.1,0.052633278605593456,0.06494322579045529,0.10526655721118691,0.13646033365288265
62.2,0.04700604213382491,0.06493078688619582,0.09401208426764981,0.1230977683358716
62.2,0.0405778433631434,0.06491487976442431,0.0811556867262868,0.11024715299688093
62.3,0.04419327587834508,0.06490089085768588,0.08838655175669016,0.11416738171703278
62.3,0.03963265157535782,0.06488455708128024,0.07926530315071564,0.12764621447550972
62.4,0.04306292457249289,0.06486999878063815,0.08612584914498578,0.13210102249630307
62.4,0.03997570118665169,0.06485387688892627,0.07995140237330338,0.16651408282078184
62.5,0.04323093380258608,0.0648394491124569,0.08646186760517216,0.17009455143218766
62.5,0.038436258246847356,0.06482262502117865,0.07687251649369471,0.1513621626283761
62.6,0.04152606934951754,0.06480734720988761,0.08305213869903508,0.15495632988501207
62.6,0.0367837975713821,0.06478980116545933,0.0735675951427642,0.13544825327673804
62.7,0.03971778215738393,0.0647736611666903,0.07943556431476786,0.1392906295205809
62.7,0.03514715435525597,0.06475543599858237,0.07029430871051194,0.12270884510086691
62.8,0.03793468854742164,0.06473848846751666,0.07586937709484327,0.1269780851037936
62.8,0.033851676784192354,0.06471976064407482,0.06770335356838471,0.11245502877152444
62.9,0.03650182159025914,0.06470220344842495,0.07300364318051827,0.11734768097145287
62.9,0.032257515621872124,0.06468287619640344,0.06451503124374425,0.10617969350613654
63.0,0.0347790645023181,0.06466461203449621,0.0695581290046362,0.11164202627766895
63.0,0.03077358734979833,0.06464475993746555,0.06154717469959666,0.10703685079584169
63.1,0.0331749296599833,0.06462587542787698,0.0663498593199666,0.11306091970190058
63.1,0.02934785790347959,0.06460554796533233,0.05869571580695918,0.10330526676438057
63.2,0.03163698044571495,0.06458610200900668,0.0632739608914299,0.10987531906867254
63.2,0.027937771468621947,0.06456533080365799,0.055875542937243894,0.1109910433755017
63.3,0.03012228484049507,0.06454536246225893,0.06024456968099014,0.11795328030124597
63.3,0.026605322235284924,0.06452419834376558,0.05321064447056985,0.11967244134671204
63.4,0.02869241040047903,0.06450376679374431,0.05738482080095806,0.12686122756774787
63.4,0.02551825871256467,0.06448230876137882,0.05103651742512934,0.12840219609883996
63.5,0.027514771669989013,0.06446152460683344,0.055029543339978025,0.13526239034739684
63.5,0.025307005574817007,0.06444005401326944,0.050614011149634014,0.13936135315369613
63.6,0.027218986173085862,0.06441922335992628,0.054437972346171724,0.1465569192343177
63.6,0.024140125971264702,0.06439745353461042,0.048280251942529405,0.1368525697983034
63.7,0.025973658781321247,0.06437627118068115,0.051947317562642495,0.1439432636239568
63.7,0.02317014310996272,0.06435427490614584,0.04634028621992544,0.13074092013714034
63.8,0.024930684434375888,0.06433282184393725,0.049861368868751775,0.1378359704462584
63.8,0.022383682746064466,0.06431066099708904,0.04476736549212893,0.13322851165603877
63.9,0.024076391133916807,0.06428900620430959,0.048152782267833615,0.14017350502874362
63.9,0.025736725832410927,0.06426788150530954,0.051473451664821854,0.14743442538981125
64.0,0.02296547141580522,0.0642459616590287,0.04593094283161044,0.1363322390374316
64.0,0.024564981564733097,0.06422453100063112,0.04912996312946619,0.14372872454431396
64.1,0.02115864797917778,0.06420217978299549,0.04231729595835556,0.13256972245492926
64.1,0.02270173943015466,0.06418026695679063,0.04540347886030932,0.1399668395145537
64.2,0.019253304487240976,0.06415750200423628,0.03850660897448195,0.1307621164420103
64.2,0.016117106681173544,0.0641340909188774,0.03223421336234709,0.12369110676525474
64.3,0.017583235593339446,0.06411100761804404,0.03516647118667889,0.13063048735799443
64.3,0.01554956313088865,0.06408754313848361,0.0310991262617773,0.12827611221595903
64.4,0.016968695683862424,0.06406438639898354,0.03393739136772485,0.13506765321291325
64.4,0.0152502392720136,0.06404092164546758,0.0305004785440272,0.13600366433773056
64.5,0.016625702114020542,0.0640177503809674,0.033251404228041084,0.1427564195790929
64.5,0.014919740442859241,0.06399428072582622,0.029839480885718483,0.14183524752697185
64.6,0.01625466302391803,0.06397109078942535,0.03250932604783606,0.14858969479084894
64.6,0.01457442165578035,0.06394761487745076,0.0291488433115607,0.14717212427996884
64.7,0.015871737439818887,0.06392440561356445,0.03174347487963777,0.15387738367196668
64.7,0.017151107530128357,0.06390147927952244,0.03430221506025671,0.16110135191251584
64.8,0.01548623696662467,0.06387825171470855,0.03097247393324934,0.1585901103738322
64.8,0.013412766357992855,0.06385468952934803,0.02682553271598571,0.16102772963140333
64.9,0.01464297951792209,0.06383136344839185,0.02928595903584418,0.16715397751083994
64.9,0.013006241614265323,0.06380779160021002,0.026012483228530645,0.16057794829636218
65.0,0.014206529456038893,0.06378444446162315,0.028413058912077786,0.1667976693761647
65.0,0.012776219180000057,0.06376089190985643,0.025552438360000113,0.1630619515532331
65.1,0.013948851939896516,0.06373755584563323,0.027897703879793033,0.1691529376612576
65.1,0.012546946762007,0.06371402321863744,0.025093893524014,0.16499063490350654
65.2,0.013694041868903942,0.06369069939252321,0.027388083737807885,0.17099849667563283
65.2,0.012313706350038655,0.0636671866105247,0.02462741270007731,0.16654577259587156
65.3,0.013437262559147211,0.06364387537416341,0.026874525118294423,0.17250480696386927
65.3,0.012080852150649742,0.06362038302407957,0.024161704301299484,0.16790325874000264
65.4,0.013182759708002536,0.0635970854195683,0.02636551941600507,0.17384327105396513
65.4,0.011851720636314287,0.06357361455871233,0.023703441272628575,0.1692817490065438
65.5,0.012933772795839344,0.06355033210771924,0.025867545591678687,0.175218558507238
65.5,0.011629424916038262,0.0635268841943214,0.023258849832076524,0.17037495808683245
65.6,0.0126933237580054,0.06350361882510815,0.0253866475160108,0.17635428033756428
65.6,0.011594528672886482,0.06348022019925303,0.023189057345772965,0.1741548418538933
65.7,0.012641909511716032,0.0634570009417235,0.025283819023432064,0.18000027988628398
65.7,0.011365704510593152,0.0634336247549017,0.022731409021186304,0.17465241468487913
65.8,0.012398111454929625,0.06341042263629108,0.02479622290985925,0.18060383635731858
65.8,0.01342344292656185,0.06338740599897291,0.0268468858531237,0.18745132545126542
65.9,0.012162610060940706,0.06336422268726215,0.024325220121881413,0.1814901874481023
65.9,0.010831941542973641,0.06334088283038646,0.021663883085947282,0.18541547980934225
66.0,0.011838920953106765,0.06331770645487649,0.02367784190621353,0.19053167672361415
66.0,0.011127559716119265,0.0632944589558987,0.02225511943223853,0.20336985205641
66.1,0.012123950454224673,0.06327137672437065,0.024247900908449346,0.20758015478083153
66.1,0.010906870117205075,0.0632481533910695,0.02181374023441015,0.19662531943286465
66.2,0.011893957670207763,0.06322509118652808,0.023787915340415525,0.20117509680477885
66.2,0.010690189344835363,0.06320189298102696,0.021380378689670725,0.19215448897015075
66.3,0.011669277395397214,0.06317885205028369,0.023338554790794427,0.19704260319573086
66.3,0.010500573661558404,0.06315568278855666,0.02100114732311681,0.18905622236278785
66.4,0.011472166322859268,0.06313266737584956,0.022944332645718536,0.19434195590055836
66.4,0.01033953658017009,0.0631095308651459,0.02067907316034018,0.18712152363953238
66.5,0.011303899558171208,0.06308654517943858,0.022607799116342416,0.19290450921626112
66.5,0.010395354292032147,0.06306346817431005,0.020790708584064295,0.18676425258964258
66.6,0.011352765977329864,0.06304054149413747,0.022705531954659727,0.1929598879114044
66.6,0.010233588930473584,0.06301749700904004,0.020467177860947167,0.17201200216740697
66.7,0.011184337374982823,0.06299459993771135,0.022368674749965647,0.17875434959288317
66.7,0.010079880973867104,0.06297158910088235,0.02015976194773421,0.16038277655377842
66.8,0.011024244747215063,0.0629487229238157,0.022048489494430126,0.16783737767885953
66.8,0.01196536660874971,0.06292601136709614,0.02393073321749942,0.1763091820967545
66.9,0.010883069449878036,0.06290317858523684,0.021766138899756073,0.16079550099814655
66.9,0.011818246886537265,0.06288049782707444,0.02363649377307453,0.16998338277111702
67.0,0.010628308727129124,0.0628576841070122,0.021256617454258248,0.17879567918191994
67.0,0.011558003394786433,0.06283501865955851,0.023116006789572867,0.18774901124788845
67.1,0.010304235920462871,0.06281221614777821,0.020608471840925742,0.20208575712184534
67.1,0.011228857335653144,0.0627895574975112,0.02245771467130629,0.2101202245275517
67.2,0.009831641975334792,0.0627667498888291,0.019663283950669585,0.2004108400917438
67.2,0.01075140397815043,0.0627440801971652,0.02150280795630086,0.20848075982569841
67.3,0.009434954542418394,0.06272127853470481,0.018869909084836788,0.18971738501843693
67.3,0.008180396377638696,0.06269837154566414,0.01636079275527739,0.17025608662532116
67.4,0.009093666459136696,0.06267558364747028,0.018187332918273392,0.17737955876357042
67.4,0.008453042788218318,0.0626527547407895,0.016906085576436636,0.16689205122696815
67.5,0.009362246414546128,0.06263004723532829,0.018724492829092255,0.17450947614542878
67.5,0.010269384574212462,0.06260747050435278,0.020538769148424924,0.18345933912596402
67.6,0.00949993233560643,0.06258482911581936,0.01899986467121286,0.16606493845515308
67.6,0.010403465469372547,0.06256231934929642,0.020806930938745093,0.17593621935830936
67.7,0.00932700596857227,0.06253970927059734,0.01865401193714454,0.15932247265464747
67.7,0.008156013653468209,0.0625170035032615,0.016312027306936417,0.14574289948309832
67.8,0.009055122308914561,0.0624944143903152,0.018110244617829122,0.15603634548492418
67.8,0.008232545701756263,0.06247176651053027,0.016465091403512527,0.14530614139257797
67.9,0.009128975512803414,0.06244923564109448,0.018257951025606827,0.1566968459530596
67.9,0.008383731131304537,0.062426652864879105,0.016767462262609074,0.14786402942199267
68.0,0.009277867327688594,0.06240418827338002,0.018555734655377187,0.16003657631429902
68.0,0.008504234422633124,0.06238166757013494,0.017008468845266248,0.1522013593305247
68.1,0.00939647379508322,0.06235926594010753,0.01879294759016644,0.16496851309349253
68.1,0.008595727631299547,0.06233680432747206,0.017191455262599093,0.15748759060886464
68.2,0.00948647475809749,0.06231446241342545,0.01897294951619498,0.17067550326102654
68.2,0.008664931790985339,0.06229205750992078,0.017329863581970677,0.16287531606173186
68.3,0.009554591242916214,0.06226977274055155,0.01910918248583243,0.17635434155003205
68.3,0.008717416243798246,0.062247422688679055,0.017434832487596492,0.16721261157776818
68.4,0.00960638268237573,0.062225193075613534,0.01921276536475146,0.18094772333296283
68.4,0.01049490524953427,0.062203092980850215,0.02098981049906854,0.1950574476046857
68.5,0.009646277212694556,0.06218091694020797,0.019292554425389113,0.18499499029292735
68.5,0.008711983345267568,0.062158664671396274,0.017423966690535135,0.16526487658869296
68.6,0.00960071929350239,0.06213653243609604,0.01920143858700478,0.17975064816877734
68.6,0.008662097405316706,0.06211432402155336,0.017324194810633412,0.17163436619614542
68.7,0.00955135483398894,0.06209223502226807,0.01910270966797788,0.18623022934559003
68.7,0.00869324204358398,0.06207007854552813,0.01738648408716796,0.17833052080802636
68.8,0.009583435811139374,0.062048041752015705,0.019166871622278748,0.19274784068912731
68.8,0.008740850599489447,0.062025938724357486,0.017481701198978895,0.18285341471550162
68.9,0.009632375600352917,0.062003955863686684,0.019264751200705834,0.19703354203720144
68.9,0.008782472028608383,0.061981905508242036,0.017564944057216765,0.18514910185434333
69.0,0.009675709994297678,0.061959975785795915,0.019351419988595357,0.19914727129611642
69.0,0.008819476362921429,0.06193797746099707,0.017638952725842857,0.18714686482704235
69.1,0.009714823431944674,0.061916100233601355,0.019429646863889347,0.20090440899939033
69.1,0.008835932573418866,0.061894151647031666,0.01767186514683773,0.18670708617358575
69.2,0.009733773264699666,0.06187232445361114,0.019467546529399332,0.2002481639942018
69.2,0.00887064467991034,0.061850427320599165,0.01774128935982068,0.18728465653981372
69.3,0.00977135546653305,0.06182865211093264,0.0195427109330661,0.20060999350063866
69.3,0.008905360998825138,0.061806806264894334,0.017810721997650276,0.18747897459804877
69.4,0.009809321482206276,0.06178508291787673,0.019618642964412552,0.2005689463674012
69.4,0.00893947247899712,0.06176328812956762,0.01787894495799424,0.18648144257526592
69.5,0.00984704587665794,0.06174161645355613,0.01969409175331588,0.1994041457451728
69.5,0.008974570738729332,0.06171987266052638,0.017949141477458665,0.1850060049693607
69.6,0.009886120911718537,0.0616982526478481,0.019772241823437075,0.19779079109758124
69.6,0.009178439179613798,0.06167657756279493,0.018356878359227596,0.20050976295437492
69.7,0.010094345564227577,0.06165502875942664,0.020188691128455154,0.21281679341098977
69.7,0.00919131786410438,0.061633402004087276,0.01838263572820876,0.19606502949016524
69.8,0.01011195089004066,0.06161190206277741,0.02022390178008132,0.20804861385148068
69.8,0.009201803087131737,0.06159032321120349,0.018403606174263475,0.19130512095212068
69.9,0.010127506030123612,0.06156887172210054,0.020255012060247223,0.20302203920764905
69.9,0.011055617537598558,0.06154755770765956,0.022111235075197116,0.21527055185661398
70.0,0.010134233844333106,0.061526153383366554,0.020268467688666213,0.19839844942202528
70.0,0.00902636572327553,0.06150464894126171,0.01805273144655106,0.18195304848303653
70.1,0.00996319962015993,0.061483270957472795,0.01992639924031986,0.19365649768478105
70.1,0.010902792337430234,0.061462029811405465,0.02180558467486047,0.20584879479479745
70.2,0.009943111002914376,0.06144069557832275,0.019886222005828753,0.20544245741077374
70.2,0.008809976341630707,0.0614192611294304,0.017619952683261414,0.19985530698742465
70.3,0.00975940776408246,0.061397951913572835,0.01951881552816492,0.2103415311264047
70.3,0.008868929095491569,0.061376569514647226,0.017737858190983138,0.19044870767185434
70.4,0.009825085693918477,0.06135531360160611,0.019650171387836955,0.20056216774201752
70.4,0.010784506906440977,0.06133419501461153,0.021569013812881954,0.21135664599439002
70.5,0.009983444133992304,0.06131300285905167,0.01996688826798461,0.19104224957741964
70.5,0.010950033250754405,0.06129195051760597,0.02190006650150881,0.20158687310896886
70.6,0.009871543494203243,0.06127079092543835,0.019743086988406485,0.18845188261790655
70.6,0.01084565397691353,0.06124977068302678,0.02169130795382706,0.19858547430553428
70.7,0.009646985660986726,0.061228631030966325,0.01929397132197345,0.19756635820297724
70.7,0.00845989649494269,0.06120738981612896,0.01691979298988538,0.2014831716214826
70.8,0.00944609868416562,0.06118627324799204,0.01889219736833124,0.20896154839670605
70.8,0.008657703520212312,0.06116509683272994,0.017315407040424623,0.20066616813677435
70.9,0.009652069349214412,0.0611440480571085,0.019304138698428824,0.2079665121474233
70.9,0.009074773433295652,0.0611229593696576,0.018149546866591305,0.2008301815036859
71.0,0.010222364013856572,0.06110202084866307,0.020444728027713143,0.20903858580019388
71.0,0.011375420022621742,0.06108124821614073,0.022750840045243484,0.21850008447857197
71.1,0.010744792771388357,0.06106041738283694,0.021489585542776714,0.21002034672907385
71.1,0.011909440174757391,0.06103976073900332,0.023818880349514782,0.21929391213834296
71.2,0.010926548780392696,0.06101899690126564,0.021853097560785392,0.2130519441786754
71.2,0.00975284387503463,0.06099811545912517,0.01950568775006926,0.2106980400278467
71.3,0.010935919316079422,0.06097739703104556,0.021871838632158844,0.21715033856742116
71.3,0.010034671263026882,0.06095659192020628,0.020069342526053763,0.21034917342182807
71.4,0.011230278147272876,0.06093595507280569,0.022460556294545752,0.21639305386585828
71.4,0.010596578865572718,0.06091526064774545,0.021193157731145437,0.20661938042893202
71.5,0.011957898299200928,0.06089476458955024,0.023915796598401855,0.21358031431166402
71.5,0.011228413793878043,0.0608741931595292,0.022456827587756086,0.20288413204425126
71.6,0.01260643588090848,0.06085383212806314,0.02521287176181696,0.21005484259083618
71.6,0.011785429135978553,0.060833377791832496,0.023570858271957106,0.20130534377140918
71.7,0.013180602230172634,0.06081314498802574,0.026361204460345268,0.20855256760415697
71.7,0.012242787375989708,0.06079279693590015,0.024485574751979416,0.1998202902303174
71.8,0.013813484272743195,0.06077270509167418,0.02762696854548639,0.20787487103507568
71.8,0.015394967537245615,0.060752899341582255,0.03078993507449123,0.21734097750268577
71.9,0.014568255424532285,0.060732972795618435,0.02913651084906457,0.20869065708033807
71.9,0.013400913507136994,0.06071288045227182,0.02680182701427399,0.19747101412349005
72.0,0.015016555340637078,0.060693072242728914,0.030033110681274157,0.20588539786431903
72.0,0.016643485671810815,0.060673579865339465,0.03328697134362163,0.21541088001614805
72.1,0.015674873365180253,0.060653929211250616,0.031349746730360506,0.2079396114680379
72.1,0.014553433333832938,0.060634105601674565,0.029106866667665876,0.21316211925862016
72.2,0.016386160529570693,0.06061462714328259,0.032772321059141386,0.22065576979343565
72.2,0.015226898498557637,0.06059495999712419,0.030453796997115274,0.21154551180615294
72.3,0.017088922672161146,0.0605756574205571,0.03417784534432229,0.21893344121997954
72.3,0.015927855444226747,0.060556156507456764,0.031855710888453494,0.21034076049453376
72.4,0.017992823414210102,0.06053707609426633,0.035985646828420204,0.21819790236935144
72.4,0.02007543129896718,0.06051846839340646,0.04015086259793436,0.22749089848235132
72.5,0.01920128052940629,0.06049968483929125,0.03840256105881258,0.21098258548778687
72.5,0.01758262185521322,0.060480581904718195,0.03516524371042644,0.2095262927900544
72.6,0.019899731319348628,0.06046199426644255,0.039799462638697256,0.21794921356237196
72.6,0.01860787867463984,0.060443143116879455,0.03721575734927968,0.20999656536624278
72.7,0.020968736373576765,0.06042484415348547,0.04193747274715353,0.21823653225081208
72.7,0.019866724306104446,0.06040630864816075,0.03973344861220889,0.21052334386911653
72.8,0.02227197256304833,0.06038836970580744,0.04454394512609666,0.21832144395390485
72.8,0.02488721483396909,0.06037115163742674,0.04977442966793818,0.22801297556082073
72.9,0.023686711092364993,0.060353620734027454,0.04737342218472999,0.21752662080223262
72.9,0.02635437771116376,0.06033686753142215,0.05270875542232752,0.22689850786513166
73.0,0.024415992476534424,0.060319573530914,0.04883198495306885,0.22832195987233106
73.0,0.022366977639934595,0.06030175387125842,0.04473395527986919,0.21406883369787666
73.1,0.025314788102556645,0.0602847512829804,0.05062957620511329,0.22084479141045765
73.1,0.023782572751896176,0.06026734027614306,0.04756514550379235,0.19502217195529165
73.2,0.026994074112124324,0.06025087304159417,0.05398814822424865,0.2028375681610537
73.2,0.030240453778099075,0.06023547731844933,0.06048090755619815,0.2120011191433796
73.3,0.02884675650225997,0.060219631967395285,0.05769351300451994,0.20218844601713193
73.3,0.026526124157196438,0.06020307609369235,0.053052248314392876,0.19302407138952077
73.4,0.030091024837582643,0.06018768120834539,0.060182049675165286,0.20041318934282748
73.4,0.028217858583775728,0.0601716851212989,0.056435717167551455,0.1922065543773247
73.5,0.031863739062789984,0.06015694596562475,0.06372747812557997,0.19946551383864142
73.5,0.030197888733686767,0.06014163855662533,0.06039577746737353,0.19177157768924324
73.6,0.034148469225374706,0.06012778512180975,0.06829693845074941,0.1992044370773996
73.6,0.03221022344961539,0.06011322055479208,0.06442044689923078,0.18992551247038036
73.7,0.03625229362620539,0.06010023522078581,0.07250458725241078,0.1970184711316202
73.7,0.03424020049509708,0.06008646397942387,0.06848040099019416,0.18914784586507805
73.8,0.038607900898457566,0.06007450367750496,0.07721580179691513,0.19624742095682035
73.8,0.036351075441043275,0.06006160308096356,0.07270215088208655,0.1871115842826402
73.9,0.04105787699661663,0.06005077116348089,0.08211575399323326,0.1941531685774217
73.9,0.045820636744703665,0.06004228335902115,0.09164127348940733,0.20226716647058307
74.0,0.04346513981846987,0.06003262149836524,0.08693027963693974,0.18285559450622413
74.0,0.040051103355339936,0.060021366287492536,0.08010220671067987,0.16850474187281883
74.1,0.04523211944175913,0.060012609933830834,0.09046423888351826,0.1748115104877317
74.1,0.042263822600334906,0.060002403818444405,0.08452764520066981,0.16932337261374142
74.2,0.04756855161893362,0.05999488779490396,0.09513710323786724,0.1752673090847768
74.2,0.04537904579206443,0.05998623791258718,0.09075809158412886,0.16406325946714348
74.3,0.05107004434165514,0.05998067970624757,0.10214008868331027,0.17005820326343782
74.3,0.04794471360005373,0.05997339233673711,0.09588942720010746,0.1611594846325083
74.4,0.05376969476781011,0.05996943602618104,0.10753938953562021,0.16665526997899416
74.4,0.05052385334144753,0.059963587816411375,0.10104770668289506,0.1588082778451365
74.5,0.056757361589507414,0.05996149207227581,0.11351472317901483,0.16424671367501073
74.5,0.05348526819220607,0.059957380194966006,0.10697053638441215,0.15453442022251052
74.6,0.05986221741967299,0.05995731642078362,0.11972443483934599,0.15971706783404485
74.6,0.06659197849825212,0.059962009096431894,0.13318395699650423,0.16595278203465136
74.7,0.06315787919141538,0.059964206669849286,0.12631575838283077,0.15441955614195912
74.7,0.07004082359406523,0.059971517652369445,0.14008164718813046,0.16026884986300313
74.8,0.06483912045126693,0.059974905612110364,0.12967824090253385,0.11788866068703308
74.8,0.05853877464479148,0.05997395711763966,0.11707754928958296,0.09714988878580777
74.9,0.0659455312154684,0.05997814459154574,0.1318910624309368,0.10229753743247785
74.9,0.061154983969930084,0.05997893790061281,0.12230996793986017,0.08254683047973634
75.0,0.06872086971018658,0.05998519441232917,0.13744173942037316,0.08808486196568355
75.0,0.07636480550722326,0.059997603746587864,0.15272961101444651,0.09406809669865757
75.1,0.07208189170664484,0.060006464686768894,0.14416378341328967,0.08721317673275297
75.1,0.06559147537268092,0.06001035598462225,0.13118295074536185,0.08670880440966744
75.2,0.07378616412233337,0.06002057266382165,0.14757232824466673,0.09228789942974402
75.2,0.06841388720823807,0.06002654322971257,0.13682777441647614,0.08206099615030293
75.3,0.07676967859283859,0.0600392184411013,0.15353935718567718,0.08751808337522993
75.3,0.07217105148745667,0.0600480873367255,0.14434210297491334,0.08492511392679414
75.4,0.08068366869828843,0.06006413117865604,0.16136733739657685,0.09028874137541609
75.4,0.08960491543438187,0.06008853283279018,0.17920983086876374,0.09603039842616168
75.5,0.08450885395569158,0.060108001249357265,0.16901770791138315,0.08903767522757255
75.5,0.09359202609222089,0.060136345826635636,0.18718405218444178,0.09432155385663643
75.6,0.08587887134005169,0.06015702547309581,0.17175774268010338,0.09502349152343037
75.6,0.09511886354604371,0.0601868602270294,0.19023772709208742,0.09961897903162964
75.7,0.08629340713590704,0.060207853599395365,0.17258681427181408,0.11646780856975303
75.7,0.07674975702108383,0.060220279212404054,0.15349951404216766,0.12035763835116264
75.8,0.08656735124419634,0.0602414706304189,0.1731347024883927,0.12228745483697678
75.8,0.09646211776029857,0.060272537565837656,0.19292423552059715,0.12483181332272308
75.9,0.09033173908163171,0.06029728843927827,0.18066347816326342,0.11578630221646444
75.9,0.08321592630108329,0.06031525299391889,0.16643185260216659,0.09848273182683909
76.0,0.09333309933866808,0.06034293273891954,0.18666619867733616,0.09928077827656678
76.0,0.10352085924881085,0.06038148998952304,0.2070417184976217,0.10074898228896179
76.1,0.09686961197641909,0.060412719838022474,0.19373922395283819,0.10037012223684805
76.1,0.08736335476183496,0.06043437304700175,0.17472670952366992,0.07949848054149024
76.2,0.09775283155835462,0.060466433226339884,0.19550566311670925,0.07943318781658015
76.2,0.08994746994608549,0.06049048876239072,0.17989493989217098,0.06270149168899876
76.3,0.10083945081327955,0.06052576106439421,0.2016789016265591,0.06278185861151031
76.3,0.09393578607470207,0.06055369114571869,0.18787157214940414,0.05711509781663328
76.4,0.10495439129634436,0.060593415508745675,0.20990878259268872,0.05738545769127712
76.4,0.11603318780282437,0.06064627334577615,0.23206637560564874,0.05819870728843313
76.5,0.10883249306398926,0.060690292223646025,0.21766498612797852,0.024288270471563456
76.5,0.09814136780418677,0.060722314054356644,0.19628273560837353,0.012388321904290844
76.6,0.10938825545406759,0.060766822639678704,0.21877651090813519,0.013500788829159834
76.6,0.10059975892121076,0.06080133521117698,0.20119951784242152,0.01430455428207722
76.7,0.11194795369427198,0.06084871343251787,0.22389590738854395,0.01616511087162653
76.7,0.10352935301219501,0.06088628280837202,0.20705870602439003,0.019564920857936704
76.8,0.11497027213325639,0.060937144182244225,0.22994054426651278,0.02158448186041695
76.8,0.105914118087105,0.06097721919211658,0.21182823617421,0.022603637892208317
76.9,0.11743903639755963,0.061030938021123575,0.23487807279511927,0.024561219849424498
76.9,0.12940232525503406,0.06110025414502929,0.2588046505100681,0.026567408702688144
77.0,0.1205105889151762,0.06115759819891985,0.2410211778303524,0.02455108596349409
77.0,0.13254924465997642,0.06123097027114012,0.26509848931995283,0.026468467425018627
77.1,0.12043605535842158,0.061287938059337584,0.24087211071684317,0.030816625164836742
77.1,0.10752087499493565,0.06132921533214478,0.2150417499898713,0.017910065749799697
77.2,0.1196538803087033,0.06138496337099749,0.2393077606174066,0.01983343822192185
77.2,0.10954791477613757,0.0614283789753596,0.21909582955227513,0.027172025476683175
77.3,0.12173122843853346,0.06148654032208176,0.2434624568770669,0.028832710529573813
77.3,0.1339358580466049,0.061560966605166,0.2678717160932098,0.030363338139709706
77.4,0.12434987080902002,0.0616222222131568,0.24869974161804004,0.029256583270194092
77.4,0.11135549486736099,0.06166729766428473,0.22271098973472198,0.03050496886459242
77.5,0.12360894297001283,0.06172733961083802,0.24721788594002567,0.031005118813299815
77.5,0.11305451240710643,0.06177420363706145,0.22610902481421286,0.047466983732805224
77.6,0.1253276120372669,0.06183622623226238,0.2506552240745338,0.04743177005956921
77.6,0.11530525378241463,0.0618855532296204,0.23061050756482926,0.029812909133057897
77.7,0.12758768197743414,0.06195028381162048,0.2551753639548683,0.029103295662407103
77.7,0.11730963628066277,0.06200180303915417,0.23461927256132553,0.018203030843438883
77.8,0.12959111126021225,0.06206892393196726,0.2591822225204245,0.017246192823589634
77.8,0.11853425885292691,0.062121696583844234,0.23706851770585383,0.011224963077313355
77.9,0.1308045019465976,0.062190156770467984,0.2616090038931952,0.010115022198829095
77.9,0.12004850153058443,0.062244544077188865,0.24009700306116885,-0.026995353695776325
78.0,0.13229731961481989,0.062314724544279075,0.26459463922963977,-0.027668178358668305
78.0,0.12059907284003722,0.0623695348446982,0.24119814568007444,-0.02730626732435182
78.1,0.13281619331662728,0.06244011090369289,0.26563238663325456,-0.02763368840357039
78.1,0.12094767588153665,0.06249509240260657,0.2418953517630733,-0.0279908458703646
78.2,0.13312287804977554,0.06256577360506708,0.2662457560995511,-0.02803358907162501
78.2,0.12113944533041206,0.06262073144813819,0.24227889066082411,-0.0196291747089985
78.3,0.13326257094823235,0.06269129043523058,0.2665251418964647,-0.019658917138853482
78.3,0.12113758760808098,0.06274598603196459,0.24227517521616196,-0.017995613493557938
78.4,0.13319854937462172,0.06281614808203385,0.26639709874924344,-0.018183938555162538
78.4,0.1452246601680248,0.06290311873031323,0.2904493203360496,-0.018599326206502283
78.5,0.13298579469188473,0.06297263004824312,0.26597158938376947,-0.01750123892867439
78.5,0.11684592681866664,0.06302160316458351,0.23369185363733327,-0.020409658787037266
78.6,0.12875261486324285,0.0630852307920825,0.2575052297264857,-0.021055889167372444
78.6,0.1159496287843204,0.06313293168359188,0.2318992575686408,-0.01656554099308627
78.7,0.12776439899431077,0.06319502083031628,0.25552879798862155,-0.01748749208415767
78.7,0.11626571235708855,0.06324287746860621,0.2325314247141771,-0.01756184440187769
78.8,0.12791012234288068,0.0633048972748838,0.25582024468576137,-0.018843053194362858
78.8,0.1162234938888346,0.06335249154968248,0.2324469877776692,-0.019315640235390674
78.9,0.1276778353351737,0.06341395945443318,0.2553556706703474,-0.020947987663352707
78.9,0.13903258735860832,0.06349040560240511,0.27806517471721665,-0.02276240687955555
79.0,0.12723356509680747,0.06355101101438906,0.25446713019361494,-0.028612123102070397
79.0,0.11191547692886723,0.06359325517773015,0.22383095385773447,-0.04113547034336995
79.1,0.12295419857441288,0.06364830162263957,0.24590839714882576,-0.04298091113596714
79.1,0.110179361832613,0.063688453105033,0.220358723665226,-0.038454349309695816
79.2,0.1209930626921445,0.06374091724239879,0.241986125384289,-0.04041697372867481
79.2,0.10957582262316047,0.06378024502049955,0.21915164524632094,-0.03981482046564033
79.3,0.12015346539257625,0.06383150922604217,0.2403069307851525,-0.042012099543293324
79.3,0.10866618744343444,0.06386969478767424,0.21733237488686888,-0.04197104781122962
79.4,0.11899719232604572,0.06391940351202087,0.23799438465209144,-0.04441384586981977
79.4,0.10742565289266638,0.06395611359132647,0.21485130578533276,-0.04454685975854855
79.5,0.11749993273146833,0.06400389760460123,0.23499986546293666,-0.047241145031042375
79.5,0.1274420725951661,0.0640635408219246,0.2548841451903322,-0.05017757253329869
79.6,0.11570709074255271,0.06410906786334071,0.23141418148510542,-0.050432727365944396
79.6,0.10065602185408243,0.06413856120468926,0.20131204370816486,-0.05221767081360594
79.7,0.11018900486028096,0.0641778349171253,0.22037800972056193,-0.055334323404026886
79.7,0.09810845909997924,0.06420474278480358,0.19621691819995848,-0.06784123833584665
79.8,0.10735834965044201,0.06424088052311235,0.21471669930088402,-0.07078803052603622
79.8,0.09720071158241395,0.06426682460782433,0.1944014231648279,-0.07066953399399156
79.9,0.10616008112765017,0.06430159767899005,0.21232016225530034,-0.07365901117213669
79.9,0.11497144597416094,0.06434578390093804,0.22994289194832188,-0.07700557854113921
80.0,0.1046537708174991,0.0643788792100375,0.2093075416349982,-0.10021824211398833
80.0,0.09138863640967416,0.06439929824987146,0.18277727281934833,-0.0858803072077583
80.1,0.0997489121890543,0.06442743173352364,0.1994978243781086,-0.08860248798091819
80.1,0.08890119201230257,0.06444560777713064,0.17780238402460513,-0.09645928156724914
80.2,0.09695485565753079,0.06447099816375008,0.19390971131506157,-0.09927495109325823
80.2,0.08709795644508023,0.06448757806111419,0.17419591289016045,-0.08610213696226697
80.3,0.09484189798379417,0.06451093720310667,0.18968379596758833,-0.08908784837895546
80.3,0.08492974139985197,0.0645256617075363,0.16985948279970395,-0.07872790429546361
80.4,0.09236211770424461,0.06454671664078136,0.18472423540848923,-0.08204469286636472
80.4,0.0825700800013047,0.06455948881802792,0.1651401600026094,-0.07725219787415982
80.5,0.08969041667272977,0.06457814507697417,0.17938083334545954,-0.08100968329286495
80.5,0.08009431183635975,0.06458893932922263,0.1601886236727195,-0.07932900206245952
80.6,0.08690359701254283,0.06460518146641503,0.17380719402508565,-0.0835085449729327
80.6,0.09355783621774293,0.06462716295369389,0.18711567243548585,-0.08808696011634143
80.7,0.0843190697932206,0.0646412296003977,0.1686381395864412,-0.0955110197779396
80.7,0.07322502141730658,0.06464690080030798,0.14645004283461316,-0.08430681707516974
80.8,0.07942120395817805,0.06465709352705737,0.1588424079163561,-0.08886814564795975
80.8,0.07017460253412965,0.06466065340872905,0.1403492050682593,-0.10091756555557896
80.9,0.07607134016672534,0.0646683323037759,0.15214268033345069,-0.10587986701322025
80.9,0.06796358490386624,0.06467042078017475,0.13592716980773248,-0.10766622531747871
81.0,0.07356762404503189,0.0646762940349931,0.14713524809006379,-0.11271037835373796
81.0,0.07902772990301024,0.06468613507749209,0.15805545980602048,-0.11811771420809636
81.1,0.070921017370179,0.06469016663731122,0.141842034740358,-0.11495160259676995
81.1,0.061108314885345384,0.06468801944423477,0.12221662977069077,-0.12411132820562987
81.2,0.06615189983838055,0.06468893160298754,0.1323037996767611,-0.1289524817445876
81.2,0.05840334310841132,0.0646852491000228,0.11680668621682264,-0.11847030451867635
81.3,0.06318106578917791,0.06468433420477837,0.12636213157835582,-0.12326253212879679
81.3,0.05688779859850301,0.06467982810109321,0.11377559719700601,-0.12045221525648864
81.4,0.061410302128099795,0.06467786931931366,0.12282060425619959,-0.12530184299189392
81.4,0.055885088841417734,0.06467283527624623,0.11177017768283547,-0.14874427859557338
81.5,0.06016394177860131,0.0646701638172422,0.12032788355720261,-0.15304087225597252
81.5,0.06432485820727274,0.0646699525385337,0.12864971641454548,-0.1578830565665077
81.6,0.05706183387441213,0.06466556208367212,0.11412366774882426,-0.15574362543332798
81.6,0.06099678486212617,0.06466337779197204,0.12199356972425233,-0.1604660788470874
81.7,0.05274655897225771,0.06465675238023388,0.10549311794451542,-0.1508697454838793
81.7,0.044206075537784585,0.06464621514310283,0.08841215107556917,-0.1501671836619065
81.8,0.0478253420402827,0.06463726499027084,0.0956506840805654,-0.15351158002609244
81.8,0.041990086693544634,0.06462584607584278,0.08398017338708927,-0.13942859567896204
81.9,0.04541351505290303,0.0646158535154642,0.09082703010580606,-0.14286555870813242
81.9,0.04020885387405699,0.06460376603742489,0.08041770774811398,-0.1369621823180449
82.0,0.04344829354717313,0.06459297097197063,0.08689658709434626,-0.1406535186788305
82.0,0.03848014268856912,0.06458026573064661,0.07696028537713824,-0.13575571615363313
82.1,0.041547187891950894,0.06456873172661028,0.08309437578390179,-0.13970199028245678
82.1,0.03682249144719025,0.06455546316865167,0.0736449828943805,-0.13351199255480883
82.2,0.03972835813235833,0.06454325688329916,0.07945671626471666,-0.1376905950461741
82.2,0.03512001682477441,0.06452943747480225,0.07024003364954882,-0.13378687017246438
82.3,0.037875463027204875,0.06451657951066438,0.07575092605440975,-0.13821893102770322
82.3,0.03345994329241508,0.06450225124898237,0.06691988658483015,-0.13471869167703032
82.4,0.03607523806062701,0.06448879330047004,0.07215047612125403,-0.13937251111988813
82.4,0.038623871837403165,0.06447624473796491,0.07724774367480633,-0.14462147020007954
82.5,0.035069943659403816,0.06446247704985963,0.07013988731880763,-0.14279450654804926
82.5,0.030526771443081923,0.06444732185724836,0.061053542886163846,-0.1371676182990675
82.6,0.032890441514157286,0.06443288601509359,0.06578088302831457,-0.1420761425474405
82.6,0.029169192860194613,0.06441737936711606,0.05833838572038923,-0.1271240889624048
82.7,0.03142018501843254,0.06440252832445824,0.06284037003686509,-0.1325132355194455
82.7,0.028423918175711365,0.06438684996720884,0.05684783635142273,-0.12499493297486708
82.8,0.030570266122067036,0.06437178102036907,0.06114053224413407,-0.1309251045308194
82.8,0.02771457098343507,0.0643559458681013,0.05542914196687014,-0.12615763604606856
82.9,0.029763919753846027,0.06434067837843252,0.059527839507692054,-0.1322326853698208
82.9,0.031767184789864886,0.0643260035634685,0.06353436957972977,-0.13869347455940817
83.0,0.028154889963809746,0.06431032869656349,0.05630977992761949,-0.1379292201290265
83.0,0.024464645511645518,0.06429375921307263,0.048929291023291036,-0.1392977984723215
83.1,0.026340786259151525,0.0642776518102648,0.05268157251830305,-0.14537179508143294
83.1,0.023541552644432126,0.06426090606443068,0.04708310528886425,-0.15243821861585827
83.2,0.025340392597518975,0.06424458761380317,0.05068078519503795,-0.15852853459099392
83.2,0.022356193635071398,0.0642276187401925,0.044712387270142796,-0.15688469482926892
83.3,0.024083423777650406,0.06421104090712094,0.04816684755530081,-0.1628076374438261
83.3,0.025776572563059635,0.06419487338039365,0.05155314512611927,-0.16919290894267006
83.4,0.02331174991751738,0.06417815571589569,0.04662349983503476,-0.16369732192035957
83.4,0.019951474099955357,0.06416077455132854,0.039902948199910714,-0.16572836758197218
83.5,0.02155086666714954,0.064143719532578,0.04310173333429908,-0.17071388439659463
83.5,0.018897984261608734,0.0641261794078385,0.03779596852321747,-0.16641871896937654
83.6,0.02044030257210345,0.06410893866813057,0.0408806051442069,-0.17123366787778313
83.6,0.018130980300179452,0.06409129831578811,0.036261960600358904,-0.16582124071979143
83.7,0.01962037151833715,0.06407393646549217,0.0392407430366743,-0.17051004741660392
83.7,0.01747723370852526,0.06405621993917487,0.03495446741705052,-0.16592910519074056
83.8,0.01891756410567148,0.06403876402556573,0.03783512821134296,-0.17043271721955944
83.8,0.020334548581769803,0.06402158336969808,0.04066909716353961,-0.17570590173391387
83.9,0.01822040327052201,0.06400403889769901,0.03644080654104402,-0.1687762087833793
83.9,0.015648614375581654,0.06398610490602272,0.03129722875116331,-0.16738548656574415
84.0,0.017001343902859064,0.06396839286995763,0.03400268780571813,-0.17145446916470541
84.0,0.018334024286261415,0.06395091617727586,0.03666804857252283,-0.17642378060555694
84.1,0.016244366401915355,0.06393311934182992,0.03248873280383071,-0.1697621138783687
84.1,0.014520886942145794,0.0639150921137685,0.029041773884291588,-0.1624446981917277
84.2,0.01579842359449489,0.06389726132454136,0.03159684718898978,-0.16595846470937947
84.2,0.01705877025956563,0.06387963922418563,0.03411754051913126,-0.1705060618454981
84.3,0.01577033142646644,0.06386183664633292,0.03154066285293288,-0.15749619567308548
84.3,0.016998365067978652,0.06384423715344086,0.033996730135957304,-0.16291740178947245
84.4,0.01496465973479006,0.06382635183212915,0.02992931946958012,-0.14629936672784918
84.4,0.016162958448891512,0.06380865585047041,0.032325916897783025,-0.15170564466513692
84.5,0.013949392498304116,0.06379066659490985,0.027898784996608233,-0.13384373941322159
84.5,0.012163923987405342,0.06377247725945458,0.024327847974810683,-0.14210121097228745
84.6,0.013322055137721162,0.06375444114801584,0.026644110275442324,-0.14555974467873325
84.6,0.012030672883504956,0.06373626946446644,0.024061345767009912,-0.1345720759025953
84.7,0.013164465014432952,0.06371824647820308,0.026328930028865903,-0.13865285612372388
84.7,0.011876728962298874,0.06370009026397634,0.023753457924597748,-0.13406116594454054
84.8,0.012988128042986814,0.06368207831439975,0.025976256085973627,-0.1389572003107217
84.8,0.01170904569524407,0.06366393623467055,0.02341809139048814,-0.13594904112385953
84.9,0.012799911959626577,0.06364593414376148,0.025599823919253153,-0.14153995396432156
84.9,0.011534153664163936,0.06362780562797883,0.02306830732832787,-0.1391644333093459
85.0,0.012606253261800846,0.06360981303315275,0.025212506523601692,-0.14535315787560799
85.0,0.011357276713658928,0.06359169809584259,0.022714553427317857,-0.14351381870699403
85.1,0.01241229367347197,0.06357371525464935,0.02482458734694394,-0.15019273407677022
85.1,0.011155582056486155,0.06355561156293023,0.02231116411297231,-0.1485942382137297
85.2,0.012195126780498368,0.06353763615069757,0.024390253560996736,-0.15566615042912857
85.2,0.010989906637922936,0.06351954767616659,0.02197981327584587,-0.15409720928445336
85.3,0.012015518637196566,0.06350158423825707,0.02403103727439313,-0.16147702086472343
85.3,0.010806421429296635,0.06348350939308457,0.02161284285859327,-0.1600056620488673
85.4,0.011819585937330573,0.0634655563868337,0.023639171874661146,-0.1676036843440692
85.4,0.01064156894812712,0.06344749725003017,0.02128313789625424,-0.16624056491673733
85.5,0.011643717319342198,0.06342955712652167,0.023287434638684396,-0.17397434699249775
85.5,0.010508424390389112,0.06341151695342459,0.021016848780778224,-0.1716718803097561
85.6,0.011500936334547001,0.06339359344021053,0.023001872669094002,-0.1795267810798305
85.6,0.010385144697625375,0.06337557326861441,0.02077028939525075,-0.1769089721041485
85.7,0.011369330532546134,0.06335766765692728,0.02273866106509227,-0.18485259921445146
85.7,0.012349387112281163,0.0633398849450549,0.024698774224562327,-0.19357945273206106
85.8,0.011247322048142388,0.06332199825405738,0.022494644096284776,-0.18988610938743838
85.8,0.009922076083386697,0.06330399823523683,0.019844152166773394,-0.19188301376260836
85.9,0.01089098916773396,0.06328610686498011,0.02178197833546792,-0.1993829366525109
85.9,0.009728298281501332,0.06326812099157957,0.019456596563002665,-0.1803296136882942
86.0,0.010689980849136117,0.06325024123763365,0.021379961698272235,-0.18792833257364483
86.0,0.009672119298553907,0.06323228194457584,0.019344238597107814,-0.16633502999727273
86.1,0.010626840268288088,0.06321442749727335,0.021253680536576176,-0.17430866703087186
86.1,0.00964465882567634,0.06319649727240775,0.01928931765135268,-0.15829120597845733
86.2,0.010592710356046052,0.06317867090584449,0.021185420712092104,-0.1667963559901569
86.2,0.009574095910896762,0.06316076587087895,0.019148191821793524,-0.1501398334814753
