Time (s),Error (m),RMS_Err (m),v (m/s),w (rad/s)
0.1,0.09991325584911938,0.09991325584911938,0.0036996673868124673,0.2
0.1,0.10077537949822084,0.10034524355290093,0.007410566097462703,0.4
0.2,0.10202602228004291,0.10090861382074018,0.011168018777074682,0.6000000000000001
0.2,0.10364988807041943,0.10160086653995662,0.014948926797951078,0.8
0.3,0.10562059614968433,0.10241743470493198,0.01895805221673182,1.0
0.3,0.10788876299553739,0.1033494394746953,0.023452739500805883,1.2
0.4,0.11029291473932579,0.10436964999468984,0.028801833966851903,1.4
0.4,0.11340299964808738,0.10554111000534491,0.0342254979797592,1.5999999999999999
0.5,0.11690503397258267,0.10686346126270624,0.039865913121103,1.7999999999999998
0.5,0.11987952627577926,0.10823552789981601,0.04660464376496383,1.9999999999999998
0.6,0.1241328573079279,0.10977591276652009,0.053681691888324806,2.1999999999999997
0.6,0.1269335775242225,0.11130678115163166,0.0620317018849252,2.4
0.7,0.13193389990305177,0.11302720853768426,0.07087396847771377,2.6
0.7,0.13389040981998174,0.11464341927080987,0.08104099868555573,2.4
0.8,0.13963199653674618,0.11647623065280335,0.0918769988878905,2.2230823402634536
0.8,0.14004380681581316,0.11808708450592208,0.1036293150634566,2.0230823402634535
0.9,0.14652787781902124,0.11994689300634544,0.11621058771945911,1.8230823402634535
0.9,0.14538331672504978,0.121499812572755,0.12969033316473352,1.6230823402634535
1.0,0.15263025755306672,0.1233343072847083,0.14418810163108153,1.4230823402634536
1.0,0.148861027203023,0.12473477484938138,0.15743757442636497,1.2230823402634536
1.1,0.1565113442293562,0.1264291787461599,0.17166792723748872,1.0230823402634537
1.1,0.15272228559946532,0.12774178118477952,0.18576159857536864,0.8230823402634537
1.2,0.1615619811922984,0.1293961649005811,0.20095451712013468,0.6230823402634538
1.2,0.15528348404119977,0.1305773099081658,0.2156386444572246,0.42308234026345376
1.3,0.16496864624597463,0.13212495100513083,0.23148890065728994,0.22308234026345375
1.3,0.1564133091416139,0.13314107472170778,0.24436347950657525,0.023082340263453738
1.4,0.16695604279268017,0.134545119852361,0.2582824404049661,-0.17691765973654627
1.4,0.15435829444479393,0.1353027021056111,0.27061687141314417,-0.3769176597365463
1.5,0.16577299444722485,0.13646670418801446,0.2839884565389059,-0.5769176597365463
1.5,0.17719797902040754,0.13801821171801315,0.2903585346350282,-0.3769176597365463
1.6,0.13518164509753636,0.13792762011946763,0.29354198234389334,-0.292945243539873
1.6,0.1467169179379259,0.13821074647929307,0.2971919139230788,-0.3062642307368816
1.7,0.15822689977564547,0.13885969439081433,0.3016221130822215,-0.3394792605240377
1.7,0.16970540855394828,0.13986405286612555,0.30654225793598106,-0.3536351482307699
1.8,0.15287941704692148,0.14025268297075316,0.3103648496383757,-0.3478591429431616
1.8,0.16432368087729102,0.14097683023918547,0.3147041851942274,-0.3615239245922825
1.9,0.146662158339415,0.14113349905972655,0.31804008518804205,-0.3491182717970992
1.9,0.12878901030391704,0.1408225084597639,0.32007860306004143,-0.3203863138894424
2.0,0.14010471068785801,0.14080414909889943,0.32286392897631927,-0.3490730899630004
2.0,0.12160346546705093,0.14035614793701906,0.3237386025295388,-0.31333522374796824
2.1,0.13276529905573592,0.1401758960510316,0.32532186416814807,-0.33973195764100295
2.1,0.11394297925870722,0.13960859893905125,0.32569373436509036,-0.3168642811031381
2.2,0.12490492457828664,0.1392842833158102,0.3267719735800568,-0.3419641889373391
2.2,0.10615253654619441,0.1386192593617121,0.32633693640202055,-0.32080135726338527
2.3,0.11686720982757977,0.1381730882011099,0.326591617101352,-0.34475028005892283
2.3,0.12755270975969882,0.13795090473594837,0.3274812703458362,-0.3550377269799223
2.4,0.10778667590777576,0.1373780902431909,0.3264782019774693,-0.3388573089477954
2.4,0.11819430713441549,0.13700582858234694,0.32612790954788373,-0.34841822402539363
2.5,0.09848752049558403,0.13632856849740788,0.3240518794919946,-0.33440125414308985
2.5,0.10856216649756253,0.13582887725617948,0.3226447888374541,-0.3432899334707047
2.6,0.08915378547263643,0.13506879817757178,0.31955024226092515,-0.33022063054894174
2.6,0.07102095670488702,0.13412584278816808,0.3148993233259086,-0.30910659620174613
2.7,0.08000548273605024,0.13330822886863675,0.3108424999385054,-0.32709576262744483
2.7,0.06367328211002515,0.13235206505487013,0.30590846483790496,-0.3163819078269818
2.8,0.07199148948195669,0.13150212630630825,0.3015748617076996,-0.3336413162503296
2.8,0.0803623584819734,0.13076441575338826,0.2907929619387572,-0.3084674574821481
2.9,0.06415058477413545,0.1298905013515306,0.2856599302487383,-0.32845697023296755
2.9,0.051195023232365605,0.12894123520244197,0.2793199415433297,-0.32051573212567225
3.0,0.05752936935691196,0.12806304539796207,0.2735370497111099,-0.33571371820238993
3.0,0.04630825625848074,0.1271320131986911,0.2672657742047715,-0.3257370371965778
3.1,0.03991815962594693,0.1261891883254931,0.25278555559249655,-0.3287128514836729
3.1,0.0420877980863128,0.1252814746373275,0.24547224683219784,-0.3144460061298455
3.2,0.045873513754489954,0.12441750937596084,0.2386844287803425,-0.32673107745493235
3.2,0.039273000133971225,0.12353924710495048,0.23244382344554423,-0.3335707233805452
3.3,0.0417850286800856,0.12269477485196335,0.2201509542898911,-0.3667291673180977
3.3,0.03703516341307804,0.12184702958089294,0.21318800431495227,-0.3199562332605683
3.4,0.03839245431713344,0.12102522799269624,0.2067549604850012,-0.32982049125155727
3.4,0.0352413803783532,0.12020803316890015,0.20047222207936014,-0.3229463942053973
3.5,0.03547323924120903,0.11941016846154905,0.18839727032105247,-0.3813233019652998
3.5,0.033812252899049204,0.11862303217426565,0.1823117593702773,-0.3244837041647377
3.6,0.03307530859833146,0.1178500861618988,0.17676808376644335,-0.33171027318342206
3.6,0.03251692646972839,0.11709154715560366,0.16511180118399277,-0.4040746761113717
3.7,0.031117082004970268,0.11634380220222816,0.1596862264388168,-0.32314222697142037
3.7,0.031050817734176197,0.11561138398867911,0.15530801570267874,-0.32587238452852374
3.8,0.02916938815217682,0.11488743877846874,0.15149884461265697,-0.3295970414475003
3.8,0.029370951814325776,0.11417881416947495,0.1412578988154232,-0.4181601644386322
3.9,0.027169786925765015,0.1134772200558104,0.1369615149251145,-0.29003888552006496
3.9,0.02740905360628115,0.11279016002796186,0.134422847752866,-0.2942713168008657
4.0,0.025067126753543858,0.1121095043552763,0.1268285783951631,-0.45872428592829934
4.0,0.025516645850829384,0.11144313772006938,0.12256883692782698,-0.2587242859282993
4.1,0.022883875117118653,0.11078226377476129,0.11883184388224254,-0.21810092724243546
4.1,0.02162627694557256,0.11013058785061744,0.11023313698109048,-0.37241888553403085
4.2,0.020668482397828893,0.10948864656721921,0.1069158331661143,-0.1848456416747607
4.2,0.01923514449276088,0.10885521074512657,0.10416688819752379,-0.17816954847744323
4.3,0.018459433508898844,0.10823151279821726,0.0971852228363838,-0.3781695484774432
4.3,0.01891142647254243,0.10761974255162074,0.09429825566219105,-0.1781695484774432
4.4,0.016194880696154566,0.10701353695829369,0.08678533776093829,-0.32725808201621615
4.4,0.01689887667793713,0.10641901632148033,0.08424845657691109,-0.12725808201621613
4.5,0.014004204960199162,0.10582987921695705,0.08219886804298308,-0.039863338330174844
4.5,0.014919599789711815,0.1052520430669809,0.07562001135612573,-0.23986333833017487
4.6,0.012021233943501842,0.10467972301447043,0.07402624748000369,-0.03986333833017486
4.6,0.012342644052538565,0.10411720935975266,0.07341825581634656,0.04877449971435609
4.7,0.009711762956109631,0.10356082315192361,0.0684809900927111,-0.1512255002856439
4.7,0.010187870090000734,0.10301385432769353,0.06715125298236202,0.0487744997143561
4.8,0.007602693259203106,0.10247321057817148,0.06628513903939301,0.10375674125582802
4.8,0.006494389444129032,0.10194025370708816,0.06589121901282272,0.11420631323110707
4.9,0.00578199801973695,0.10141512640506109,0.06103953278950264,-0.08579368676889294
4.9,0.0050011529129813884,0.10089764030708159,0.06085172067916857,0.11420631323110707
5.0,0.004269704751881948,0.10038768007098028,0.060254849289373115,0.12600056643356372
5.0,0.005648788914793072,0.0998860777841196,0.05519013588073186,-0.07399943356643629
5.1,0.0030739103044483533,0.09939083281602067,0.054667520015689024,0.12134295037297269
5.1,0.004477126768219991,0.09890341630026987,0.05439437431255786,0.14131812344419648
5.2,0.0019627902243595954,0.09842232162776121,0.05006540192617979,-0.058681876555803536
5.2,0.003791972543987913,0.09794870020633138,0.04937003885753897,0.13272562068773722
5.3,0.001080586191746391,0.09748121901488487,0.049076110022911144,0.1366063796041023
5.3,0.002957216132633075,0.0970207374979841,0.04902216453013552,0.11224757767858651
5.4,0.005224689227439802,0.09656762624215244,0.04422745694440692,-0.06980394592584066
5.4,0.002636413507508413,0.09611984897082892,0.0436994786032985,0.08193802906165798
5.5,0.0004288736698540161,0.09567792510826688,0.043549517317624645,0.07561152128133013
5.5,0.0020510945304561758,0.09524223330149925,0.043742775804274756,0.04567650380843881
5.6,0.000977212748143454,0.09481228896538832,0.04432576146749625,0.03200700452211291
5.6,0.0017287449239510664,0.09438821212967356,0.040298967893091266,-0.058683343709424164
5.7,0.0013029609777983518,0.09396971700487732,0.04035513419849278,0.002550181248990792
5.7,0.00329431799606813,0.09355717007274916,0.04076081645628083,-0.018673695497115516
5.8,0.0020406732616670255,0.09314970599303835,0.04136193808914655,-0.02917044489672894
5.8,0.0012402507096014937,0.09274740105939641,0.04150519413684423,-0.04406215364277069
5.9,0.0022562597095291434,0.09235042966260328,0.0379427158023444,-0.05069519368832449
5.9,0.0012859855826608299,0.09195835789548426,0.03740298645756303,-0.04994962299439992
6.0,0.0021741844659991256,0.09157137998839483,0.03718625199696221,-0.07404556124344973
6.0,0.001249620928400438,0.0911891057033389,0.037196743951735826,-0.09562284001165783
6.1,0.002286828992576283,0.09081174740441367,0.037538703284800246,-0.12625907573101475
6.1,0.0012006244858887908,0.09043886763104092,0.03752751968706397,-0.13160116156923543
6.2,0.002251844817472989,0.09007070852779805,0.0339459822214331,-0.07257692425729545
6.2,0.001120047504248562,0.0897068413740565,0.03337669781770153,-0.1138531953733783
6.3,0.002001527552492436,0.08934747281874289,0.033103639208352034,-0.1442351465936628
6.3,0.0010246256912789355,0.0889922598847969,0.03302798327352884,-0.16223118936111178
6.4,0.0019861343164201124,0.08864137944213286,0.033256300394794006,-0.19883129713315573
6.4,0.0035576237529060264,0.08829500506386147,0.033782767911585895,-0.23766880654315728
6.5,0.0020051949006134385,0.08795228773803533,0.03401404546221537,-0.23648823586057444
6.5,0.0007654522940335551,0.08761338238072736,0.033750647126878704,-0.2011069659000372
6.6,0.0017966443634919455,0.08727848069971725,0.03007461468109103,-0.11197223934857539
6.6,0.0006994673527439423,0.0869472731885689,0.02919235521557152,-0.15133911782022025
6.7,0.0013994082552164363,0.08661987199780795,0.028577319483012863,-0.18335094070569244
6.7,0.0027944471493163846,0.08629639590755053,0.02823755128734548,-0.2171343123690224
6.8,0.001845942771430177,0.08597633233127022,0.030396579147618577,-0.3968344900429541
6.8,0.0007804500068868984,0.08565968582366877,0.03050413430071181,-0.2542518923606792
6.9,0.002168091113721772,0.08534668766528912,0.03089476897851735,-0.2969965028351071
6.9,0.0007504440118304771,0.08503692229802484,0.03056617002479638,-0.2465753311959287
7.0,0.002164747440837913,0.08473068088511561,0.030515276011131923,-0.28636748934604533
7.0,0.0005429679271127506,0.08442754146886022,0.03007231163621163,-0.2292471996705202
7.1,0.0019450727338792234,0.08412777977427496,0.02990675229960666,-0.2680043907811436
7.1,0.0003468942658787765,0.08383103688541192,0.029448710349541368,-0.2209799644412201
7.2,0.0017338395698612997,0.08353753295852336,0.029269172160500293,-0.25994432774877946
7.2,0.00017993118862415496,0.08324696809648828,0.028828215752700052,-0.21786960650675166
7.3,0.0014034633603395923,0.08295949481584446,0.025203078936497876,-0.1709160026708505
7.3,0.00026606001017278653,0.082674901729873,0.02422714911131372,-0.16559324521876437
7.4,0.0009617447865768942,0.08239325288799963,0.023497903944565034,-0.19776252138795958
7.4,0.0004341698436153061,0.08211443326890762,0.02327937518795173,-0.20000104442096533
7.5,0.0007775005032377791,0.0818384423734174,0.023319232449389497,-0.23913532908867197
7.5,0.0003624899362075188,0.08156519675551663,0.023252270742461646,-0.20752104764615992
7.6,0.000835692855185211,0.08129469312394069,0.02344717303796502,-0.2488449924770733
7.6,0.0002984283519030346,0.08102683870284774,0.02336047513825745,-0.20139430317669482
7.7,0.0014463144577270845,0.08076169566781191,0.022960517504967387,-0.1553457498912383
7.7,0.0002665807149071016,0.08049905817783076,0.022823070470312394,-0.19421533260305507
7.8,0.0009079136495011933,0.08023899674962709,0.022949823525768968,-0.2359494478896012
7.8,0.00021375734147583038,0.07998140884129287,0.02289236853593548,-0.19584910594574895
7.9,0.0009502182658890369,0.07972632014761209,0.023101874312384925,-0.23924567617888373
7.9,0.00018016684615724534,0.0794736224838703,0.023003356059794557,-0.19395631323218565
8.0,0.0009741118511657707,0.07922334890507397,0.023173098675452003,-0.23803366485601435
8.0,0.00017795176951321287,0.07897538914642613,0.023019577776060687,-0.1929297144086142
8.1,0.0009677403405123617,0.07872977887102965,0.02313296799065034,-0.23756563234784073
8.1,0.00019775590806444285,0.07848641111295529,0.02292930461601408,-0.19545054754574737
8.2,0.0009392791134776763,0.07824531944317956,0.022991358693062864,-0.24046415065532806
8.2,0.0004598805486788365,0.0780064101453289,0.02294888291250204,-0.2371201363186906
8.3,0.0015852693444871593,0.07776976576099259,0.02317076454955286,-0.2843678370332136
8.3,0.002706980506049093,0.07753545029549594,0.02365592030249372,-0.3344656403853737
8.4,0.0015331310120658135,0.07730305070282475,0.023839654503017355,-0.27524372483081166
8.4,0.00028287512039366935,0.07707264180274213,0.023565353476162162,-0.17917506404095407
8.5,0.001393223464679336,0.07684435265078818,0.023554641874203763,-0.22273319679076364
8.5,0.0025000826755180133,0.07661824643352584,0.023806629867050802,-0.26910524092100885
8.6,0.001284572280602222,0.07639395114136593,0.023760737038290763,-0.2110300861900825
8.6,6.160138630406783e-05,0.07617155212100371,0.0233471029358947,-0.1494738887860341
8.7,0.0011084880057633131,0.07595113082680463,0.02319657216487841,-0.19218853295374025
8.7,0.002201777297630372,0.07573274991185623,0.023308428247891432,-0.2377319944500314
8.8,0.0015181852019408835,0.07551614783188158,0.02332083625662579,-0.2343810653269351
8.8,0.0002918174574802746,0.07530131092841212,0.023039964321976383,-0.18828243993854174
8.9,0.0013647942019228952,0.07508836413765385,0.023021584395862386,-0.2348811017106668
8.9,0.002447315972944796,0.07487736938027731,0.023265103780511786,-0.28438672367969114
9.0,0.0012240310512176154,0.07466797783189502,0.02324976889784184,-0.241170697260122
9.0,0.00013051864481145045,0.0744602785439771,0.022872375553272005,-0.1944932804445364
9.1,0.0010393417023156887,0.07425434246220806,0.02275803461068306,-0.24201636991240927
9.1,0.00021762121524684225,0.07405006778690257,0.02241684940293268,-0.23090609261119593
9.2,0.0008974833008003916,0.07384749784392071,0.02233886583752734,-0.2812729421867265
9.2,0.0002979776476953212,0.07364655517525698,0.022058892134449542,-0.2645822570186957
9.3,0.0007934735959013095,0.07344726389067402,0.022042558177485017,-0.31749422748866835
9.3,0.0018632269597295456,0.07324968632266392,0.022289547077253603,-0.3734500307914612
9.4,0.0007237881738677205,0.07305358817988775,0.02232890645393937,-0.3393737395022285
9.4,0.0004421581110334661,0.07285904480270215,0.022039283358178646,-0.26407926087742406
9.5,0.000629602921625968,0.07266605480292586,0.022015711565553178,-0.3161874244062103
9.5,0.0017008288954724377,0.07247468110408797,0.022258060644393948,-0.3713625135353979
9.6,0.0005487467995565049,0.07228471873077287,0.022269509695518778,-0.33939197301214497
9.6,0.0006200254026154998,0.07209624541523638,0.021956553150555704,-0.2641768957264006
9.7,0.00045752283018628905,0.0719092325497716,0.021912664106383328,-0.3153948529567435
9.7,0.0015280692950708154,0.07172374393311519,0.02213789409115735,-0.36967946038110827
9.8,0.0003951207742763779,0.07153960610825894,0.022148410381689087,-0.33792067914397517
9.8,0.0014631957405449216,0.07135695027702164,0.02242959295857633,-0.3936127684537092
9.9,0.00033117866441245654,0.0711756147582895,0.022402616030291717,-0.3130475922202557
9.9,0.0008554766226098074,0.07099567687349453,0.022042067720195464,-0.22556037458059638
10.0,0.00025999108389665254,0.07081707351239182,0.021956738981234045,-0.2727652441587187
10.0,0.001316119461030106,0.07063987027314948,0.02214697664698387,-0.32298670037103777
10.1,0.0002898449148033926,0.07046393306467534,0.022165234244859555,-0.30035164112968094
10.1,0.0008900333642305846,0.07028932888781704,0.021892151548994907,-0.24263733767588688
10.2,0.0002459504843121292,0.07011599085029838,0.02189847731496979,-0.29086920953776296
10.2,0.0009097877649156628,0.0699439558145102,0.021694477362318138,-0.2600574551254532
10.3,0.00024109577363140385,0.0697731542805765,0.02177209823470873,-0.309491091862978
10.3,0.0009008403245283069,0.0696036242380521,0.02163627428311535,-0.2707149747273733
10.4,0.00026441067265262346,0.06943529843280913,0.021784526739183303,-0.32071328276611555
10.4,0.0013167253896300892,0.06926824572656963,0.022217492523569166,-0.37377221328507815
10.5,0.00030416567732401807,0.06910233672547024,0.022416100118008944,-0.32530201075289744
10.5,0.0009007681282266875,0.06893763903964074,0.022239210085053723,-0.231707583560416
10.6,0.00029472402438667975,0.06877408868459978,0.022352349103934303,-0.277474568708578
10.6,0.0009230846255845889,0.06861172320559168,0.022197377974036835,-0.24161762848971785
10.7,0.00028282318477191676,0.06845047608252865,0.02233519244675295,-0.2877794034799748
10.7,0.0009100020813684938,0.06829038612281155,0.02223288608999597,-0.24931808935140615
10.8,0.00030262181176148907,0.06813138929818695,0.022426296045960754,-0.2957655951183426
10.8,0.0008849624122577021,0.06797352145880206,0.022363116831319935,-0.25256890042973695
10.9,0.00033519374817097343,0.06781672340307585,0.02259874925545533,-0.2988149090078316
10.9,0.0008548067982301521,0.06766102644340284,0.022546705613597576,-0.2514936787753708
11.0,0.000373757517757264,0.06750637719100239,0.022796708977461198,-0.29702301377784895
11.0,0.001467846676594137,0.06735285156723195,0.023349834710712242,-0.3453810282843381
11.1,0.0004130956732464456,0.06720030252639773,0.023623122746010077,-0.29443324705288865
11.1,0.0007818359895823624,0.06704880020047711,0.02348271100705742,-0.2072469121750632
11.2,0.0004656531375250499,0.06689830492066726,0.023651557888176647,-0.24777894207530426
11.2,0.0007897819080031144,0.06674883217397769,0.023534279423358933,-0.19359982155678798
11.3,0.0004497646682942446,0.0666003430062699,0.023729855982542233,-0.23314816032940192
11.3,0.0007965970790116836,0.06645285488621101,0.02363859889636126,-0.20328827018741974
11.4,0.00044460194936819667,0.06630632796700292,0.023863632149757584,-0.24327749292245623
11.4,0.0007935434960228409,0.06616078043573892,0.02380371010030601,-0.20943720337079455
11.5,0.0004541709599206033,0.06601617335726734,0.02406365850565169,-0.24951888657067525
11.5,0.0007840172253567663,0.06587252388969797,0.024019374354238496,-0.21196991066919055
11.6,0.0004731872211852167,0.06572979539886731,0.0242986644250096,-0.25172664875558687
11.6,0.0007742178095239204,0.06558800307362429,0.024262563675535722,-0.21237372929942233
11.7,0.0004952132510233687,0.06544711298606996,0.024553845385432812,-0.2515616555135751
11.7,0.0016895842747312996,0.06530721240251737,0.025173991212818315,-0.2931908817615982
11.8,0.000518897444235243,0.06516812154148771,0.025480121938532253,-0.24980343109134792
11.8,0.0008064700084875742,0.06502992810767558,0.025318307565709266,-0.17320437960985827
11.9,0.000488403344531762,0.06489259689608579,0.02549208989143916,-0.20795852272977247
11.9,0.0017076457762264265,0.06475621901021143,0.026003065160426053,-0.24497896394199362
12.0,0.00045790154503463746,0.0646206105310665,0.026198681954043995,-0.22142426934561768
12.0,0.0016847550559479225,0.06448593543014046,0.026735413473748512,-0.25875073272120513
12.1,0.0004116364922131242,0.06435201357202838,0.02684334774015899,-0.17179192447592395
12.1,0.0010296662270417938,0.0642189513379587,0.02648513512655913,-0.09940192863812788
12.2,0.00043845916225782944,0.06408668352576717,0.030218384811516234,-0.1289373011385328
12.2,0.00047336226733243257,0.06395523070314829,0.031127550835430454,-0.18053481093650478
12.3,0.0013920473303314343,0.06382463832885506,0.030563907414859436,-0.15183743327768745
12.3,0.00014030040040850778,0.06369478197947127,0.030401520722455423,-0.18508948388301238
12.4,0.0015445131148640267,0.06356579037457301,0.03064261597632317,-0.22049859237776417
12.4,0.00012227671523849573,0.06343750456284115,0.03066702568413874,-0.1979316942466121
12.5,0.0014568110791612719,0.06331005917581083,0.031100252898690686,-0.2343782319725508
12.5,0.00013129395317568917,0.06318331272911938,0.03505285445126134,-0.24249342923114472
12.6,0.0017178935317976735,0.06305741717368371,0.036273871879699014,-0.28297887517089915
12.6,0.00018925629184987752,0.06293218001214934,0.03635145423572419,-0.20233318521010193
12.7,0.0018067774894250533,0.06280778769207315,0.03689940805782525,-0.23980868354892135
12.7,0.0035076349775057148,0.0626844147573133,0.03792059833757432,-0.27953468742069504
12.8,0.001987870573456467,0.06256150725360725,0.03831021872540917,-0.2264545923420376
12.8,0.0002666569874369642,0.062439199473741575,0.04298765826863374,-0.18777972224852946
12.9,0.0021460322448205575,0.062317747813055865,0.04486476553965507,-0.24740166706038186
12.9,0.004069787521693673,0.062197375818320105,0.047282586460483764,-0.2932490670931801
13.0,0.0019944072864932555,0.062077311238979874,0.04728198832858177,-0.18322098876341153
13.0,0.003949224617288759,0.06195830087108595,0.0478307454855439,-0.21782003233919572
13.1,0.001712507720824646,0.061839583748872204,0.04728432137131534,-0.1117165508849628
13.1,0.0038744355602630216,0.061721920590140415,0.05160609308947845,-0.16862969872924544
13.2,0.0013265301361228784,0.061604521085883164,0.0515076651919127,-0.11738830858969765
13.2,0.0009817074779194606,0.06148776484420903,0.052100962164724894,-0.11250095685839523
13.3,0.0012587087387344784,0.0613716892475027,0.05332382368289633,-0.1477793087784858
13.3,0.0014046076924372857,0.06125628084452121,0.0563456790475354,-0.13588416222692298
13.4,0.0010590733989101105,0.061141495451940954,0.05643913600252827,-0.1779218860790081
13.4,0.0017137570071951995,0.06102740867630842,0.057762388319258146,-0.21974112515800587
13.5,0.0007942999434868922,0.060913888464752416,0.059794503051458975,-0.2648770171791925
13.5,0.0020606454191508653,0.06080110965677346,0.05825670545096216,-0.16503502798195047
13.6,0.005158432561612397,0.06068963576539499,0.06057515528532593,-0.17177182663085347
13.6,0.002411204549648859,0.06057814763002416,0.05988590015598957,-0.20743527606345083
13.7,0.00036342778902854133,0.06046710085413651,0.05999222647355996,-0.2450359142777577
13.7,0.002803747915316311,0.06035689623693708,0.05909623107649139,-0.204390956188344
13.8,0.0002586931722353097,0.06024705849995902,0.06387820703303759,-0.29404794652549
13.8,0.0026501220420135853,0.060138027802130956,0.06428654365392632,-0.23862729600449112
13.9,0.0055381362142196125,0.06003029951018848,0.06291131157660015,-0.17170922735740954
13.9,0.0024345961332442718,0.05992241198283548,0.062434924127284526,-0.20414713575924812
14.0,0.0010073808176695727,0.05981495815413919,0.06793659535265319,-0.2819298837839705
14.0,0.0019539872681797114,0.05970816437838239,0.06928986298435415,-0.23269036335864446
14.1,0.0015691964687242238,0.05960190091488426,0.0716338800055221,-0.27193151626195233
14.1,0.005201965511409699,0.059496936359079135,0.08021208655816008,-0.37223332617126237
14.2,0.0022605367725166965,0.059391877084700485,0.0826069187594629,-0.25102748837674155
14.2,0.005983189117107052,0.05928828475955405,0.08609003168285148,-0.29080362263849746
14.3,0.00246303254870251,0.05918435865240923,0.08667815118472777,-0.1335039974757173
14.3,0.006481073994227195,0.059082041821342815,0.09384412852035491,-0.17555954092518627
14.4,0.0023596451584286236,0.058979186086463936,0.09456315693690316,-0.05916998692817757
14.4,0.0025007507740837406,0.058876887033113244,0.09269577500793817,0.007055274698061942
14.5,0.001680462217127375,0.05877501876314534,0.09204658834808802,-0.01114758737257645
14.5,0.0031639462425598007,0.058673889176019955,0.09624068349642009,-0.006140255118751513
14.6,0.0013860285719855862,0.058573044528016295,0.09713287430393487,-0.05698474523678564
14.6,0.003244936704286466,0.05847297055258166,0.09636413040966053,-0.07053587338606832
14.7,0.001472174993425644,0.05837316540050208,0.0969316810062213,-0.09646843574146771
14.7,0.0062983179226326754,0.05827496444399134,0.1048021519095464,-0.14345901921229023
14.8,0.0016655151599178732,0.058176190287826536,0.10686076383603746,-0.13530426178701402
14.8,0.003202432222507817,0.058078134838538194,0.10591332679318563,-0.09830218042289483
14.9,0.0019800124161010245,0.05798039159315815,0.10642760984961279,-0.12526310016992406
14.9,0.002919585792452837,0.057883274390519095,0.11421072907764986,-0.10346924579373662
15.0,0.002635043543292534,0.05778659948108393,0.11853263571906202,-0.13985961557581794
15.0,0.008048273916790968,0.05769207939597993,0.1244347467023762,-0.17318543951424126
15.1,0.0026125142030183498,0.05759636249415751,0.12555116842847835,-0.11079765806127724
15.1,0.008387974272642732,0.05750295099978515,0.13474622940706407,-0.16215575509627905
15.2,0.0025817874054442835,0.05740817482060611,0.13595067402290137,-0.08923530920936637
15.2,0.004250617148380279,0.057314194193085456,0.1365669569287677,-0.05379677965330395
15.3,0.0020384095721393903,0.05722027839958425,0.1389139755444484,-0.0777043767170192
15.3,0.005191053437934278,0.057127475457990254,0.13595890577466094,-0.040521480780149936
15.4,0.0015931691163074396,0.057034430556741025,0.1415607157324151,-0.06740836886228731
15.4,0.005901456395670641,0.056942759814492615,0.14022803167688863,-0.07555259058622756
15.5,0.0011731816729394706,0.05685058393317741,0.14076363222194627,-0.09901405647486124
15.5,0.0065133875184722745,0.05676002092346081,0.13887759710212982,-0.08477209932389396
15.6,0.0008654553302929358,0.05666871464684824,0.1388842540592297,-0.1077156129453555
15.6,0.007015026162824795,0.05657922038392399,0.13760426772235637,-0.10273633807074746
15.7,0.013692938929651564,0.05649406789812936,0.14224078106102944,-0.10431086182537395
15.7,0.006560526149531305,0.05640525252811332,0.14306565414345498,-0.127696441961385
15.8,0.0008741096341160388,0.05631567074682369,0.1459214175120852,-0.1537511778122247
15.8,0.007962967949216034,0.05622827743521977,0.15081883367822946,-0.1811804716207775
15.9,0.0011630663978892094,0.0561395572524927,0.1531459677982876,-0.14613032233564152
15.9,0.008501107512374716,0.0560532452251274,0.15753769151260327,-0.17158530869684396
16.0,0.0017925351111242886,0.05596540850204466,0.1663997668408338,-0.13548401275495864
16.0,0.005976104392517066,0.0558788927752226,0.1660853691601007,-0.065159535283431
16.1,0.0019293011374221596,0.05579189002728147,0.16796506454783652,-0.08391954816737454
16.1,0.006001704461695938,0.05570619336059647,0.16642334706893644,-0.058965801959577374
16.2,0.002031932464204915,0.055620008925559156,0.16709625505747094,-0.07638010941060536
16.2,0.010086965602441563,0.05553693656819624,0.16999279466297387,-0.09489693497853828
16.3,0.0016020057039257787,0.05545150050539238,0.17085744225494667,-0.09088629918587049
16.3,0.006996498334089056,0.05536774287878887,0.16907202530501386,-0.05383244814883235
16.4,0.0012860712379010077,0.055283063644197813,0.16953790989980544,-0.07012488161126337
16.4,0.007059856368021126,0.05520010277853227,0.1762572907657077,-0.07459695289442538
16.5,0.0016560623086012839,0.05511622382302781,0.17878582362019174,-0.09508017390985203
16.5,0.010364111892224354,0.05503560828296688,0.18368405815134617,-0.1148318710958635
16.6,0.0017443392147326463,0.05495249367747482,0.18517106153556484,-0.0955134278785449
16.6,0.010562689597179053,0.054872733705320885,0.18904197195193712,-0.11448028812995432
16.7,0.0016084616993495872,0.054790351164285295,0.1893636496340019,-0.07908390813327779
16.7,0.008099544613610914,0.054710063278577414,0.1863908930419813,-0.04464824489880855
16.8,0.0009633900826634959,0.054628370796462634,0.18582208537805545,-0.05915737396204314
16.8,0.009940517667849553,0.054549713674172766,0.1876618895214367,-0.07460447920484453
16.9,0.0009694984594583122,0.054468744854142284,0.18787148127582318,-0.06310938860174768
16.9,0.008829343430216081,0.05439023040436183,0.18556195024155234,-0.04937561152755698
17.0,0.0006339952072538456,0.05430996049370154,0.18567434133651586,-0.0642969120028152
17.0,0.009043659759713225,0.054232251934845425,0.18398858440546126,-0.05818604130249521
17.1,0.0005483324106138775,0.05415268226062193,0.18473101019523414,-0.07366316405849821
17.1,0.009864418780067014,0.054076084541136445,0.19650749171005275,-0.1024789399382298
17.2,0.001189596460158035,0.053997237094321436,0.1994781937674036,-0.08688163155164305
17.2,0.00843399718139429,0.053920613099281825,0.19767107987055177,-0.06199568814176702
17.3,0.001374525038358428,0.05384246142832478,0.1983944703085267,-0.077400893546835
17.3,0.008661791449686703,0.053766614633340745,0.19648273973850525,-0.07130794821295931
17.4,0.001195133728533739,0.05368912356228822,0.197101839270758,-0.08706026017742964
17.4,0.008701623153627831,0.053613957705885104,0.1955729039677115,-0.07754784747845127
17.5,0.0011860590626783676,0.0535371294217386,0.19657334136195972,-0.09353238801080788
17.5,0.011056947166667865,0.053463859921737855,0.20010115800211442,-0.11042600080510437
17.6,0.00140047025066257,0.053387698587445666,0.2014516032105302,-0.09866426456729961
17.6,0.008641916233167395,0.053313799681456844,0.19943481551492348,-0.07519489188779538
17.7,0.0013119966326177713,0.05323827662447276,0.19993912742315995,-0.09031035743640844
17.7,0.011283287689627119,0.053166410458141786,0.2029606119457503,-0.10631300986360039
17.8,0.0013216934708520092,0.05309152172385598,0.20364699310478568,-0.09507791606286048
17.8,0.0113191794570994,0.05302029661854252,0.20684226339886244,-0.11123768428451818
17.9,0.0017353874912325645,0.052946066089446124,0.2069585319445376,-0.08884679836747235
17.9,0.011755184247377742,0.05287571745696861,0.2095737383510093,-0.10441538218412018
18.0,0.019661549740994218,0.05281221877687858,0.2029986271640775,-0.04455695100973595
18.0,0.009625888321947003,0.052741257570518764,0.19891204758479689,-0.05685616488859891
18.1,0.00044585426215653945,0.052668163306873864,0.19730676372517966,-0.07001029687016937
18.1,0.009435451828825039,0.05259770483670755,0.19533912028357386,-0.0677597866305177
18.2,0.0006291407918233504,0.052525216622714574,0.19583753148790498,-0.08215532235529188
18.2,0.01065062065019087,0.052455987520013625,0.19879327964042187,-0.09745345013140523
18.3,0.0014895179338673971,0.052384138736689075,0.20012979497652397,-0.09832060952792389
18.3,0.01150648101723218,0.052315984191060254,0.20390536779869328,-0.11472698898851434
18.4,0.0021470074372662634,0.052244780596087975,0.20455595018966916,-0.10727894802270187
18.4,0.007908590135590282,0.05217537632743492,0.20160428528119284,-0.07881600624927572
18.5,0.002141681629538642,0.052104749304385405,0.20106226005973427,-0.09343788146382352
18.5,0.008037575005500213,0.052035967569709074,0.19835531120158117,-0.07960121700061051
18.6,0.0019932188539833573,0.05196589394838815,0.19803562230478858,-0.0944182072258808
18.6,0.008008861175482855,0.051897661535918155,0.1957730982683011,-0.08182366626302631
18.7,0.0020008570984547842,0.051828150479857525,0.1958736383925774,-0.09694684074280967
18.7,0.007766203319445879,0.05176037297834613,0.19394456111346542,-0.08518240436514096
18.8,0.0022078364337535625,0.05169143881153306,0.19435251461822464,-0.10068286853389612
18.8,0.01202681301774505,0.05162638029770299,0.19708324799543633,-0.11715095194287856
18.9,0.0027240051151510326,0.05155805570735474,0.1977002046852462,-0.10252632314394776
18.9,0.007048456056106489,0.051491088317419074,0.1951136829176651,-0.06961834408641766
19.0,0.016787842070574727,0.05143034314302739,0.19032203159839947,-0.06217196294095848
19.0,0.007046635478029348,0.051363899089663156,0.1877958074746492,-0.07660533736555183
19.1,0.01592905484206171,0.05130293908971381,0.18494487491932934,-0.06398325095965764
19.1,0.006260821526778452,0.051236746005680345,0.18432753070350616,-0.07926206602918957
19.2,0.00344427985954145,0.05117011624376803,0.1859265970564971,-0.09563537233634468
19.2,0.005082095543487948,0.05110410312326003,0.18529738855288708,-0.10358245701222389
19.3,0.004552427995686804,0.0510382183592997,0.18684933976535317,-0.12155109876179605
19.3,0.014046022167747653,0.05097707724350347,0.1905639551602468,-0.14062810917551627
19.4,0.0050344989583344275,0.05091181599944265,0.1916112932279701,-0.119863395573922
19.4,0.014435536891002144,0.05085144674930721,0.19478471089126728,-0.13893011773074318
19.5,0.005121454349504109,0.05078670676668226,0.1943474459749629,-0.09362133539782355
19.5,0.014424111496413724,0.05072681239254237,0.19599909697555262,-0.11112842177507261
19.6,0.004644640403099388,0.05066244733686162,0.19488404033378343,-0.06524582285571186
19.6,0.0050374789565931265,0.050598425303371684,0.1954049268453281,-0.04840988957998019
19.7,0.004157573664186517,0.05053444489634148,0.19795678535757485,-0.06564676768616458
19.7,0.005888713102918948,0.05047114606380692,0.19260530315603375,-0.05489886143020815
19.8,0.003179507003361587,0.05040747191329679,0.18924260357033956,-0.07105065198441683
19.8,0.007133231629568326,0.05034506201764468,0.18353780377230527,-0.07119717105328147
19.9,0.0018034396803411575,0.05028169662479174,0.17977807814679012,-0.0889648111992927
19.9,0.010661970030787601,0.050221332649876764,0.17794060150751853,-0.10795649335705833
20.0,0.001471505718137504,0.050158413264772696,0.17540278203149023,-0.1036105882219052
20.0,0.007366264533324373,0.0500970299500835,0.17140787015083503,-0.09015995374019692
20.1,0.015599255209827656,0.05004058952717034,0.1663573893124053,-0.07759332524404292
20.1,0.007010700506297082,0.04997953438403627,0.1631402319994423,-0.09794860352784446
20.2,0.001577051581063106,0.049917548337437,0.16173207085694788,-0.11978382581526568
20.2,0.006480481745361304,0.04985677343447604,0.15240808439000061,-0.11433730802706364
20.3,0.0016873670720541827,0.04979525441109237,0.15093780397469814,-0.1341042326098472
20.3,0.005897370165002624,0.04973475359938973,0.14943907577526447,-0.12722491081890824
20.4,0.002122274054925525,0.04967372820864406,0.14960645615446475,-0.15215514784231066
20.4,0.009934222017570011,0.0496152538546396,0.15141621420339857,-0.1787060731537726
20.5,0.002832884928985379,0.04955476036931994,0.1451300552857735,-0.1445317032600282
20.5,0.010219828340743389,0.04949686423851736,0.14626751991127426,-0.1718311666927615
20.6,0.0032891901737423005,0.049436878632917465,0.14608248104388366,-0.14561963107051343
20.6,0.0036659051470677223,0.04937717627268519,0.14619189607968686,-0.13477338540147912
20.7,0.01122353807545857,0.04932045356871523,0.1347414004183299,-0.10659000667634551
20.7,0.004386736610964822,0.049261323580421366,0.13036548437181372,-0.11943463544715488
20.8,0.0025222998347159483,0.04920209257884562,0.12739260955526188,-0.14360948727858855
20.8,0.0045948697691864035,0.04914343623504971,0.1255483693879282,-0.12647917230393935
20.9,0.001908335728205272,0.049084564843261444,0.11861221852470218,-0.14381476425011072
20.9,0.008162372679242202,0.049027441619383494,0.11840429659186669,-0.16859137982759625
21.0,0.0020696824062758977,0.04896900575578277,0.11735926313749966,-0.14616368093260124
21.0,0.0036846536323290623,0.048911005031145545,0.11040649081007552,-0.12942870492688602
21.1,0.002258140100137519,0.04885300538076327,0.10992161391900253,-0.14680260047079477
21.1,0.0026345676138069744,0.04879525688017743,0.10949836378283258,-0.15222342602300654
21.2,0.0029692523388767885,0.048737758968175504,0.10418555088431353,-0.16814628514982868
21.2,0.00836259082715913,0.04868194531502729,0.10508690330906208,-0.19796842937831874
21.3,0.003236992818484933,0.04862489222552962,0.10467755584004561,-0.16743181866961981
21.3,0.0017731356487941915,0.048567863203133395,0.10478075819485826,-0.14819264143900862
21.4,0.0033252718989112513,0.04851122573722818,0.10014719114390151,-0.16692823380294464
21.4,0.008266476703225924,0.048456168103093104,0.10141674998393854,-0.1958148036519159
21.5,0.003589842282664106,0.048399969760154676,0.0998241725814703,-0.15466163901393795
21.5,0.002048265641856052,0.04834375887706483,0.09171084603204388,-0.12453948544182064
21.6,0.002588153697104265,0.04828780399110145,0.08926991559768963,-0.13827041937464185
21.6,0.0023846044262423043,0.0482320194019342,0.08734351019899526,-0.15105754186688258
21.7,0.001909788187246741,0.04817637945726213,0.08088118047742607,-0.16372566055111337
21.7,0.006086548447553832,0.04812173162896847,0.07986901300327927,-0.19493575600285387
21.8,0.0014778500183627087,0.048066439696034774,0.07839840068876844,-0.18606601094222378
21.8,0.005337313493331435,0.04801196641772022,0.07248705868171232,-0.18707919010748375
21.9,0.001092460873565839,0.04795702982912838,0.0712894679143465,-0.18699126159688545
21.9,0.0022063450571750565,0.04790236908571299,0.07061622013816432,-0.17147854939541227
22.0,0.0016464445126222497,0.04784784400000404,0.07072163273006274,-0.20604379271636755
22.0,0.002011620388825262,0.04779353673588135,0.06513389339612814,-0.1603087168049406
22.1,0.0015485003159001252,0.047739375246865265,0.06453637311853838,-0.17819457808381683
22.1,0.001013511572540941,0.0476853652169796,0.06431597360080342,-0.1638615141070794
22.2,0.0022730408029223675,0.04763163628510363,0.059877151677054166,-0.17933259482752759
22.2,0.005431273088788944,0.04757866502098144,0.06024298010527563,-0.2090382621754793
22.3,0.0021426109488051903,0.0475252843154124,0.05980034395510417,-0.17013585289091146
22.3,0.0008676041382663918,0.0474719927262756,0.05931566162430093,-0.1203289428988501
22.4,0.003737650079291756,0.04741919187087687,0.053481254910481016,-0.11598954762877192
22.4,0.0008895619706532785,0.047366257745177616,0.05223257303742199,-0.10889646486752975
22.5,0.0019484522459426931,0.047313571308939935,0.05158234560022008,-0.1393630053786694
22.5,0.004746833135836395,0.04726150117279105,0.051523471835217556,-0.17197981206861843
22.6,0.0023741605023913895,0.047209208122618175,0.04795958748030422,-0.17430279938263815
22.6,0.004931465726041952,0.047157527104251584,0.048777662290363906,-0.2040461935456694
22.7,0.0023150709014772724,0.04710557367890179,0.04869662485502575,-0.17832272552220185
22.7,0.00010669800943968328,0.04705366696135571,0.04847828857052479,-0.13870707719893177
22.8,0.002213283270576452,0.04700204572238229,0.044372892963789864,-0.15297228882227276
22.8,0.00449914379684139,0.04695095284577079,0.044463007345088,-0.1782144879658945
22.9,0.0019142031838744683,0.04689964153584533,0.043894607027805566,-0.15105300295851487
22.9,0.004161807476406983,0.04684881669453669,0.043810197485792776,-0.1844023884638719
23.0,0.0018908306164219038,0.04679783852058163,0.043891541451853644,-0.15750530616055025
23.0,0.00030580667455019906,0.04674694580394958,0.043488651725597766,-0.11226586556681334
23.1,0.0017268357340834725,0.04669628586308154,0.039352459223767074,-0.13051408150012503
23.1,0.0006473856228519088,0.04664573110455399,0.038152406649648356,-0.10380312970615152
23.2,0.0013590623335446553,0.04659537332400162,0.0373850546565095,-0.13501445581141228
23.2,0.00332165807058437,0.04654539114863753,0.03704632123768117,-0.16831221223841164
23.3,0.0013908423504999333,0.046495360140667165,0.03723222769848507,-0.18061929172966654
23.3,0.0004431998291824252,0.04644545016038318,0.037136172311882557,-0.15332102841291667
23.4,0.0013558485616741935,0.04639573847107836,0.03344087307998424,-0.14850991136839825
23.4,0.0006526867553087335,0.046346153687604814,0.03254878146138949,-0.12433265895268725
23.5,0.002236963124106036,0.04629683300587248,0.03212784076051872,-0.11911477007183248
23.5,0.0005444372286500734,0.046247561648458245,0.03208627479184222,-0.15616240101043485
23.6,0.0012018214053643654,0.04619847367530059,0.032420887285940496,-0.19566771826796786
23.6,0.0003774209514688912,0.046149511935333516,0.03242400126987078,-0.1658560092725964
23.7,0.0013535394889626815,0.04610074429357813,0.03279811484527158,-0.20679314515482333
23.7,0.0002819829083599022,0.046052090962252594,0.03267084866546024,-0.1693533502915825
23.8,0.0012787474441796703,0.04600362695222912,0.029107677943352207,-0.1521306931584583
23.8,0.0005334384956595443,0.04595528491241715,0.02819265764505437,-0.13035766425335618
23.9,0.0009814224293861625,0.045907110473753045,0.027608938958412158,-0.1639478350128109
23.9,0.00033181588088354905,0.045859067853727876,0.02756791650711661,-0.17320865344236605
24.0,0.0011630596760744908,0.045811204075257836,0.027854161699881506,-0.21357655979261284
24.0,0.0002021689225314292,0.045763460121254,0.027904094584047547,-0.1785911255911773
24.1,0.0012855007215382304,0.04571590178131485,0.02827767199255599,-0.2202531018542728
24.1,0.002714161116002516,0.04566862135534736,0.028972544993819137,-0.2644639754802769
24.2,0.0013533426906763139,0.045621362413964,0.029230659714721406,-0.21141329625864652
24.2,0.0005024738539365513,0.045574214261517816,0.02878548553117859,-0.15894019405933918
24.3,0.000922542156402595,0.04552722556418532,0.02865739082540346,-0.1986263720012942
24.3,0.0005790168842098504,0.045480370319844504,0.02816560381462264,-0.18730862958957448
24.4,0.0008252456462906956,0.04543366728906631,0.02798736985488876,-0.22917905572470365
24.4,0.0022020146041544703,0.04538720198875863,0.02812052545817352,-0.2735898638981663
24.5,0.0006054931627568526,0.045340778324224854,0.024489568848860936,-0.17507435583045636
24.5,0.0009927612235620551,0.04529451079795082,0.023365074636155395,-0.16206832507544075
24.6,0.00022698438464488713,0.045248363691999444,0.022519048953788104,-0.19705595432453338
24.6,0.0008763711083585699,0.045202373459988704,0.022328821177546795,-0.2414446042944677
24.7,0.0003266087800034805,0.04515650839251263,0.02241437258775853,-0.28633040223537515
24.7,0.0007228977501793695,0.04511079199611481,0.02242852022916486,-0.23339558985705924
24.8,0.0004693859853658327,0.04506520744128672,0.02271677543933568,-0.2790073873811531
24.8,0.0016543632813943894,0.04501981716808116,0.023277629168108088,-0.3273553924581915
24.9,0.0005954446916711959,0.04497451072712523,0.023538731226048337,-0.258697766724426
24.9,0.000332294780391837,0.044929335372349805,0.023692173849353,-0.20735438691082264
25.0,0.0008474193096055064,0.044884309452213424,0.024116641498066825,-0.25229136965647236
25.0,0.00035262235983251857,0.044839405451200055,0.025027739176324056,-0.3700932414095545
25.1,0.000961338841091476,0.044794653783088334,0.026207648441343434,-0.4290328434340882
25.1,0.0003874600996592948,0.04475001869407454,0.02402495419615109,-0.2290328434340882
25.2,0.0012917061632026791,0.044705550542702956,0.02210966511908037,-0.24543605570240568
25.2,0.0007869597854804956,0.044661191533589134,0.021950331958895362,-0.33438464754916725
25.3,0.0018669018708473881,0.04461702796283456,0.022056678521161888,-0.38069446809200486
25.3,0.0008344335084654204,0.04457293362228833,0.022298802357951154,-0.31390048402508103
25.4,0.001910872013197728,0.04452903526640114,0.022806185659025577,-0.3618928197904095
25.4,0.0008581773723757378,0.04448520218038041,0.022967029232614143,-0.24970467684156974
25.5,0.001937789162104993,0.04444156506905774,0.02339286233058756,-0.2942606115946246
25.5,0.0008021592411397502,0.04439798773715085,0.023385697046277923,-0.21096606684406288
25.6,0.0018839133362220921,0.044354602499467745,0.023643025056156165,-0.2533479008568399
25.6,0.0006855274014722259,0.044311276644397886,0.023504231051414293,-0.17922178868800318
25.7,0.0017684853670062047,0.04426813605772491,0.023629548400315923,-0.22023578894117962
25.7,0.0028680574760731703,0.04422523363457073,0.024018158510548587,-0.26410349666620814
25.8,0.0016245002792464834,0.04418233364113193,0.024063281717598757,-0.2221683432593156
25.8,0.0003405729131191832,0.044139503086117166,0.023676855318329998,-0.14449183059017734
25.9,0.001422518024984923,0.04409683869652713,0.02355402490602934,-0.18445435633749865
25.9,0.002513848698999424,0.04405439207964158,0.023694135549374776,-0.22722713765159644
26.0,0.0012490228229048122,0.044011964153712606,0.023580885079779006,-0.22255549536870117
26.0,0.0023363890934901895,0.043969743964382094,0.023730001609194556,-0.2687514770977079
26.1,0.0010533735823510478,0.043927550487151065,0.023552320350486582,-0.21263804807416165
26.1,0.00023603358387779252,0.04388545533458562,0.023045496322758843,-0.14176369466797206
26.2,0.0008466503738953039,0.04384349538839432,0.02280243899281765,-0.18390480676303633
26.2,0.00035592426951637463,0.043801642773038045,0.02239473891121356,-0.15375562454338715
26.3,0.0007289292462764171,0.043759918603064114,0.022251101683878876,-0.1981938100936214
26.3,0.00045307994538990373,0.04371830639651618,0.02194357446233212,-0.1832809904771431
26.4,0.0006344519707503593,0.04367681697598094,0.02190037067618309,-0.23099810656881817
26.4,0.0005057698663406137,0.04363544230305098,0.02166702814092052,-0.20331352535013184
26.5,0.000581468584661947,0.04359418679480057,0.02169861329575045,-0.2532136158550709
26.5,0.0005308009567585921,0.04355304688876514,0.021513598566795748,-0.21622069548160125
26.6,0.0005535233632875803,0.04351202379087298,0.021594410983090725,-0.2673940838784843
26.6,0.000540732012496399,0.043471116117650005,0.021441178279201136,-0.2237013091322932
26.7,0.0005401967898378824,0.04343032361671283,0.02155492545650422,-0.27551482739670974
26.7,0.0005451833842049298,0.04338964587786432,0.02142167571933632,-0.2183408343384009
26.8,0.0005347756713115585,0.04334908200578255,0.021556883083252668,-0.26988444752880414
26.8,0.0005448578556710382,0.043308631945222054,0.021435416642280894,-0.2225990807301429
26.9,0.0005340897456768974,0.043268294682265694,0.021583918043621288,-0.27431719713972474
26.9,0.0005450098323370294,0.043228070195172406,0.02147666114718995,-0.22456615323829904
27.0,0.000533839875763706,0.043187957449136956,0.021641080072703666,-0.27628575245925235
27.0,0.0005476220679999484,0.043147956504564176,0.021540176311324717,-0.224777684609083
27.1,0.0005319396747029159,0.04310806616263208,0.02171283676118191,-0.2762681675625277
27.1,0.0005558273441042951,0.043068286831481416,0.021612940734747767,-0.22377981551395343
27.2,0.0005255315619930684,0.04302861674366064,0.02178866282425747,-0.27490277670560337
27.2,0.0005567266270197614,0.04298905681785921,0.021693196086770127,-0.2221574410432222
27.3,0.0005272913714374906,0.042949605147092416,0.021875561851945224,-0.27284724117335774
27.3,0.0005571955385921804,0.0429102626072692,0.021784602335231464,-0.24497601476232786
27.4,0.0005295850346089812,0.04287102736939279,0.02197351777044861,-0.2967039358890109
27.4,0.0005573670352489557,0.04283190022502637,0.021890371014239487,-0.23404288370065937
27.5,0.0005334165498858094,0.042792879484190076,0.022089767370091107,-0.2845360573816308
27.5,0.0005585158460018742,0.04275396580025234,0.02201287806615381,-0.22522499597879908
27.6,0.0005375594885465172,0.04271515761810798,0.022221285953292293,-0.27466176698213474
27.6,0.0005603021473234402,0.04267645547630744,0.022149429315942836,-0.2181178056144107
27.7,0.0005418433784862916,0.04263785793532314,0.022365719091807363,-0.2666301092037747
27.7,0.001647204406926889,0.04259941621759655,0.022870927870541687,-0.3181739661163662
27.8,0.0005455814181810003,0.042561027362867286,0.023094392066858545,-0.25997081052778376
27.8,0.0004926847699101097,0.04252274096600611,0.022930264574522723,-0.185869447194532
27.9,0.0006236386332183314,0.04248456081410105,0.023060459231683237,-0.23072292662623922
27.9,0.0005270148830958558,0.04244648100336537,0.022910231822686318,-0.22944973442540362
28.0,0.0005974930480692182,0.04240850509715111,0.023056843335720473,-0.276976395916698
28.0,0.0005661302396384471,0.04237063019527215,0.022939071790999337,-0.2441311307779897
28.1,0.0005663036850954956,0.04233285661852353,0.023121263928317006,-0.29209422233806304
28.1,0.001703149487997649,0.042295238182522524,0.023604456767686542,-0.34288970140313557
28.2,0.0005516018174357753,0.04225766550414996,0.02382495802070927,-0.2960937975399564
28.2,0.0005552706571455566,0.042220192888400565,0.023653820519715006,-0.2346261658167491
28.3,0.0005958575887163317,0.04218282078743198,0.02378954337800462,-0.28044320126264743
28.3,0.0006138438427404486,0.0421455482355725,0.02364258403951727,-0.24143453051974395
28.4,0.0005493956150677973,0.04210837276884546,0.023806050005697743,-0.28700708987013335
28.4,0.0006504179758657799,0.04207129806169776,0.023701341620607313,-0.24705127682080646
28.5,0.000528456846939515,0.042034318136128054,0.023910752565706475,-0.29232021611667636
28.5,0.0017036037289840163,0.041997490360086195,0.024435585662823032,-0.3402356369446734
28.6,0.0005254319390977925,0.041960704620407824,0.024682443939498283,-0.28681430133921076
28.6,0.001709369163559791,0.041924070560951904,0.025248698227077353,-0.333635564637863
28.7,0.0004840586910889828,0.041887476508460426,0.025391689424786236,-0.2440814720109844
28.7,0.000844214948453635,0.041850988088034315,0.02507608851188559,-0.15998966231289072
28.8,0.00038431957245627037,0.041814583159588734,0.025087242337559115,-0.1960437433454317
28.8,0.0015867993070780824,0.04177832232736712,0.025426693408261602,-0.23447268853099978
28.9,0.00030417185744982094,0.04174210549627794,0.02550332563194514,-0.20084746794774327
28.9,0.0010221563688731878,0.04170600244780778,0.02521610431986937,-0.1545058987752673
29.0,0.00022919863652922138,0.04166997242611513,0.025263744747021772,-0.18969119025943618
29.0,0.001455923951378126,0.041634078429455136,0.025647893163664802,-0.22717907440448606
29.1,0.00019241092634701964,0.04159823409321567,0.025783701509985674,-0.20820465111098446
29.1,0.00113083971477529,0.04156250784748472,0.02553825264381648,-0.1625971698253332
29.2,0.0001551029126962209,0.0415268476703603,0.02563595247481661,-0.1975220435443057
29.2,0.00115841363543429,0.04149130631971729,0.02546628956664393,-0.17559969036856377
29.3,0.00014696000191105718,0.041455828942069076,0.025643945954225932,-0.21116539400454407
29.3,0.001150059351468464,0.0414204692167977,0.025552427630180896,-0.18513597462494538
29.4,0.00031300118880579287,0.04138517470424465,0.029587135989442945,-0.29028789648444975
29.4,0.0008112895514077081,0.04134998178939822,0.030292297649737777,-0.241863092581001
29.5,0.0006684931101988762,0.04131487420780907,0.03140044952756957,-0.2869483643336699
29.5,0.0007670395866327641,0.041279858832679345,0.03125151717859595,-0.17614255239815405
29.6,0.0007343285291751793,0.04124493136953496,0.03151171266496651,-0.21176764486180766
29.6,0.000903469132642713,0.04121009812923145,0.031219151479258505,-0.17762709778074118
29.7,0.0006188393258795504,0.041175344178476264,0.03134140399760454,-0.21225140610747745
29.7,0.0008535221694756277,0.041140685103616084,0.035075041065613904,-0.22431797205648948
29.8,0.0008527658671025688,0.04110611342747278,0.03605187309681756,-0.2692154775875771
29.8,0.0025433169130513,0.04107174607981528,0.03750219192464464,-0.3145281865390506
29.9,0.001074237810979508,0.04103735676715572,0.037868675714557966,-0.23920714889832273
29.9,0.002788895733039208,0.04100318884427969,0.03871612520013035,-0.27869403381137053
30.0,0.0008756826820245867,0.04096896380319019,0.038659790956208695,-0.1823753475587414
30.0,0.0010852837846606744,0.040934832740793646,0.042048486420327075,-0.11295795852816205
30.1,0.000870127955209485,0.040900778361829614,0.04260724811275349,-0.17749023673191622
30.1,0.0028118550301890434,0.04086695418616595,0.04371725770498158,-0.2145343327603183
30.2,0.001280790496362196,0.040833087073797285,0.044607140900792736,-0.1942361049998052
30.2,0.0008407244782072667,0.040799285188099485,0.04487463625457282,-0.15490924859587785
30.3,0.0013435118311776208,0.040765589419343044,0.05004500918899121,-0.22547817483456484
30.3,0.0007684267631623401,0.04073195251829086,0.05009137164434551,-0.1561495648697722
30.4,0.0014514397066235712,0.04069842947122057,0.05076991987677031,-0.1914690922531565
30.4,0.0011438701782026906,0.04066497305533296,0.04984267486688323,-0.14979084812282412
30.5,0.0012968883485647092,0.040631606646683166,0.05406226655950568,-0.218845089447628
30.5,0.0012357240753303027,0.04059831922057293,0.05414544572939971,-0.19667351991441787
30.6,0.0012538771237877036,0.04056511448521857,0.054943007327519965,-0.23493862894914289
30.6,0.0015611366089685924,0.040532008627573286,0.054281542828705134,-0.1799960749749696
30.7,0.0011736263007429417,0.040498962508829305,0.05903483381127135,-0.25917369825270187
30.7,0.0015178949926701268,0.040466015824033204,0.059414981998827644,-0.19640267761321722
30.8,0.001278638207088503,0.040433136113667244,0.06060004025206205,-0.23439540721077548
30.8,0.0014574726893109764,0.040400346357535505,0.060208372158922496,-0.16959655238675314
30.9,0.0044278839416105045,0.040367987329019174,0.0638676583759963,-0.12986094635427758
30.9,0.0013700463329821598,0.0403353515724699,0.06446423735912181,-0.18149524259699784
31.0,0.0017464734434287147,0.04030281847560239,0.06596395085573796,-0.21786332861341873
31.0,0.0013237503667283084,0.04027033817808445,0.06599028742472197,-0.1610623218900267
31.1,0.0020677150138105446,0.04023798688254142,0.07204412811537135,-0.2240136967360202
31.1,0.0011218774795753814,0.04020565338701923,0.0730279328476569,-0.16860924012672054
31.2,0.0041878013484601675,0.0401737230079793,0.07263359138472654,-0.12339257688312079
31.2,0.0005135073820920348,0.04014152488125249,0.07854431642606613,-0.16825988098693345
31.3,0.003255162330753602,0.04010961014883372,0.08128395391106036,-0.21099544019030342
31.3,0.00036722296366119555,0.040077563602206295,0.08694536239870612,-0.26248655019408546
31.4,0.004176421646350968,0.04004593840911172,0.09372932337499035,-0.3120748845048856
31.4,0.00018108449182726316,0.04001404264998223,0.09826447788420906,-0.13813193984303113
31.5,0.004274804569954797,0.03998258564741618,0.09954922539204052,-0.1740495885631334
31.5,0.008460800629117082,0.039952262897065,0.102066638926475,-0.2062453398963448
31.6,0.006634125437970156,0.039921466037061135,0.10367086880189451,-0.06944123520512949
31.6,0.002115573961792181,0.039889958861315786,0.10198314602271748,-0.10941259443124571
31.7,0.00246033954315263,0.039858557710736,0.10164643188500617,-0.13509967349459945
31.7,0.002757362491491583,0.039827261664789455,0.10445650000046745,-0.1370504298775108
31.8,0.002164560702693437,0.039795981963734024,0.11465207328261103,-0.18909800027140494
31.8,0.0025779309674420032,0.03976481489515471,0.11432817372767412,-0.1329846900541939
31.9,0.008132390735105927,0.03973489654313149,0.11494348896792247,-0.1430956648049192
31.9,0.0027833863406430143,0.03970389705013478,0.12328547591142043,-0.19532906457169025
32.0,0.0026324770312191282,0.03967295435376657,0.12819746153838882,-0.22554918643695665
32.0,0.003312709761240175,0.03964216401365382,0.12602392204883078,-0.14966567704680864
32.1,0.002253616138037794,0.03961132983151238,0.12547975283536383,-0.17532097722982154
32.1,0.00811296633597798,0.03958176297249939,0.13309980496397583,-0.23403055116445354
32.2,0.0015364377826228607,0.03955101843250721,0.13352540140105482,-0.18566755474344468
32.2,0.007507663471013251,0.03952140649566961,0.13571421737587952,-0.21348152375959498
32.3,0.0009566139585499654,0.03949077582590887,0.13510915165719042,-0.13297302476179176
32.3,0.006283384047681484,0.03946097276453997,0.1392367830253532,-0.07824428611382833
32.4,0.0004835694270650145,0.039430470212912114,0.13975195766233908,-0.10810135948072411
32.4,0.007015914043149011,0.039400997686136946,0.13803902976808033,-0.09529057745144674
32.5,0.0005231004871023367,0.03937063617861633,0.1382640981794835,-0.11500438416618411
32.5,0.007190571527486356,0.03934135039031139,0.14436948365618077,-0.10840160135512361
32.6,0.0003890286086086871,0.03931112564363943,0.14676832032947482,-0.13366840729475155
32.6,0.007240651438531415,0.0392819910114913,0.14641890671151497,-0.09792458436329296
32.7,0.000349527409867818,0.03925190377631565,0.14816792270057313,-0.11727833661132496
32.7,0.0073028337238891395,0.039222922734652596,0.14797494694946906,-0.09898269241634512
32.8,0.0005410171838037312,0.0391929758364926,0.15743167085512308,-0.1282760311624272
32.8,0.006612097571194795,0.03916394261795343,0.15904751137321227,-0.1075491920122993
32.9,0.001314943758440408,0.03913415976163895,0.16292475987608457,-0.12690347711337027
32.9,0.009197264696698815,0.03910605496656936,0.1690786501483528,-0.14725435260443187
33.0,0.001850402451077295,0.039076439428875884,0.17147038960050415,-0.10789277460643534
33.0,0.006383753304526166,0.03904761550080787,0.17791937773471955,-0.06629725914785689
33.1,0.002165466195232311,0.03901815845552452,0.1803930381523307,-0.08686678071133588
33.1,0.010706581069297888,0.038990897971079526,0.1853084594958429,-0.10258656948122097
33.2,0.0024056581309768814,0.0389615939925587,0.1879100024170161,-0.11031478623441542
33.2,0.0111138181904891,0.038934633331113196,0.19298233234471798,-0.12691377107874693
33.3,0.016646815057140163,0.038910703305058275,0.18793356889260326,-0.042625109610892414
33.3,0.007763068579106072,0.03888264371732112,0.18538574667142332,-0.05307925385360681
33.4,0.0016031799513788808,0.03885353496343725,0.19374821629151726,-0.06687173865089617
33.4,0.007503863233747552,0.038825527639644135,0.19406805972744393,-0.06108985607321412
33.5,0.0019939612059081415,0.03879657579586766,0.19703435550220783,-0.07303170833791169
33.5,0.007777339904336019,0.038768776661336615,0.1961068570422576,-0.05929246495340763
33.6,0.0018720080362564398,0.03873994449159596,0.19785131524680027,-0.07027765568536125
33.6,0.008049599364656858,0.038712354790484085,0.19697975557089914,-0.059229031292891
33.7,0.001747842911028018,0.03868364173464485,0.19880384232366266,-0.06964600433532496
33.7,0.008136448237098573,0.03865620449863389,0.1982417240466429,-0.05815487786401088
33.8,0.0021610711642718675,0.03862764921840263,0.20930467887938997,-0.07350415684965282
33.8,0.007336226621136462,0.03860009920073999,0.2107459724763698,-0.060360892754722895
33.9,0.0031012921996897225,0.03857176462945992,0.21503284971056058,-0.07014110937387469
33.9,0.006617286904667041,0.03854414669080274,0.214842089301832,-0.05549690782893292
34.0,0.003954661905844926,0.03851605221401277,0.21751565454905675,-0.06413538023624091
34.0,0.0064262845399933695,0.038488510126563895,0.21679643903858636,-0.0267613633264248
34.1,0.004264400618544858,0.03846058808311805,0.21895859649711025,-0.03298361164220201
34.1,0.006568829606980523,0.03843320394075845,0.2182294449091615,-0.022182146719869938
34.2,0.004234484220806362,0.038405399843961685,0.22039604650055483,-0.02777442269566886
34.2,0.006715284911702927,0.03837817439375896,0.2197262097567003,-0.02497117402163965
34.3,0.004198306886421358,0.038350486370451756,0.22196422763105364,-0.03040798211863748
34.3,0.015551452138925014,0.038327123394989136,0.23658356674295977,-0.0386612414065897
34.4,0.005186053393054132,0.038299729764740297,0.24074477508692196,-0.021629703418777027
34.4,0.005911267494574393,0.038272549065178865,0.2407798887359651,0.0231285683419635
34.5,0.005616624541160197,0.03824536358233391,0.24384818632607566,0.021218866621027465
34.5,0.0064570500078943655,0.03821843003671626,0.2413590087015027,0.0220870891935384
34.6,0.005220883049426974,0.03819128202709019,0.24190805776990953,0.0202512946055852
34.6,0.0073367574618334415,0.038164696292325336,0.23934925181379155,0.01050668623387063
34.7,0.00447307389506905,0.03813752902411492,0.2398312077411318,0.008103904507645008
34.7,0.007879045301681912,0.038111216090191594,0.2377646384274481,0.0017684658723934998
34.8,0.004033671429407571,0.0380840954372524,0.23873893758936568,-0.0009119462957001435
34.8,0.00810099399728966,0.038057965132320605,0.23712003353724836,-0.0043566904182040156
34.9,0.0038808713026615284,0.0380309381594763,0.2385396820034926,-0.007036226813580053
34.9,0.008109577712169502,0.038004925193220906,0.23719477030106223,-0.008217646944697852
35.0,0.003914217287465133,0.03797801882278023,0.23888366764762647,-0.010670342197780552
35.0,0.008000529496050254,0.03795208667613356,0.2376572388500189,-0.010080437276611487
35.1,0.0044488477084636035,0.037925379289987175,0.2493511734746145,-0.016102431237134444
35.1,0.006661105567451355,0.037899191158788245,0.2514090852105632,-0.0043662813538977285
35.2,0.005824306250883503,0.037872863295597754,0.25658511296055947,-0.005583116557915019
35.2,0.006610581691412257,0.03784677546944309,0.2546182664348836,0.003721270186041561
35.3,0.005891381432055762,0.03782057512441973,0.255755781963712,0.003613575212601763
35.3,0.006621597353748597,0.03779460213314897,0.2531306770408814,-0.0002376091953314708
35.4,0.019483449386647984,0.03777497135403945,0.24755704645580423,-0.00015857127667077606
35.4,0.007049012824700353,0.037749214276373164,0.2450621121245825,0.00014496277277907586
35.5,0.005473770492394289,0.0377231435685145,0.24563599449734752,0.0007266001685587309
35.5,0.017904933245718596,0.0377025571509989,0.2492681550292744,0.0016047881563819185
35.6,0.018912730330101463,0.03768270989753747,0.245222439514417,0.004257963567568436
35.6,0.006476083610769633,0.03765702014232743,0.24421195330679407,0.005898231409747439
35.7,0.006011465873576336,0.037631276864816064,0.2462241956607331,0.007900920557103697
35.7,0.006055218741788512,0.037605597979856235,0.2453272359606944,0.007420773683028031
35.8,0.006400758893782285,0.0375800535417232,0.2474260855113302,0.010046956376971393
35.8,0.005749964566472334,0.03755441611243069,0.2461521781838357,0.009625622122100594
35.9,0.006665454056171166,0.0375290439580845,0.24784461420336795,0.012894528642484663
35.9,0.0054926463036383865,0.03750346061721748,0.24619696496274848,0.003041037540835562
36.0,0.006865937739587981,0.03747824596529885,0.2474837780236818,0.006484942167300284
36.0,0.019179155218220983,0.03745903028516929,0.2516881175599353,0.010423237166616552
36.1,0.006849993055499242,0.03743391340571184,0.25262833440257515,0.013180530636704721
36.1,0.00554528364309048,0.03740854992312376,0.24919049976656646,0.004285382789325014
36.2,0.006682081246279899,0.03738349660504234,0.24861591317708165,0.008817863037743614
36.2,0.006112619734802834,0.037358361072726554,0.24513988713600957,0.011658304024456343
36.3,0.006036263988391774,0.03733326089048893,0.24448781227254787,0.01724361507830532
36.3,0.006432886960364176,0.03730830433179595,0.24130645207351092,0.019893405371897974
36.4,0.005629636754844143,0.03728322105775075,0.24090740430540597,0.02657964689545691
36.4,0.0065437986963666405,0.03725839501731888,0.23798901079509957,0.027670125431712038
36.5,0.0054226729944916695,0.03723337346963493,0.2378090369399894,0.035400637897515595
36.5,0.006539131755756741,0.037208649552176676,0.23504042081883897,0.034983631400566435
36.6,0.00532136140817924,0.037183711222433934,0.23496414383093636,0.043703764679549194
36.6,0.006450213944801038,0.03715906863035026,0.23225414455251833,0.04174616494788019
36.7,0.0052948632760593355,0.03713422772566495,0.23218828726419535,0.05140788334206552
36.7,0.016977251528810522,0.037114213841262546,0.2347414906733455,0.061857748214121634
36.8,0.005329090973187022,0.0370894783675111,0.2346315016927235,0.058571949313671545
36.8,0.00598097634703194,0.037064928804041324,0.23088548509633827,0.05363700916151065
36.9,0.0055093484346249695,0.03704033039961801,0.22968114178222188,0.0648707790326687
36.9,0.005753319672982478,0.03701583267020872,0.22609362550517215,0.07206418465855167
37.0,0.017119595195997914,0.036996139931809294,0.22027958610270684,0.06357609803267203
37.0,0.005868985049283552,0.036971763592212,0.2169254598485485,0.07623459839658585
37.1,0.005354805101958825,0.036947331632622565,0.2160026463558582,0.08986604592096678
37.1,0.005024333282106484,0.03692288682725118,0.21400459513378764,0.08490411459688893
37.2,0.006057873425955387,0.036898700586615873,0.21438018893681593,0.09988688412299704
37.2,0.016977256975055997,0.036879147429513495,0.21709942507094596,0.11594956666777397
37.3,0.015579244860298202,0.03685880769729855,0.20282577550859437,0.04937045241783809
37.3,0.00519060529272359,0.03683458536438572,0.1978886934730475,0.05555035421430099
37.4,0.005203367200202897,0.036810414420713304,0.1951492647917219,0.06921001110265534
37.4,0.004646211368376319,0.036786192568162,0.19384660655669167,0.08036097881034807
37.5,0.005573076433836754,0.0367621914965846,0.19468327402965555,0.09724351070534719
37.5,0.0038454298097844,0.036737943533998715,0.19316768741054927,0.08115768079354385
37.6,0.0058529980857432344,0.03671409727390669,0.18568835982187878,0.09270469404669296
37.6,0.0039911324877743405,0.03668996685235771,0.18226733772360643,0.07497039726667262
37.7,0.012110826748210273,0.03666825235337616,0.1793056170228542,0.1096426302329244
37.7,0.0028035520787934344,0.03664407070569232,0.1782840038092745,0.1300559110073677
37.8,0.006243136277318693,0.03662049993754078,0.17144152868593124,0.1363251685912767
37.8,0.015082081529916667,0.03660038265655309,0.17292650267509196,0.16493554244765754
37.9,0.00625841125238891,0.036576907335602954,0.17190902681877068,0.14600221020586784
37.9,0.0026391266300023063,0.03655289781507633,0.1694156819525372,0.11696122130714053
38.0,0.006164123006239161,0.036529495457524874,0.16867522770611976,0.13837702713932745
38.0,0.002840081558877408,0.03650560034892071,0.15879380765125986,0.11614470772626949
38.1,0.005470686132080931,0.036482146185193846,0.15673446093872842,0.13529924340956684
38.1,0.0025675873489395965,0.03645831856058928,0.15448133498107292,0.13576859720489742
38.2,0.005303118472689001,0.03643492511651565,0.1467368326029088,0.14613113716530785
38.2,0.002908592963024263,0.03641122452010376,0.14348920706267626,0.13292815176923806
38.3,0.00479558242599643,0.036387831635113506,0.14175071315775298,0.15633327079353176
38.3,0.002637281921587276,0.03636419687767277,0.140071473226643,0.1480522993770827
38.4,0.004638574995225788,0.03634086963965318,0.13307837374676101,0.15979946383894944
38.4,0.011509280344709412,0.036319577047450625,0.13319037360427588,0.18878219202085236
38.5,0.004368799132740415,0.036296296462467646,0.13186134755157652,0.16896896561587613
38.5,0.0028753340245474732,0.03627286778602335,0.12336342461138963,0.13695836909482384
38.6,0.003808900657551239,0.03624959643837107,0.12167355184697158,0.15601808628878547
38.6,0.002443828640303982,0.03622621788821245,0.12015240286853868,0.15418665519975094
38.7,0.003833098905773995,0.03620304059198428,0.11356515344860857,0.16804257948324053
38.7,0.009702541934378495,0.03618132689342382,0.11349708012283378,0.19707863108747475
38.8,0.003569320709168403,0.03615820388515557,0.11224904510363089,0.16253801481979682
38.8,0.009043970078872015,0.03613635701067253,0.10605811016583164,0.17322961906063855
38.9,0.007560339105313192,0.03611411425415762,0.10345348011146276,0.09449507488191887
38.9,0.0022166847936813568,0.03609098470466647,0.10193701133930412,0.12098111869085308
39.0,0.0030369478127261103,0.03606797644985741,0.0956002361808635,0.1435082514011692
39.0,0.008033254106522053,0.03604599618387486,0.09524574126653247,0.16335416534733171
39.1,0.003150191741487641,0.03602308833532432,0.09575935267559563,0.17005378620769784
39.1,0.0012954740249154786,0.0360000781089934,0.08923049320498888,0.14998648154145275
39.2,0.003494820748594137,0.035977298994568405,0.08843427952738558,0.16953032833867285
39.2,0.0010999592773958816,0.03595436842863543,0.08746374736868619,0.16006029116587558
39.3,0.0033401365131042696,0.035931658025600645,0.08190435158475597,0.1742397809134695
39.3,0.0013077504465524984,0.03590882375878386,0.08001157604675067,0.15616001626707524
39.4,0.0030015027318138687,0.0358861622638903,0.07896968518102773,0.18708573470217785
39.4,0.0069021608827509314,0.03586422749177887,0.07344739394948349,0.19003948671145082
39.5,0.004852945647494187,0.03584190904280714,0.07212035281451731,0.15000474929001914
39.5,0.0010864798228554652,0.035819237964855595,0.07157734705988382,0.18296086131511957
39.6,0.002610642647652208,0.0357967094109118,0.06665682132466165,0.19217628350938884
39.6,0.0011521009156584302,0.035774126763973645,0.06538724307250474,0.172374821524321
39.7,0.0024600644204347466,0.03575167018437468,0.06483764318656333,0.20528425468670022
39.7,0.0010372777712728163,0.03572916840844408,0.05959642351848295,0.18157892067244263
39.8,0.002299787474637842,0.035706783322198274,0.05922314603862857,0.20917544908304803
39.8,0.0054640064644587705,0.03568487292058637,0.0595099307467793,0.24403423644966615
39.9,0.0025865597806914243,0.03566259658842635,0.060106945791494656,0.23727824319579588
39.9,0.000611786713362492,0.03564025117840583,0.05509647862611292,0.17649193466979152
40.0,0.002444130138366358,0.035618046114661565,0.05472181155677985,0.19823204803196906
40.0,0.0005719196787448647,0.03559578361800767,0.054406159537319816,0.17248866930878165
40.1,0.0032801002414770985,0.03557374588031277,0.04880464856817547,0.14376094950632975
40.1,0.0007221002565637626,0.03555156996071079,0.04767083710628538,0.14135556100422175
40.2,0.0019565035040065197,0.03552949343126615,0.04708529679047452,0.17229182127538425
40.2,0.00045814899013005316,0.03550739477667899,0.047176654809903996,0.16358235808107507
40.3,0.002170279057047155,0.035485416084193935,0.04780515996113862,0.19998516992748286
40.3,0.00031402648026806796,0.035463397691593145,0.043436627960981786,0.15821609206377188
40.4,0.0020764364136215976,0.03544149388931537,0.043297880812909556,0.16800368397484416
40.4,0.00015339364644082387,0.03541955589291821,0.04330304802762494,0.14250578435337888
40.5,0.0022236653061582304,0.035397744509338386,0.04379361095265613,0.17766889195754773
40.5,0.0002469740567927954,0.03537588836596937,0.04373639461359858,0.16043495048997736
40.6,0.002096901068585505,0.035354148273479755,0.03871388786342738,0.1401040635337063
40.6,9.778147287219644e-05,0.035332371937721624,0.037707044852787946,0.14408609383010165
40.7,0.0019489977141923698,0.03531070178574777,0.03713654117914416,0.17620689458755415
40.7,0.0002772265636791925,0.03528900683771279,0.03729080202716595,0.1871584704247728
40.8,0.002254267064054725,0.03526743889466536,0.0378738424373927,0.22629545766117268
40.8,0.0004847522988279142,0.035245826404793665,0.03803943299497109,0.20110522279724938
40.9,0.0022611136850827756,0.03522433835521821,0.034557916975427365,0.18676511476831353
40.9,0.0002379192202247461,0.03520280198459428,0.03377763406470215,0.16605397322794604
41.0,0.0019865374882570255,0.03518137256880337,0.03338170949742749,0.19985219140644966
41.0,0.003724263437919214,0.0351601545082968,0.03336674856633082,0.23572762461142238
41.1,0.0026103621444556807,0.03513885307645949,0.03930319287811223,0.4357276246114224
41.1,0.0017806372854993154,0.035117527493039716,0.03950249000932265,0.23572762461142238
41.2,0.00347892895607877,0.03509639544457336,0.0400750039511672,0.25234845790671623
41.2,0.0018854361383917602,0.03507515412180206,0.039117959418757384,0.18791166977759602
41.3,0.003557847245579574,0.03505410886030067,0.03852901165506586,0.22258123323298926
41.3,0.001147226478697937,0.03503290598105192,0.0335974838095447,0.15002198226340605
41.4,0.0008138584822088862,0.03501173029522818,0.032433189004404436,0.1425500116397625
41.4,0.0006791245074411583,0.034990589518125885,0.031600401831931905,0.17432865602661193
41.5,0.0021488279364743766,0.03496955869456199,0.031096637475247005,0.2081800367264269
41.5,0.0004209606186939494,0.034948489400887156,0.03052629967486686,0.18370487087360624
41.6,0.0018699456661384459,0.03492751533549862,0.030281199689429265,0.22006237696202197
41.6,0.0002537526751127561,0.03490652003980096,0.029813656544558503,0.18601603119581056
41.7,0.0016817502210499458,0.03488561011822581,0.029667781291890013,0.22387830640700146
41.7,0.00310754117351495,0.034864855265323666,0.029841219540152366,0.26408973574489336
41.8,0.0015337551500689767,0.03484401227873415,0.029731610148985965,0.225870152796035
41.8,0.002941747269262669,0.03482331495235148,0.029937985332601138,0.26733173458664816
41.9,0.0013590181222250123,0.03480253797891235,0.029722096879231746,0.19145395272322466
41.9,0.0027498768406169147,0.03478189626081101,0.02981951871666398,0.23162260640550877
42.0,0.0009945475214268834,0.0347611788521939,0.02594864027017226,0.1378837399328372
42.0,0.0007628504170945632,0.03474049148343128,0.024574765283733375,0.05453906279758611
42.1,0.0004685041261419947,0.03471983482300179,0.02348165084450904,0.08197741240363156
42.1,0.001680351981461964,0.034699259539965034,0.022667726327129024,0.11146355880987463
42.2,0.0003883594809511615,0.03467867519423698,0.0224037783506142,0.13729769633036001
42.2,0.0007359913492576116,0.034658134125471717,0.022373537117282707,0.14941550657662483
42.3,0.0004864349927030743,0.03463762432499143,0.022618740751123627,0.1915920955388633
42.3,0.0016666281868699538,0.03461719428538431,0.02313787198623808,0.2364898854200409
42.4,0.0006165465484043938,0.03459675955665038,0.02343246685955713,0.21400560333149185
42.4,0.0005277253761460585,0.03457635925557382,0.023277538478438355,0.1468282283862622
42.5,0.0006707995892666075,0.03455599793330247,0.02339430220679698,0.1888003149462061
42.5,0.0005147917739640675,0.034535669407471666,0.023175975314729105,0.1595784300899339
42.6,0.0006757813639409845,0.03451537998927598,0.02322750988023773,0.20250796903641577
42.6,0.0005136771947076552,0.03449512302661856,0.022992953842188888,0.17676603558493667
42.7,0.0006666219358093063,0.03447490476823479,0.023026562906999355,0.22117690139355858
42.7,0.00031096926341733566,0.03445471612875618,0.022840827495087753,0.22136576737464697
42.8,0.0008453739821800307,0.03443457341387883,0.02292149421731503,0.26837297224369266
42.8,0.00031320909566517305,0.03441445554847331,0.022732448513386544,0.22320225073203548
42.9,0.0008280368412823797,0.03439438287295803,0.022808711110984585,0.27054912319157587
42.9,0.00032418081496435883,0.03437433546440632,0.022609116992400646,0.2186625397440035
43.0,0.0008056399569814674,0.03435433229066935,0.022673971322182605,0.2659871401238381
43.0,0.0003386095239974861,0.03433435497356596,0.022469598271971033,0.21703074686032328
43.1,0.0007814876057616051,0.03431442086657382,0.022528943234330717,0.2645579877858293
43.1,0.00035754403327438277,0.034294513296401256,0.022322996707632964,0.21607683645363704
43.2,0.000754416980520096,0.03427464779911746,0.022380191077849127,0.2639112959344963
43.2,0.00037444612769615943,0.03425480955963239,0.022178667996132082,0.21724993834236123
43.3,0.0007301767354995047,0.034235012367699054,0.022239857897418308,0.26553416230150984
43.3,0.0018303477789099304,0.03421529701746551,0.02256291987381542,0.3168067880765018
43.4,0.001562783657737925,0.034195600507999406,0.021993234436484006,0.13625610475387676
43.4,0.0004685504853329043,0.03417590060515581,0.021687065551398,0.17912139777790623
43.5,0.0006240401821697092,0.03415623758046724,0.021643767693596286,0.22498019102063663
43.5,0.00047344907146735946,0.03413660568859777,0.021496447891731846,0.1930888426673193
43.6,0.0006159581730349399,0.034117010230078806,0.021611945878454032,0.2416088959293171
43.6,0.0004567653707414846,0.03409744562095033,0.021496460185201308,0.20583188394713442
43.7,0.0006295554311191171,0.03407791779434339,0.021643886876328126,0.25572649328495006
43.7,0.0017091651407755678,0.03405846590675303,0.022053724255211207,0.308781904077008
43.8,0.000638206640660881,0.034039005200153565,0.0221945037118841,0.2629616050415471
43.8,0.0017143790374269832,0.034019620308096125,0.02259811169319283,0.3165956464022093
43.9,0.000599261814791727,0.034000225347185296,0.022616594487954198,0.22229965454629208
43.9,0.0005857548602780793,0.033980863265804954,0.022235440959746645,0.1264687778134229
44.0,0.0005002521854839478,0.03396153268292298,0.022119931214517125,0.17023792299325066
44.0,0.0006154917052387644,0.03394223721399748,0.021801730776253494,0.17554127440257816
44.1,0.00047674626027478654,0.03392297207533185,0.02174942808674641,0.22338633268798624
44.1,0.0006623096193103599,0.03390374324615653,0.0215062736191162,0.21994057629445948
44.2,0.00042868074154265613,0.03388454283597931,0.02152957678488857,0.2713490160076811
44.2,0.000674297080950978,0.03386537954130054,0.021348356911558612,0.25364838111285265
44.3,0.00040897911011858316,0.03384624394267571,0.021434528642621277,0.30743569983261326
44.3,0.0006647907215691104,0.033827145333885915,0.021294458987090127,0.27685931761789434
44.4,0.0004108652526902163,0.03380807448176468,0.021423056014937013,0.33189854226353205
44.4,0.0006473815313203271,0.03378904002547637,0.021308193269663517,0.29134027584224986
44.5,0.0004256833352440769,0.03377003373668982,0.021463565895539084,0.34677370497429705
44.5,0.0006299000267134281,0.03375106307987221,0.021363937696991662,0.2988700499788614
44.6,0.000447122601461888,0.0337321210979763,0.021536365561153476,0.3540929599842021
44.6,0.0006137105269365282,0.03371321391828396,0.021446657449945207,0.3021903860422346
44.7,0.0004731284235690864,0.0336943359710101,0.021631027585347812,0.3568608668671325
44.7,0.0006018117180564298,0.03367549200642768,0.02154799599100551,0.3017354961860749
44.8,0.0004990271559620336,0.03365667775796003,0.021741250714260023,0.3555964617273634
44.8,0.000593532947789681,0.033637896730581165,0.021663150235287785,0.2991145313586205
44.9,0.0005237607973272384,0.033619145829090626,0.021863700441720972,0.3520395953632452
44.9,0.0005876617536051792,0.033600427436852605,0.021789753440859424,0.29556672243978355
45.0,0.0005470433413862593,0.03358173952518034,0.021996955129101027,0.34752448997576646
45.0,0.0005850877214231264,0.03356308348437906,0.021926477613065164,0.29053290344391386
45.1,0.0005669916537116077,0.033544458169339646,0.022139785027099814,0.3414567858891139
45.1,0.0005850437074620649,0.033525864183056774,0.022072305108873987,0.2849777659066242
45.2,0.0005836523573690727,0.03350730106861454,0.022291367284364587,0.3348646452954283
45.2,0.0016651811613396864,0.03348880893704014,0.02279767427440862,0.38776509380801266
45.3,0.0005986486041127713,0.033470307634444814,0.023022667826169897,0.3285468037624046
45.3,0.0005179217941581301,0.03345183548781774,0.022866567812282603,0.23400304247100628
45.4,0.0006712279853768344,0.03343339690728967,0.02300325529897536,0.27871470517641345
45.4,0.0017687107309439375,0.033415032927955106,0.023433613272597877,0.32627519690184204
45.5,0.0006282263544897903,0.03339665426434848,0.023582368838633135,0.2673778405696612
45.5,0.001734313108459845,0.033378348923368335,0.024027961997417562,0.3140517257265461
45.6,0.0005541605190742283,0.0333600293249491,0.02408546685322197,0.23542167461333802
45.6,0.0007420704097085951,0.03334174387363494,0.023735151357414597,0.1628490494975489
45.7,0.00043822699814674126,0.03332348258359757,0.02368758280407596,0.20125026373640914
45.7,0.0008347189693022807,0.03330525956280126,0.023407197792886456,0.17943886265488493
45.8,0.0003446614777359329,0.03328705694223518,0.023432622186182667,0.21937173607972482
45.8,0.0008809823429462684,0.033268894923785146,0.023250946124082156,0.2015407859092163
45.9,0.00030556260347822567,0.0332507514331104,0.023378224334041523,0.2432332971338449
45.9,0.000892310755116477,0.03323264911684881,0.023262859147434995,0.21632235476514747
46.0,0.00030624307595462284,0.03321456485630953,0.023459793085744533,0.2588235495818768
46.0,0.0014595129322412532,0.03319654342872289,0.023970286878124067,0.3039648370978759
46.1,0.00033274605074638336,0.03317851833522008,0.024223534472428362,0.26731399531500316
46.1,0.00038314087422069537,0.03316052316564119,0.022830725481606702,0.15418170149720295
46.2,0.000849992212433574,0.033142566659469214,0.021757717170484997,0.18483926984002755
46.2,0.00025180887967561025,0.03312462855100428,0.022044608482637354,0.22209122422597566
46.3,0.0010015701690042338,0.03310673488304512,0.02265487165457179,0.2642129970660462
46.3,0.00033990224993070157,0.03308885573282863,0.0266497391387886,0.4642129970660462
46.4,0.0015515009278175248,0.03307104289747336,0.030971419155415125,0.6251636199096563
46.4,0.0006670673382432916,0.033053226898318494,0.030824334159394392,0.4251636199096563
46.5,0.0018912177051595828,0.03303549069923782,0.03100870554395139,0.22516361990965628
46.5,0.0005305293584736877,0.03301772948879098,0.03005516759064127,0.06718709955423241
46.6,0.0017669884668409573,0.033000043137060814,0.029437722928058463,0.09249844295920505
46.6,0.003010730497219532,0.03298248193986983,0.029158007417953977,0.11964899904200568
46.7,0.0015592578572973888,0.03296484122684675,0.028688889115802294,0.10521997714586057
46.7,0.00014639473894769123,0.03294718971772402,0.028009304936457438,0.1006487924017854
46.8,0.001149534714551674,0.032929587645601506,0.027673342975491122,0.13000923061255737
46.8,0.0004161972785563771,0.032911995164559456,0.027209567713309304,0.13186339038164763
46.9,0.00103201992138357,0.032894445323154005,0.030834181174263023,0.22688520509409701
46.9,0.00028788130798975363,0.03287690763851123,0.031279464872556825,0.21018499909224606
47.0,0.0011790357707782075,0.03285941916128739,0.03212221236635371,0.25360156822367114
47.0,0.0004552652275604976,0.03284193945278156,0.03178643553614191,0.20168463778928244
47.1,0.0010167431775091429,0.032824500996029,0.031853325613558935,0.24002518817228627
47.1,0.0006817702477648685,0.03280708111863589,0.03143785348482235,0.20515592388424025
47.2,0.0008041804383125053,0.032789691903148316,0.03143052165098987,0.24254991584475827
47.2,0.0006934055266885271,0.03277232765052216,0.035041422532154635,0.27954032754093194
47.3,0.000974964492762866,0.0327549985595233,0.03592102754137535,0.3032296947413953
47.3,0.0004832269371016369,0.03273768538477954,0.04063117902732004,0.5032296947413952
47.4,0.0012077153506712733,0.03272041941040718,0.04581059580429815,0.7032296947413952
47.4,0.0005288810147698733,0.03270316176293143,0.04464146079920788,0.5032296947413952
47.5,0.0011985776250087224,0.03268595005049496,0.043949972056116775,0.3032296947413952
47.5,0.0008353309743076113,0.03266875363104165,0.04619766915270475,0.1032296947413952
47.6,0.003073146646195092,0.03265172518514877,0.0441678246334134,0.042874495264303335
47.6,0.0011508739747621952,0.03263459298027254,0.04268087343836279,0.06757417402909681
47.7,0.0007959904593610935,0.03261747664591062,0.04174052945741569,0.09415785092962452
47.7,0.0027477358335903017,0.03260049843044856,0.04135049139146147,0.1226220331326793
47.8,0.00040259222079952597,0.03258342824053221,0.041135647659214535,0.1385729398659346
47.8,0.001624651966216227,0.0325664246297217,0.04501767841803251,0.16268316814665124
47.9,0.0005777362498536518,0.03254941068930169,0.04601686985080987,0.2085167510276238
47.9,0.0016554576222459348,0.03253246201027795,0.045808275468041504,0.17972887350726052
48.0,0.0005734449633747366,0.0325155012000797,0.04622770391549214,0.21741814819541871
48.0,0.001589709243278979,0.03249860213208335,0.05045207592023454,0.23084895877113856
48.1,0.0008520557547013367,0.03248170061809547,0.051747853074479155,0.26493630456845574
48.1,0.0016265757975847332,0.03246485620522434,0.051594216781753785,0.19272964230569617
48.2,0.0008597106228190284,0.032448007549678484,0.05214959634151507,0.2302067593737999
48.2,0.0017768926923867352,0.03243122379884823,0.051915425096968885,0.19132606444044414
48.3,0.0009495298700075326,0.032414430112302856,0.05708140983233519,0.2784401212285735
48.3,0.0015017458157805853,0.03239768414331611,0.05788980202895405,0.22475153273370477
48.4,0.001285300826509819,0.032380954543165724,0.05949409075380968,0.2655102404106876
48.4,0.0009867468447594637,0.03236424006125408,0.05964891438803308,0.19721146417220714
48.5,0.0020610556664322913,0.03234760369789487,0.0654817648707775,0.27960347798881396
48.5,0.0006282939816458881,0.03233093166942299,0.06782542975728975,0.24579910587200648
48.6,0.002506016255801062,0.03231437918980079,0.07105894860633082,0.28968230348725105
48.6,0.0009830640519869318,0.03229776768119099,0.07039592630879198,0.17201188727594852
48.7,0.0024195752629802116,0.03228125960518259,0.07571063947748408,0.23817822816012357
48.7,0.0012207638714901883,0.03226470757186473,0.07565043599720128,0.18874147410160796
48.8,0.0022534276028963293,0.03224823807410038,0.0765810373548098,0.22292626040143193
48.8,0.0016064358034604729,0.032231754243390205,0.08084062415900323,0.17740042193895353
48.9,0.002160236978981856,0.03221532888582165,0.08194021487402814,0.21457071307796655
48.9,0.005893907200046574,0.03219940623005552,0.08412809025515847,0.25052852145140503
49.0,0.00204032107997605,0.032183023042260346,0.08441848691453051,0.18822958198732528
49.0,0.0020731543634080183,0.032166667112958416,0.08964334404837236,0.14769237295164273
49.1,0.0020939619751970777,0.032150337608301154,0.09163789329841797,0.19038821120892135
49.1,0.0023072792623613056,0.032134047964767,0.09064273417667501,0.13212672415413776
49.2,0.0019316633627638412,0.03211775801149739,0.09086223380647639,0.15974927173161127
49.2,0.002550800903023731,0.032101536855918524,0.09770432455741719,0.16267956720270738
49.3,0.0019926141426417597,0.03208530033821925,0.10124110002025168,0.20422461411081375
49.3,0.006530779220534921,0.03206970019808708,0.10610059336495552,0.24076292651793157
49.4,0.0020033730961134264,0.03205351346322583,0.10645878535654886,0.17973160075129996
49.4,0.0032828347919800745,0.032037458179944106,0.10997257366382253,0.12106693336099163
49.5,0.0016956116266832791,0.032021302581564305,0.11010446162591753,0.15444525617864713
49.5,0.004278205351726819,0.0320054149467089,0.10818588022412608,0.12889696850955704
49.6,0.0008284799647748124,0.03198927365684933,0.10772897384937011,0.15467024046413894
49.6,0.004741395801969856,0.031973500356789766,0.11260699380008049,0.15232453076066413
49.7,0.0007498764803606318,0.031957405715109716,0.11402399219258531,0.1824713230320861
49.7,0.004851839027877909,0.031941697231896174,0.11357871768053386,0.14800397311263438
49.8,0.0007786396325985105,0.03192565163568776,0.11472643298868238,0.17526233110152864
49.8,0.006539504908250978,0.03191029345901543,0.12395032540888912,0.23280102678204986
49.9,0.001167246184708919,0.03189430771129427,0.12643860894546147,0.18820210151923225
49.9,0.007055205299336739,0.0318791068667338,0.13064200413900598,0.21850192638776783
50.0,0.0015086895500348108,0.031863183116158454,0.13737352277097997,0.2003877309913343
50.0,0.004970276259972845,0.031847635383206264,0.13505743055285604,0.09090498009356471
50.1,0.0015275968486115183,0.03183176011630023,0.1412969258611663,0.11816890443669431
50.1,0.005239783246204565,0.031816302647446996,0.1402943979882853,0.09262042938792091
50.2,0.0013463554712083467,0.031800466538074376,0.1411610816545961,0.11416856815997138
50.2,0.006033582071706819,0.03178519608884451,0.13938017482329318,0.09819701876040218
50.3,0.0006930827160165646,0.031769386145333624,0.13949282328952248,0.11927014684446735
50.3,0.0066030840494868985,0.03175427471185074,0.13820883452674823,0.10731465268557393
50.4,0.0005566850055677785,0.03173850887376442,0.14602419687566157,0.14184222958772885
50.4,0.006197143142479084,0.03172336216537048,0.14681778490254394,0.1207799067582732
50.5,0.0010669883025171299,0.03170765586153909,0.14964363702346067,0.1440102117724637
50.5,0.006138682604034564,0.03169254374970151,0.1491953600301585,0.11623983346210769
50.6,0.0012645244111039156,0.03167689097749333,0.15080246456098662,0.13776738383556097
50.6,0.005816338673947474,0.03166176437842511,0.150302814028817,0.0968933006932918
50.7,0.0019862400721724605,0.031646194330197004,0.15942880089923878,0.12675588322466408
50.7,0.009788269221758406,0.03163207942140761,0.16459990529788113,0.14865679597267265
50.8,0.013354943041625317,0.031619272063378154,0.16131558392791287,0.062468955529132314
50.8,0.005408728680821117,0.03160416310616188,0.16023620632112415,0.07918403903212613
50.9,0.0026211839759829794,0.0315887282813228,0.16137116309800809,0.09701981799090613
50.9,0.005316607465355882,0.03157364909014941,0.16291118594131038,0.08926392375865243
51.0,0.0028201637318777993,0.03155827648052077,0.1666843391613167,0.10854815596309726
51.0,0.004764012242909094,0.03154315564969402,0.16686789452031017,0.0832672732645167
51.1,0.0034758264693263404,0.03152789233644608,0.16930203480032915,0.10139850155628867
51.1,0.004527518538539562,0.031512782196787915,0.1770896482376508,0.09279103128120467
51.2,0.0041516754891265835,0.0314976437529081,0.1806867511993127,0.11297138877952294
51.2,0.012885189557417537,0.031484835232689225,0.1866532464541497,0.1333135133370987
51.3,0.004413125659572087,0.031469774917604186,0.18864546924532682,0.10648284799481741
51.3,0.005072598542932891,0.03145483368791,0.18654552293283813,0.08134701475548695
51.4,0.0038200398552287263,0.031439741991529185,0.18683667520206185,0.09796863666705707
51.4,0.0059160651951562,0.0314249882833024,0.1848734552534922,0.0856913731194776
51.5,0.003076400956073491,0.0314098613096623,0.18531299376389895,0.1023382350679428
51.5,0.006403811884696802,0.03139524419083386,0.18387355913167472,0.09023367919712756
51.6,0.002685775278483978,0.03138012634939775,0.18484686469005304,0.10698339443635205
51.6,0.0066153121238251055,0.0313655951078945,0.18384018287183532,0.0924319118103223
51.7,0.0025694826480826627,0.03135051156724786,0.18525457931989855,0.10907730248039703
51.7,0.006636804385054487,0.03133602779551012,0.1845097401593013,0.09253725936997519
51.8,0.0026396886215509317,0.03132099343272167,0.18619263135567665,0.108895979146084
51.8,0.006177314316085635,0.031306461747749696,0.1941784480494336,0.09916372151617751
51.9,0.0035348293032846133,0.03129155591267805,0.19764416305738944,0.1156946559203117
51.9,0.005870069378509456,0.031277009962749465,0.19694481070565653,0.09654357849530062
52.0,0.003933948638341181,0.031262193071440014,0.1987755441460684,0.11281965127753318
52.0,0.005926896955393131,0.03124770003310575,0.19769766308669282,0.0934175354158204
52.1,0.003955270470300148,0.031232928506175376,0.19915066911159976,0.1091384773741958
52.1,0.006033142864885561,0.031218497374799165,0.19805406712067816,0.09088106242377171
52.2,0.003919571861619177,0.031203764088069068,0.19948718536983687,0.10621960626430754
52.2,0.006084707554955336,0.031189384696701777,0.1984337060549461,0.08841432915746128
52.3,0.003926584744820529,0.031174694611535343,0.19990679297479363,0.10344226015055549
52.3,0.006074237659726526,0.031160355195646937,0.19887611750215997,0.08657949511623636
52.4,0.003985752347072522,0.031145714443065516,0.20036685418402933,0.10136667587003202
52.4,0.013912616080624043,0.031133817597061682,0.2043750990549726,0.11704920748763777
52.5,0.004057189579929756,0.031119226424460352,0.20584332657566612,0.09929158812300491
52.5,0.005873798943435434,0.031104932409054542,0.2058519642210213,0.07901923593700381
52.6,0.004247734429622638,0.031090407202348274,0.20836601102924968,0.09343251210034413
52.6,0.005499757153326504,0.0310760894929209,0.2088363250927525,0.07810614467956616
52.7,0.004626981242620538,0.031061657286485696,0.21180097601545578,0.0926036934805077
52.7,0.006005682814749525,0.031047469760022192,0.20877591765942433,0.08422549486917984
52.8,0.016838557423067366,0.031037081719502646,0.2030247915469573,0.07101776283277893
52.8,0.006820671706586844,0.031023092686670094,0.19974785151697555,0.08419992288305442
52.9,0.003354582439925557,0.031008585815338302,0.19893688194090303,0.09824154678544346
52.9,0.013330114971838078,0.03099663730626923,0.20058315965061527,0.11314192864846612
53.0,0.0036954736511081226,0.030982207102946618,0.20154561245938613,0.11757175157766986
53.0,0.006475013616869404,0.03096822801286855,0.1997866261415349,0.09482565779137439
53.1,0.0037461989687491326,0.030953844345622046,0.20045797660428993,0.10966900660829342
53.1,0.006170116310224406,0.0309398468597493,0.1987906431367196,0.10056725509203424
53.2,0.00408497406771127,0.030925544160838866,0.1995330130715337,0.11564122939413223
53.2,0.006086123198153793,0.030911571173412963,0.19790486133880086,0.08707697395426861
53.3,0.0041492179753499486,0.03089731688812809,0.1986645723527275,0.10139060800249805
53.3,0.005943726209012139,0.030883357862226467,0.1970357614088287,0.07538040136373154
53.4,0.004230894760661936,0.03086915415434878,0.19777101073177428,0.08918208644050399
53.4,0.005799236128911032,0.030855209206734402,0.19610456690479683,0.0678666716241872
53.5,0.004289630164237842,0.030841053084961836,0.1967764070487326,0.08151370304774466
53.5,0.005636920082341572,0.030827119668945337,0.19505852174826344,0.06445670693049371
53.6,0.004356166186051471,0.030813012074947632,0.1956512400737738,0.07825708945604845
53.6,0.005497413587836496,0.03079909465619327,0.1938695800551192,0.06310613512725566
53.7,0.0043974456112783914,0.030785032156719162,0.1943690585509745,0.07721679868448234
53.7,0.004974060004431148,0.030771071191494425,0.19419416429965738,0.0787928903144284
53.8,0.004873985558067182,0.030757114977284908,0.19626892871751336,0.09442828141974134
53.8,0.014512939523378536,0.030746002796824188,0.20057657178341273,0.11113687994402753
53.9,0.005025464974228654,0.030732107091499032,0.2006810045307087,0.09364007416672236
53.9,0.005357465049322919,0.030718282947369262,0.1967448701337663,0.06951100142423758
54.0,0.004306531096787243,0.030704324942358186,0.19499138241598366,0.08431772984535828
54.0,0.013788206789822996,0.030692974447286213,0.1954021322684737,0.1001572994311841
54.1,0.016089107597166943,0.030682677094272522,0.189174012810299,0.061821454502370206
54.1,0.006675158053128846,0.030669166510804948,0.18507448666268103,0.0768872878733799
54.2,0.015597620452771811,0.03065866767699086,0.18057648557338277,0.06813813587495157
54.2,0.006284181859068529,0.03064511736539415,0.17816887570606899,0.08446969177066696
54.3,0.0030738652562830376,0.030631134086358196,0.1778313386063483,0.1019834390511527
54.3,0.005678491409029805,0.030617512992302736,0.17645776430374324,0.09444562894772639
54.4,0.0035573927044625876,0.030603616468809693,0.17711370120767603,0.11338819899710273
54.4,0.005085963792494798,0.030589937681748273,0.17570683549013782,0.10133194561932811
54.5,0.004031343155056741,0.030576133529083727,0.17628762699259715,0.12113700230344437
54.5,0.004625858707938028,0.030562425737078052,0.17459902328571783,0.10706386064950461
54.6,0.004371758764168361,0.030548702640663495,0.1748549755560608,0.1275909814540918
54.6,0.00432611314352303,0.030534992574246304,0.17288956470238498,0.112612779071525
54.7,0.0045481495008646315,0.03052133098593182,0.1728244087472224,0.13389535066648822
54.7,0.0041282525153470235,0.03050763369301835,0.170657122675841,0.1185714580123876
54.8,0.0046194314193221744,0.03049401962130224,0.17034464711850586,0.14070320633491742
54.8,0.003990659968489104,0.03048034329986182,0.1680410205208089,0.12496071487095477
54.9,0.004627212083610711,0.030466767857591334,0.16754568888771756,0.14803923879331454
54.9,0.004187205316046864,0.030453153113109668,0.1578243482809768,0.12349969203161255
55.0,0.003998517243074968,0.030439533987054974,0.15595739129045924,0.14511927419641804
55.0,0.003983501991428684,0.030425931753010668,0.15439659548641085,0.15669059065380175
55.1,0.004106465006104793,0.030412363015025166,0.15450107161650586,0.1824682179686229
55.1,0.01192020581638178,0.030400681911952342,0.15624701814628214,0.20981884868601275
55.2,0.00469028063216487,0.03038722605299084,0.14927869069851063,0.18715439468909276
55.2,0.003107549272540851,0.03037360459756573,0.14550922552503726,0.15530287949271634
55.3,0.004604919224384768,0.03036017381984612,0.14326977769185267,0.17986757961488287
55.3,0.0024541103652651847,0.03034653522289327,0.14160734183947948,0.18948442484934974
55.4,0.005049588848453723,0.03033320515154245,0.13470491514462496,0.1970183121734591
55.4,0.0023378394315931245,0.030319595138276388,0.13190025182429696,0.18424278047203702
55.5,0.005305207825268254,0.03030634097435817,0.13049759016393978,0.21068611386456224
55.5,0.0022191161253828982,0.030292759619948963,0.12909692743957038,0.18426591664787276
55.6,0.005078618757759996,0.030279506800664137,0.12260295776307753,0.1970189003076386
55.6,0.002376704752426448,0.030265972771496126,0.12017747539503928,0.16893557439701182
55.7,0.004714116693161262,0.030252703142316997,0.11903542679785296,0.1956040522455695
55.7,0.0020395061057467837,0.030239183420986897,0.11342955194918579,0.19772219977816397
55.8,0.004755951479258368,0.030225955784402406,0.114292141389007,0.22252033641348487
55.8,0.010425342853036751,0.030214022374326705,0.1163426896630913,0.25381319389907836
55.9,0.004763137011602858,0.03020083098518663,0.1103842901347413,0.19072262576353025
55.9,0.0020838295258202772,0.030187385662819897,0.10719224733864911,0.10847447345720045
56.0,0.004005250238876637,0.030174131649218172,0.10510396342922988,0.13213571799184773
56.0,0.009192019456789614,0.030161908662715942,0.1041028940034352,0.157636727257273
56.1,0.003244794576829836,0.030148608301046733,0.09743920039164149,0.14254366427875495
56.1,0.002350782474508871,0.030135251817331832,0.09591600981793234,0.10827300033584408
56.2,0.00289998444083087,0.030121955838909253,0.09539915060114956,0.13529602767856466
56.2,0.007425109431064273,0.030109367953037418,0.09024712794580031,0.15872949893953328
56.3,0.002574061664978363,0.030096080883327207,0.08889159271666805,0.13746448755547924
56.3,0.0015283149921190044,0.030082748235980047,0.08834993903907114,0.1488975353590172
56.4,0.0030232183115345107,0.03006953374326239,0.08327211618203265,0.17241907018408953
56.4,0.0018419086439957367,0.03005625212756175,0.08100513152067913,0.14319451460802582
56.5,0.0025357856620954393,0.03004303296150288,0.07959456595268054,0.17216487061392122
56.5,0.001996277243312497,0.030029795361133073,0.07316135545818128,0.1639775428327373
56.6,0.0020448966417108074,0.03001657824076113,0.07197165520600941,0.1824599531463656
56.6,0.0018312639185288284,0.030003366474651284,0.07127407451252063,0.17927687491464864
56.7,0.0021132351917781795,0.029990188591991995,0.07135547560612357,0.21334505209730895
56.7,0.005580461890034813,0.029977420531384184,0.06713126109620282,0.21654796777767507
56.8,0.001955176138247587,0.02996426791000288,0.06649604332687811,0.20405917863672468
56.8,0.0015454796099682532,0.02995111160799921,0.06572447755219128,0.17849846711530643
56.9,0.0018333036303868997,0.029937986966618868,0.060733372339242545,0.19176426775428237
56.9,0.0017350753159472555,0.02992487450387703,0.0591912822315272,0.16551577359950495
57.0,0.0015656868556513247,0.029911771127213143,0.05830835263478061,0.1972083278603259
57.0,0.0015140218267239343,0.02989868267725708,0.057883999001198345,0.19510667962983358
57.1,0.0015239940828299177,0.029885611896553064,0.053360220653253534,0.2044693717258686
57.1,0.0015760205360310202,0.02987256066660786,0.05224115783269351,0.18089594883415486
57.2,0.0014058094902606563,0.029859519148370303,0.051719742659828545,0.21427547795621424
57.2,0.0011783169370428754,0.029846486137810987,0.05162671894041465,0.2018577010716194
57.3,0.0015699714495186223,0.029833485968939175,0.04754505827219909,0.21074238913301352
57.3,0.0011873872806699166,0.029820487400972748,0.046688020689021024,0.16079056591786342
57.4,0.0014973997012439472,0.029807518016912317,0.04637267321552983,0.19328139068111383
57.4,0.0008781601388257482,0.029794544093019282,0.04640459133264357,0.16975846056819927
57.5,0.0015633850840943416,0.029781611560508143,0.042548507985948614,0.18930007587705938
57.5,0.0008957508365800452,0.029768671936531464,0.04179216220697455,0.1374260354767221
57.6,0.001470248291465194,0.02975576902828199,0.0415254553950704,0.16875954646389438
57.6,0.003697871513082532,0.029743050937337413,0.041743372052857865,0.20229639693868742
57.7,0.0016982900875542424,0.0297301920949284,0.04230924270394403,0.1990809117906286
57.7,0.0038975143681518054,0.02971752941436686,0.04335089147688627,0.2379095344801164
57.8,0.0017499285237533532,0.029704706524856024,0.0396320516968677,0.18209319759766973
57.8,0.0005891559382617962,0.02969186074496811,0.03848169018991492,0.12536518218978587
57.9,0.0014355341342657617,0.029679056577110948,0.03776446098474639,0.15573888324892643
57.9,0.0033979913343700633,0.02966640706951656,0.03747630209331809,0.1882137387408815
58.0,0.0014203385184418786,0.029653635379221478,0.037609109463540395,0.1931755376786634
58.0,0.003354769978107679,0.0296410145451283,0.03816385401342656,0.23158212633880051
58.1,0.0013473429108642235,0.02962827288723687,0.03438430641704577,0.1768974989097994
58.1,0.003086876796437643,0.029615659763178526,0.03435019388161859,0.21042403100125642
58.2,0.0015312814568053488,0.02960295863695135,0.033739345634070085,0.18829351820865387
58.2,0.0002645180150314496,0.029590240872875016,0.03340793812589418,0.17092599514019186
58.3,0.0014594813946063958,0.029577569380831076,0.0334530801392952,0.20741511310976063
58.3,0.00022322549562385702,0.02956488403420012,0.03322556784819737,0.1882152190289964
58.4,0.001475120309537811,0.029552245821429717,0.03336930276131599,0.22700009463597295
58.4,0.0002021408031775631,0.029539592914466162,0.033092302527046806,0.203340102316629
58.5,0.0013161121787582805,0.029526980746145945,0.029378466569189715,0.18608682917487604
58.5,0.0005159915436527673,0.029514363536022804,0.02837906101177962,0.17281300971448188
58.6,0.000975533407042091,0.029501772413300396,0.027710939286124264,0.2063232472338082
58.6,0.0004879572928892865,0.029489187091664475,0.027589601045643647,0.21567852244845995
58.7,0.0009882702354238732,0.029476628549134253,0.02779557669667486,0.25589961191576366
58.7,0.0003571972770091451,0.029464073788557553,0.02779790096309808,0.2303285136558362
58.8,0.0011122604516410133,0.029451551090674002,0.02812382937947414,0.27241887261348885
58.8,0.0025418964292950558,0.02943911982518829,0.02877100466345008,0.3170518295318841
58.9,0.0011963978884684402,0.029426631833028672,0.029007694532040815,0.2727519261405158
58.9,0.0002869471410663204,0.029414140287936402,0.02866343794795616,0.2024684126099201
59.0,0.0011670741965369492,0.029401683097936192,0.028636353778207748,0.2423198054004144
59.0,0.0003405823943139152,0.029389223789458442,0.028240086083811317,0.20587833357300442
59.1,0.001086778483111212,0.029376795659527912,0.028157818498743787,0.2465293243541263
59.1,0.0003964367576435402,0.029364368561592635,0.027770125353034743,0.22198638102498958
59.2,0.000867176530624178,0.02935196579035645,0.02419388787368293,0.20063602957823082
59.2,0.00072261050275873,0.02933957543194838,0.023215676947935974,0.18690466225723693
59.3,0.0005286418967904074,0.029327197272154045,0.022516160298894604,0.22163703781969993
59.3,0.00046119435142781426,0.029314833812577816,0.02249013249921176,0.2646482054718791
59.4,0.0008378566167748579,0.029302493015011862,0.02274035924177658,0.3079532267924462
59.4,0.0003494382096001522,0.029290159474151426,0.02284125924796718,0.2454434170252622
59.5,0.0009685764087734825,0.029277853217646248,0.02321673503874014,0.28863700296739614
59.5,0.00027188262921089116,0.02926555007446535,0.02323443386268241,0.20767798712863844
59.6,0.0010558255778730648,0.029253277367386348,0.023525201866677028,0.24869643284400855
59.6,0.002218508317862639,0.029241074725708457,0.024087638923754342,0.29243775071071293
59.7,0.001080378371571912,0.029228833622962403,0.024270445192958498,0.22392123837876987
59.7,0.00022497343517828127,0.02921659190445824,0.023962371559263517,0.13306297205700274
59.8,0.0010055590884849668,0.029204379317214785,0.02392467658288762,0.1696678514837095
59.8,0.0021540101439273315,0.02919223402117254,0.02415612948811099,0.20892069847910216
59.9,0.0007284333051809949,0.029180045153441293,0.0252299201682075,0.2536566616596817
59.9,0.00023815639843537608,0.029167864772611678,0.024836666743724464,0.18124518634669157
60.0,0.0009913210454800352,0.029155712878040568,0.024710600120268416,0.22095374737749093
60.0,0.000388974980967465,0.029143564295572442,0.024102183025298894,0.17545537845165568
60.1,0.0007815462558833865,0.029131437457187406,0.02375980735368317,0.21464332176380718
60.1,0.0005422628001104414,0.029119321233868213,0.02322803010169204,0.18705871797366755
60.2,0.0006047361069328026,0.02910722114614772,0.022961234454330844,0.22836249632973732
60.2,0.0006354579194020716,0.029095136682412884,0.022554133300884453,0.20034662579711005
60.3,0.0004984080788683396,0.02908306505000401,0.022411146115427494,0.2440308702185148
60.3,0.000675278524548749,0.029071011397180345,0.022105554665656998,0.20943269648564433
60.4,0.0004489543518877608,0.029058969102653497,0.022063441958767513,0.25497349127741226
60.4,0.0006801628462658792,0.0290469454856139,0.021825549169345027,0.21407986978777815
60.5,0.00043587332331318566,0.02903493290868023,0.021850720075326235,0.26087307769346196
60.5,0.0006668273230449384,0.02902293885355578,0.021653993988565982,0.21586538493206217
60.6,0.0004416100447947408,0.02901095610765022,0.021720112468078312,0.2634820036677361
60.6,0.0006455972658433151,0.02899899135108489,0.021547349544565098,0.2158421977448593
60.7,0.0004552515535617239,0.028987038415948886,0.02163739305656533,0.2640259041139783
60.7,0.0006227442834636636,0.02897510282042413,0.021478560887287664,0.21541622133493998
60.8,0.00047104086873205693,0.028963179607878364,0.021582667822449473,0.2640438734563639
60.8,0.0006014393953380826,0.028951273093800155,0.021432910617291648,0.21544694691045002
60.9,0.00048618912086663006,0.02893937948053132,0.02154639176729731,0.2644763714696841
60.9,0.0005818255423053342,0.028927501968435375,0.021402558050167136,0.21700110060841335
61.0,0.00050095028718066,0.028915637834597784,0.021522421265571353,0.26643859976886713
61.0,0.0005633545548489085,0.028903789234009776,0.021384050797805424,0.21743286085267752
61.1,0.000515088707371128,0.028891954456507357,0.0215100193590561,0.26719593802498853
61.1,0.000551856194602987,0.028880134766441343,0.021375902013562206,0.21756875470489215
61.2,0.0005234055851054887,0.028868329144622926,0.02150694835229207,0.2675804678283097
61.2,0.0005421917705281874,0.028856538278404068,0.021377246493135164,0.2187169045544485
61.3,0.000530909367547709,0.02884476168330654,0.021513694957967323,0.26899000096230313
61.3,0.0005362648783334959,0.028832999582173512,0.021389007507348533,0.21920248667268258
61.4,0.0005357888346839847,0.028821251857510225,0.021531648580599326,0.26961213758081315
61.4,0.0005324962560737494,0.028809518437537093,0.02141161938107494,0.21945192560510735
61.5,0.0005393428610529347,0.02879779944647288,0.02156027309535656,0.269918698333982
61.5,0.0005293160629018339,0.02878609460012227,0.021445275869676022,0.22047874599676667
61.6,0.0005430951398334572,0.028774404229470765,0.021600475790889584,0.27099165977866285
61.6,0.0005294197611249416,0.028762727889851302,0.021489517460052614,0.2193149821795838
61.7,0.0005442216299891868,0.02875106598365464,0.02165045879746469,0.2697068416206897
61.7,0.0016187075647415723,0.028739451023476588,0.022083504442469846,0.32329876775717464
61.8,0.0005453931565431166,0.028727817453890577,0.022252278468879793,0.2686880443482474
61.8,0.0005725557439787139,0.028716198435044228,0.022035881168180067,0.17629061380757477
61.9,0.0005058346417119332,0.0287045924970815,0.022095744766490143,0.22283690327866154
61.9,0.0006384174339749654,0.028693002760951717,0.02189167855820755,0.1896186921185832
62.0,0.0004444479127630298,0.028681424105797097,0.021965817405707615,0.2372776224954385
62.0,0.0006671991351832495,0.02866986294367552,0.021803581807701217,0.22178018503278144
62.1,0.00041999022425216075,0.02865831198242153,0.02192144260298278,0.27169696913930586
62.1,0.0006765344636099573,0.028646778928653013,0.021797907668818593,0.24789717959927443
62.2,0.00041423426953506026,0.028635255778772305,0.02195664000889366,0.299294756888048
62.2,0.0006711339515032156,0.028623750442416173,0.021865388701124592,0.26538446236365715
62.3,0.0004252253023880954,0.028612255189025264,0.02205886147516376,0.3174242556787213
62.3,0.0006646216418630898,0.028600777438659658,0.021977869232431866,0.2737025600637266
62.4,0.0004407935379915371,0.02858931002990029,0.022184314808314995,0.3255133417063413
62.4,0.0006571598187975364,0.02857785973835994,0.022116209477086528,0.2771614969678872
62.5,0.0004609123715471846,0.028566420128485658,0.022338459261430212,0.32839045900957514
62.5,0.0006484059872823308,0.028554997163618215,0.022291388322280857,0.27789475541844505
62.6,0.00048561216981303593,0.028543585315434016,0.0225377585884974,0.32838603287860657
62.6,0.0015988741878494564,0.02853221962444924,0.023078458744379995,0.38186366198291927
62.7,0.000510744460657511,0.028520835439139833,0.023325689252788964,0.3239709485476107
62.7,0.0016286533835477579,0.028509498324293114,0.023870561300029958,0.3762318399780692
62.8,0.0004906027274470366,0.028498141059783124,0.02399655398757929,0.28044889238654863
62.8,0.0007739070863862628,0.02848680236917151,0.02368267339471484,0.18594076263579634
62.9,0.000406332226236408,0.028475471155139032,0.023673108931341436,0.22648546161252636
62.9,0.0008378108201824513,0.028464160951541324,0.02342311885391043,0.19080202456319129
63.0,0.00034628874404081126,0.02845285610611352,0.023480822631574614,0.2318549590688513
63.0,0.00148476708595992,0.028441593807374734,0.023847451005552796,0.27558192126980263
63.1,0.0003170718336033018,0.028430315576380188,0.023994743210174845,0.25169612979043005
63.1,0.0009192505147584849,0.02841906113284736,0.023787422776299975,0.20063830650995124
63.2,0.0002888885966044039,0.028407809450003225,0.02389488804823114,0.24164447323550498
63.2,0.0009492120381173083,0.0283965825113139,0.02373638263997544,0.20571270409969378
63.3,0.0002724186890506395,0.028385357379986296,0.023896368887123362,0.2467955789997671
63.3,0.0014369395976877046,0.02837417325888005,0.024376250425314876,0.29046539324057585
63.4,0.00028510827345574303,0.028362974794706126,0.024602021095276393,0.2569439987883893
63.4,0.001459800393209777,0.028351818088989962,0.025151496506123052,0.300923064736837
63.5,0.00027682105325987585,0.028340646023635892,0.02529350236435144,0.23445726034065484
63.5,0.001458788448730411,0.02832951566584228,0.025763418153876685,0.27578929216914433
63.6,0.00022359345012154793,0.028318369590027925,0.02579883252462238,0.19857056971807793
63.6,0.0014093326785547602,0.028307263547941334,0.02616656897698943,0.23651290560662017
63.7,0.00014187040798021555,0.028296143314794936,0.02611252975371906,0.1666324767577935
63.7,0.0013204166866355293,0.028285060089612606,0.02639522897789036,0.20178201925087144
63.8,0.00010290558728768873,0.02827396588027069,0.02628232561616915,0.1455587280028519
63.8,0.0014271690759496921,0.02826291280777757,0.025814466073263233,0.10588959936413439
63.9,0.00017711662239356575,0.028251844938684764,0.025690218848478247,0.13637976749146655
63.9,0.0011025944802021688,0.02824080647017585,0.025911355043954587,0.1690192419569164
64.0,0.00022362985239421582,0.02822976481373377,0.025949645920035166,0.1591024143893864
64.0,0.0010618178798429453,0.028218751014359538,0.026337390259423454,0.19376478475424747
64.1,9.082236908468009e-05,0.028207734633442165,0.030187865291708353,0.2160914920580214
64.1,0.0012557116376990106,0.02819675284103259,0.030623375719709234,0.1837688717350069
64.2,0.0002096731938432235,0.028185762704816476,0.031462219956372266,0.22497580184596513
64.2,0.0013132801579606383,0.028174808640068848,0.031107179258826875,0.16559104717628154
64.3,0.0027958236435884497,0.0281639515383245,0.030327453563778882,0.14461530668518982
64.3,0.001306421667749856,0.028153022764937818,0.0299598858749185,0.17776830011891157
64.4,0.00021065253108710228,0.02814208379181471,0.030006904904236954,0.21307068183848663
64.4,0.0018697915904960878,0.02813120519357038,0.034431053331469924,0.3350214987030215
64.5,0.0005442728437533904,0.02812029513583763,0.03558082005725552,0.2849735296004252
64.5,0.0006755443902299618,0.028109399976236644,0.037227189803446234,0.2535220929351837
64.6,0.0010507937765279235,0.028098526409569984,0.03935136688730445,0.3028975962649809
64.6,0.0008505392083895608,0.02808766022928905,0.03887053526268878,0.15337375967610148
64.7,0.0009000900214059115,0.028076807855802955,0.03887531735900617,0.1860458245415513
64.7,0.0007600651833934216,0.028065964868649013,0.04230689304840378,0.17275817288809325
64.8,0.001181804749451466,0.028055145717170722,0.04290808151915437,0.21997625006266822
64.8,0.0008447170219952623,0.028044329700141323,0.04238619735212985,0.16903602295730066
64.9,0.0011227442680732823,0.028033533720407993,0.04241963525902499,0.20386414050556131
64.9,0.001141191644828311,0.028022750799934912,0.04194234911575179,0.1791534119958279
65.0,0.003172653681230184,0.028012100757588435,0.04540940505375627,0.1786798321601739
65.0,0.0009822642660118966,0.028001338052692403,0.04598104222253551,0.22735931578971327
65.1,0.0012396682760671056,0.02799059561707143,0.047183558127681186,0.26923058251734
65.1,0.0008383502085540159,0.027979854122051017,0.04714867086765288,0.20266658727516973
65.2,0.0016059714259995415,0.027969150741166036,0.05225733248312123,0.2986030315449793
65.2,0.0003764479818307459,0.0279584262602326,0.053096100410269076,0.22803039573210632
65.3,0.0021380861080924803,0.027947774837113516,0.054648746794388074,0.2694662439234791
65.3,0.00017873858968882127,0.027937073465285393,0.05566434739950894,0.2069318336999733
65.4,0.002557604284228123,0.027926473547720623,0.062092815911841806,0.3011212488949956
65.4,0.005305821343704236,0.02791618174030626,0.06551932773774703,0.33133971596214273
65.5,0.0030801217889229035,0.027905646391891928,0.06687624358347631,0.2346342162706928
65.5,5.2775573180586736e-05,0.02789499338651694,0.0655343839840624,0.12167238808767915
65.6,0.00300702954495509,0.027884476208968095,0.06990116679898344,0.17382903631194283
65.6,0.00031431438228155786,0.02787384882814539,0.06969252308343488,0.1374747116396069
65.7,0.002782347084726045,0.027863338043302117,0.0703871993948265,0.16984995889281201
65.7,0.005911283602208233,0.027853210920186954,0.07199289912134034,0.20422079792658987
65.8,0.004596457578415714,0.027842906853181124,0.07487938963548961,0.11587591415011958
65.8,0.0011905509281000717,0.02783234557986036,0.07463484749828675,0.1590307924218251
65.9,0.0022533180574140802,0.027821846288952866,0.07539868831707724,0.19230039825160192
65.9,0.0009803414702964897,0.027811302825835632,0.08118372365968743,0.1944445767713371
66.0,0.002757303669124425,0.027800861921811346,0.08379763264198936,0.23123724368624202
66.0,0.0009192061498621105,0.02779034081380436,0.0835124095195263,0.15276343932579062
66.1,0.0054081610008759285,0.027780218651914997,0.08169769513341654,0.11683847887255175
66.1,0.0013199346623428416,0.027769733502255714,0.0865499069817614,0.16155279178712642
66.2,0.0028206601536156445,0.027759344850790717,0.08815199501184601,0.1959051921230213
66.2,0.0015275500054617985,0.027748891490450615,0.08825623775241118,0.16323637913698003
66.3,0.0029428300173109326,0.027738536049530686,0.09533595501621789,0.22506528863434805
66.3,0.0013455992914091083,0.02772809922147625,0.09659239777316893,0.18135767099054642
66.4,0.0032376834864456215,0.02771779208735505,0.09919790888219623,0.21474666607809184
66.4,0.00786117829329066,0.027708193947764068,0.10316436755261259,0.2499814978042792
66.5,0.0033776227514238206,0.02769792249448085,0.1105047202551261,0.22410496137496247
66.5,0.0018402846569014232,0.027687553767367673,0.11062724909659313,0.1455660440781513
66.6,0.007177693826018139,0.027677850032518027,0.11002232610178969,0.08915911060142528
66.6,0.00183836868855719,0.027667504350770325,0.11714501495021179,0.11751869040154535
66.7,0.0035944376598075235,0.027657299718996414,0.12084071508753039,0.15449461258969563
66.7,0.002367337410346975,0.027647007449158517,0.12013445875103196,0.10987162969878027
66.8,0.003185083725572868,0.02763678830631677,0.12105901111694352,0.13367179949242372
66.8,0.0027499468127220148,0.027626545704692893,0.12661312690313678,0.11512606005583029
66.9,0.003193627740720667,0.027616350344583304,0.1286472103638254,0.14429929657420523
66.9,0.002906919514397558,0.027606142790849622,0.12874344580453187,0.09151515346603951
67.0,0.003172344683591541,0.027595968550588896,0.13062141417503856,0.11344720240371182
67.0,0.009590403629471134,0.02758691369799388,0.14112174774274777,0.15230689931338792
67.1,0.0033265703303165845,0.02757677545218315,0.14379934900341357,0.10641319336511391
67.1,0.009893514157603565,0.027567821929710253,0.14839809508107105,0.1294281130593363
67.2,0.0031402287118335627,0.02755768971740165,0.14911898536586907,0.07783071040643066
67.2,0.0044197337297478744,0.027547699495941234,0.1538334316201168,0.0332330096507745
67.3,0.0026714863776316302,0.027537553156233692,0.15484412566415556,0.06193050047406634
67.3,0.005337598435160036,0.027527706311206507,0.15306613932902632,0.057939152705266866
67.4,0.0019314739071455388,0.02751753658375903,0.1533867643582805,0.0752125896717846
67.4,0.00922124482700706,0.027508474461836997,0.15582127518987712,0.09347919797069149
67.5,0.0021124234851028307,0.027498336842250306,0.16918800451699598,0.11635102225650445
67.5,0.005368177250088812,0.027488538663032722,0.1695242738510341,0.0817955787129467
67.6,0.002527084597696416,0.02747844938809456,0.17212153218415954,0.10050512170361384
67.6,0.0056026623281608505,0.027468707977207157,0.1782097324874319,0.09394713472575394
67.7,0.0024510350713224777,0.027458635915578827,0.1865904558176715,0.11537793947374005
67.7,0.006573873344110926,0.027449075615899314,0.19187304425669324,0.07242050633947335
67.8,0.0019562702830284774,0.027438996402257807,0.19317995984252773,0.08935691296433525
67.8,0.008130443976412003,0.027429765547926508,0.18881014481197791,0.06629018474311811
67.9,0.0005885055351749852,0.027419661572334768,0.18689669330719766,0.08040908504442075
67.9,0.009643321659633513,0.027410813249850296,0.18334961107723233,0.07199298560645465
68.0,0.0008515569839932866,0.027400736210494298,0.18228787224957393,0.08602395168511663
68.0,0.008057602361879496,0.027391531989614647,0.18372498215900793,0.10069507414181074
68.1,0.0009673959010087935,0.027381479679933603,0.19258629387290274,0.10974697483913858
68.1,0.009934901013483054,0.027372749664535605,0.1926051242976983,0.0750220525774952
68.2,0.0004745660587703175,0.027362709480553596,0.1952696041459895,0.08856330515985686
68.2,0.009664613965673571,0.02735392906490748,0.19513368357717317,0.06320857631784968
68.3,0.00012336264364296086,0.027343907678744592,0.19766934486460402,0.0750781590519527
68.3,0.00982998393288211,0.027335191032196525,0.1965252849812045,0.05525446290663056
68.4,0.00015405045766141447,0.027325191279637583,0.19807670198258728,0.06573112379249224
68.4,0.009286962302153517,0.027316356207836564,0.19820275132894696,0.0490810748616973
68.5,0.0009821615784793172,0.02730639053222635,0.20995303261133375,0.063574329222666
68.5,0.008323160992177146,0.027297349094389092,0.21113513622815147,0.052493409725766924
68.6,0.0020879538225819206,0.02728745027439898,0.2151627039159452,0.062217035070219126
68.6,0.012566607735514575,0.027279613803649544,0.22204514554330895,0.07232078307004819
68.7,0.0028281343704509797,0.027269784496318287,0.22538589408711043,0.049594985247749225
68.7,0.008287008020160209,0.02726077593129477,0.22272948648557364,0.04320254053685293
68.8,0.0023918662184639118,0.027250937460264822,0.22295392966530012,0.050655339570160586
68.8,0.00909646336222275,0.02724213716413226,0.2203818914295059,0.034491758502623045
68.9,0.0017049749140229695,0.027232282284421313,0.2207052709701645,0.04088880727177692
68.9,0.009539597759778456,0.027223612357166506,0.21887955724409427,0.030491888795613563
69.0,0.0013751755127622651,0.02721376498274505,0.21996153418181558,0.03624545738247772
69.0,0.009202438192107181,0.027205030999504682,0.2282460210065791,0.027957957844241384
69.1,0.0022072621910272545,0.027195244320198247,0.23181347724208257,0.03515214845196154
69.1,0.008749453785409738,0.027186422228707874,0.23093225457563024,0.02556129610435824
69.2,0.00276366548304577,0.027176693272141655,0.2330837759847115,0.03026185093856288
69.2,0.008740791726883143,0.02716788931435052,0.2319688739065042,0.022072222818160507
69.3,0.0028678577325673108,0.027158188970084794,0.2338918999630239,0.02608098761971606
69.3,0.008674164193984497,0.027149389668520513,0.23285001513700979,0.018906072823553
69.4,0.003020978061682544,0.02713972203587071,0.23484876921191256,0.02227937512331437
69.4,0.008528841864174802,0.027130909554845414,0.233892369654809,0.016008997489766124
69.5,0.0032436528421327894,0.027121281095928193,0.23597684444851902,0.018775449094589156
69.5,0.008187451458974258,0.027112412872892476,0.2350843617558325,0.011209461759363533
69.6,0.003654485222859052,0.027102842591287556,0.23723052302695818,0.013312588084291544
69.6,0.007543453931020184,0.027093860034018185,0.23641159689711252,0.012047286210151251
69.7,0.004359123199408701,0.02708438511025022,0.23862658560053585,0.013853412418798517
69.7,0.016280912000454555,0.027078180082572956,0.24387220169679386,0.015559282907676638
69.8,0.00500413823765501,0.027068804481466778,0.2558646772322664,0.013888735121774716
69.8,0.006858907235829198,0.027059730309924694,0.2552940472856168,0.008731857597103427
69.9,0.005539385080687556,0.027050449632776044,0.2578416371156601,0.009372045328504969
69.9,0.017950567250771352,0.027045034739250965,0.2635009018120567,0.009821285811061401
70.0,0.005379045085597906,0.027035749662569313,0.26372792695326974,0.004071937326871862
70.0,0.008214464072331307,0.02702698399489113,0.2589013748552421,-0.000975037964066507
70.1,0.004237046832255495,0.027017573813501894,0.257162837153527,-0.0017510005311615836
70.1,0.009228230731994398,0.02700906122338663,0.25294713655317286,-0.0024758491977288507
70.2,0.0032334438912063244,0.026999572042909183,0.2518003490733281,-0.0037815314168139127
70.2,0.009731611282424493,0.026991204666818636,0.248551450305203,-0.004830521512218956
70.3,0.0027303030587707455,0.02698169586729664,0.24834972885231485,-0.006728057240177488
70.3,0.009772727578586516,0.0269733581532478,0.24582704764925803,-0.007675021772566065
70.4,0.0026780478392026416,0.026963865555979252,0.24632719915793946,-0.010206306337114243
70.4,0.015106783183007703,0.026957295105305288,0.24983703250424402,-0.013110699360549686
70.5,0.002888040683401597,0.026947837133866177,0.25073003025842944,-0.013996004371780195
70.5,0.009609275520934213,0.026939494961522915,0.247578247271985,-0.013214941587708185
70.6,0.002786767760576148,0.026930049217471955,0.24739291589224877,-0.016934905162039042
70.6,0.009674306749192403,0.02692174245931011,0.24440598972770924,-0.01668195354027952
70.7,0.0026790027799620465,0.0269123086928993,0.24435354545705873,-0.021074987677328294
70.7,0.009524940103664134,0.026903983079126573,0.24172746703080078,-0.02071834564858207
70.8,0.002775097486475863,0.02689457587377864,0.24200143350555173,-0.02583822074378345
70.8,0.008728668293240325,0.026886078176904735,0.2397631656699039,-0.024965998464407974
70.9,0.0035065849791678996,0.026876750964114966,0.2403880869994962,-0.030826135140968925
70.9,0.008346045230095554,0.026868186464444898,0.2382431737999067,-0.029079186394015678
71.0,0.0038155032860104003,0.02685890848704408,0.23892222990182208,-0.03566478154309083
71.0,0.0159163296416663,0.026852771502356425,0.24240467385394057,-0.04286667813217725
71.1,0.004686447840510129,0.02684360918104072,0.24656629394679003,-0.06882894768257285
71.1,0.007162409159446707,0.02683484103459284,0.2432778837322833,-0.07149627608688242
71.2,0.004867776290878174,0.026825720778504317,0.24272729670052723,-0.08110879160381546
71.2,0.01675711156560657,0.026819976439627764,0.2448915883695522,-0.09139326175244088
71.3,0.004689706990129986,0.02681085210149904,0.2435796442184634,-0.07753016186975628
71.3,0.007617584797102921,0.02680220887113229,0.24018078665597936,-0.05692840745141987
71.4,0.004308252677133364,0.026793058854542636,0.2394265122230522,-0.06626649828724558
71.4,0.015908261192681575,0.026786984076752982,0.24129175635557248,-0.07638775238144908
71.5,0.003552898065758709,0.026777774745393203,0.239119308758759,-0.06733550115074823
71.5,0.008898575071329535,0.02676944454348569,0.2333506456042646,-0.051241172324872374
71.6,0.0028354103132343746,0.02676019447612057,0.23012463678075165,-0.06110328641389812
71.6,0.009484715707169938,0.02675202336434943,0.22513191477192449,-0.05402319740612063
71.7,0.0021364248345101104,0.02674274701500839,0.22262784795963986,-0.06488750308960001
71.7,0.009500781755235945,0.02673459812884809,0.21857378401705105,-0.05495740851624675
71.8,0.001955027667986297,0.026725331145627775,0.21695263208975926,-0.06679879896812967
71.8,0.012867784045360766,0.026718181959595393,0.2177353964865736,-0.07965475102637226
71.9,0.002052503855123411,0.026708938708811806,0.216711157600774,-0.07661416634413927
71.9,0.01283003431855564,0.026701793858275865,0.21803216007966644,-0.09096873288105572
72.0,0.002477610095955845,0.026692594253695433,0.2088058445420981,-0.1223585691106617
72.0,0.008969947582710743,0.026684371363329067,0.20274185338455092,-0.1086261402295675
72.1,0.0018654308947956254,0.02667515604405012,0.19887406842281846,-0.12452223235665398
72.1,0.00835547962675474,0.026666812865954462,0.19532823843461206,-0.12667369388642472
72.2,0.0025654967073749403,0.026657656755705004,0.19392105999720738,-0.1443064557392389
72.2,0.007187888265338121,0.026649095984729566,0.19131537297277973,-0.12248277686788632
72.3,0.003205821559219683,0.02664000673799853,0.18274496077117602,-0.13217076694270175
72.3,0.007216975564360037,0.02663146979805182,0.17894239116158175,-0.10009453005447387
72.4,0.00302221819710727,0.02662238445442848,0.17711001412386765,-0.11696485316876612
72.4,0.0060424513075252794,0.026613663780127368,0.17529847953935931,-0.1008425378980098
72.5,0.0035645128408433656,0.02660464353197563,0.16766685716424026,-0.11701610746442186
72.5,0.0058047104493110235,0.02659590480438932,0.16470374609816563,-0.09897465004009337
72.6,0.003542281526794473,0.026586901174260755,0.16354929846137964,-0.1173906453345201
72.6,0.005005377604230138,0.02657806893422279,0.16213855289021611,-0.10998937114223148
72.7,0.004065611711864075,0.026569135513484596,0.16248248766615497,-0.13080176214075592
72.7,0.004476914064739639,0.026560256872834854,0.15367603127677623,-0.11674870434506505
72.8,0.004064487393193796,0.026551341880875018,0.1526939208599363,-0.13042046332377827
72.8,0.003970536109939789,0.026542426379686405,0.1511345374172952,-0.1462369577619987
72.9,0.004090436021689621,0.026533532627475258,0.14408305419913758,-0.15821596205729152
72.9,0.003947867935349872,0.026524633282604605,0.1412715544216705,-0.12526718797204903
73.0,0.003941363111305258,0.02651574249301382,0.13997063288219033,-0.14796433287478128
73.0,0.003407672896325108,0.026506810233346622,0.13856662461680705,-0.13181479589716977
73.1,0.004000705638608052,0.02649794393914098,0.13184857721374735,-0.1492048238429852
73.1,0.003348634551513413,0.026489024939580334,0.1293134835093353,-0.1299800945956077
73.2,0.003859127556326243,0.026480162624132927,0.12815507446005717,-0.1546092738072841
73.2,0.0021537560008457117,0.026471177155791677,0.12105059179050039,-0.18773673704508204
73.3,0.004797938775034653,0.026462437984933748,0.1207536700618475,-0.2199992337120355
73.3,0.0017975847907699125,0.026453452718461258,0.11994647719192775,-0.18922630623585723
73.4,0.004900488763604941,0.02644474452315888,0.11407185815954232,-0.19973366217264507
73.4,0.0018283619504927348,0.026435778993327514,0.11195955672653843,-0.1517178552384548
73.5,0.004691886066909581,0.026427063107331273,0.11102392751587409,-0.178543083246497
73.5,0.0016976564531184166,0.026418109887702077,0.10392525269712098,-0.1470064074384329
73.6,0.004357814615182387,0.026409373139141108,0.10307367772793419,-0.16000412732348906
73.6,0.0010316715277032373,0.026400414734103043,0.10673962605316599,-0.15702305645288941
73.7,0.005165885897343159,0.026391795002765457,0.10558474525203504,-0.19072390805630415
73.7,0.0009231173170432543,0.02638285199953822,0.10301326153493771,-0.10528315148143463
73.8,0.004670900059662647,0.02637418755926057,0.1014459035246399,-0.13089360134386022
73.8,0.0009483950154752501,0.026365263256700657,0.09314991105490437,-0.12288031990233866
73.9,0.003995343844862495,0.026356541497191847,0.09058851430203516,-0.13224367672745133
73.9,0.0006705612665340857,0.02634762947587786,0.08898115198615049,-0.1506343731150862
74.0,0.003910992789294654,0.02633891705195598,0.08278390342463833,-0.16540443681271685
74.0,0.0009816208132658207,0.026330029629160832,0.08068266180663451,-0.15483299546567686
74.1,0.003370066867383311,0.02632128452944873,0.07943255231742398,-0.18523244434912411
74.1,0.007273204170556787,0.02631308098275288,0.07370092492768758,-0.18806438242501283
74.2,0.011146224058679608,0.026305800292676824,0.07324164075314989,-0.22855655857749452
74.2,0.014979080217455665,0.026299810259426012,0.07356256985588987,-0.2611207486497412
74.3,0.018553276939156163,0.026295361618002895,0.06950586089650213,-0.23866002325784472
74.3,0.02208973256234841,0.02629275764722295,0.07050685840622707,-0.30393223292980465
74.4,0.025588243720805152,0.02629229020849622,0.07222175986745726,-0.3379394954944555
74.4,0.028838801537096056,0.02629408438862894,0.06965888764434519,-0.2908862357288245
74.5,0.03205578264279826,0.026298377500268328,0.07195027453822296,-0.37912615785408166
74.5,0.03523917660757189,0.02630539711684078,0.0748935754194423,-0.4139029236961248
74.6,0.03838898953455002,0.02631536098388403,0.07847957968587724,-0.45010045173206387
74.6,0.041303904481326995,0.026328264713838343,0.07792938247622602,-0.37199688732504105
