Time (s),Error (m),RMS_Err (m),v (m/s),w (rad/s)
0.1,0.00013126589177961693,0.00013126589177961693,1.3126589177961694e-05,0.1262160136598635
0.1,0.0013565318199960745,0.000963693237759444,0.00013565318199960745,0.1618500868060504
0.2,0.0029954112897059263,0.001899991062040756,0.0005990822579411853,0.3278251577863651
0.2,0.004899641606785544,0.0029511178383134886,0.0009799283213571088,0.3322531773938618
0.3,0.007358211275859848,0.004218522470312072,0.0022074633827579545,0.4974420665109932
0.3,0.01022647346679982,0.005679794872026632,0.0030679420400399463,0.49691656888097846
0.4,0.013469794320714008,0.007319209342273243,0.005387917728285604,0.6504139242681848
0.4,0.01703097400553628,0.009117633008005641,0.006812389602214513,0.6340529658589357
0.5,0.021127030959079907,0.011112561913314905,0.010563515479539954,0.7897909504285394
0.5,0.025339730003439146,0.013241990813856151,0.012669865001719573,0.7633600691511727
0.6,0.030252075547272297,0.01557588836532688,0.018151245328363378,0.9113291658852577
0.6,0.0349709592979196,0.018008468554815,0.02098257557875176,0.8740537331109539
0.7,0.040695596037030414,0.020658004246978372,0.02848691722592129,1.0124344136547745
0.7,0.04572538333160802,0.023358390193291497,0.03200776833212561,0.9632914016654345
0.8,0.05225554053002043,0.02629225869591453,0.04180443242401635,1.0903998102445773
0.8,0.05736330081466703,0.029218777449556494,0.04589064065173362,1.0275239684576667
0.9,0.06468984905924921,0.03239877254542743,0.05822086415332429,1.1419543594607175
0.9,0.07242357513205011,0.035815687202803814,0.0651812176188451,1.1302122633976228
1.0,0.07763164468804085,0.039146428454104244,0.07763164468804085,1.1696140068524783
1.0,0.08175257573948362,0.04230833132704111,0.08175257573948362,1.0818693403764854
1.1,0.09062297570056344,0.04578023160314976,0.09968527327061978,1.166623146362492
1.1,0.09989971053505055,0.04953987094130506,0.10988968158855561,1.146529554994612
1.2,0.10387642579020169,0.05307201248768254,0.12465171094824203,1.1317827344881093
1.2,0.10630631398698777,0.056304128812426975,0.12756757678438532,1.0194408998153648
1.3,0.11665292259771992,0.05989711928379277,0.1516487993770359,1.0717001595809592
1.3,0.11678120237856665,0.06304133921221432,0.15181556309213665,0.958011265251953
1.4,0.12783175309344713,0.06657505616480024,0.17896445433082597,0.9936380001432766
1.4,0.12668664673017585,0.06962140866605582,0.17736130542224618,0.8673857886782912
1.5,0.13803590343435163,0.07305497360562167,0.20705385515152744,0.8879817596165641
1.5,0.1341284641771838,0.07588682160286557,0.20119269626577568,0.7556808394680101
1.6,0.14538135712511455,0.0790875443455918,0.23261017140018328,0.7627967269021707
1.6,0.13926397551352862,0.08164222342500829,0.2228223608216458,0.6313752952326467
1.7,0.15042242376208262,0.08455254601391941,0.2557181203955404,0.6258841155097846
1.7,0.14099075099845454,0.08673824417760921,0.23968427669737272,0.5099946182303152
1.8,0.1520569255582116,0.08927023031427193,0.2737024660047809,0.4932271212161364
1.8,0.1401986427045079,0.09107029490833755,0.25235755686811423,0.3751751334244827
1.9,0.15117801816255894,0.09320589578040936,0.287238234508862,0.34791030918211163
1.9,0.16213746325607917,0.09565839720143043,0.3080611801865504,0.3061651455743632
2.0,0.1485153105500318,0.09737278324567308,0.2970306211000636,0.19630002273981367
2.0,0.13055670944649272,0.09833894855865101,0.26111341889298545,0.08131320118309304
2.1,0.14137692836333307,0.09961014102774919,0.28275385672666614,0.035020947615381104
2.1,0.15216023858787434,0.10117901700232804,0.30432047717574867,-0.004935369007233126
2.2,0.13562047803863608,0.10211200420159233,0.27124095607727217,-0.09822282780450653
2.2,0.11770343084393119,0.10249269795733905,0.23540686168786237,-0.18157525555174758
2.3,0.1282502326333002,0.10313499891908298,0.2565004652666004,-0.21600381031055194
2.3,0.1140146472297755,0.1033836880450574,0.228029294459551,-0.27006661611951754
2.4,0.12436041022396922,0.10387411689009557,0.24872082044793845,-0.29598743809389405
2.4,0.11234967269227628,0.10405773241929932,0.22469934538455255,-0.3119244935985044
2.5,0.12246735328592127,0.10446587306053497,0.24493470657184255,-0.3301479496526621
2.5,0.1324565674519104,0.10509876834119732,0.2649131349038208,-0.34606656352084175
2.6,0.12105279699690559,0.1054347986423695,0.24210559399381118,-0.3299889632348439
2.6,0.13078714277192557,0.10597955279176871,0.26157428554385115,-0.3401759017899091
2.7,0.1151685666709775,0.1061602926929055,0.230337133341955,-0.30194644419004657
2.7,0.12463265577501188,0.10653148633425594,0.24926531155002377,-0.3074900527768649
2.8,0.10782892252580975,0.10655521708866664,0.2156578450516195,-0.2591423140780116
2.8,0.0925767011287064,0.10632171793636032,0.1851534022574128,-0.2180216659433447
2.9,0.10161269141681425,0.10624090223452619,0.2032253828336285,-0.21519160215728506
2.9,0.09120220308120884,0.10599969196282638,0.18240440616241768,-0.20100019550865644
3.0,0.08224489098661686,0.10564157778632115,0.16448978197323372,-0.16973349937740834
3.0,0.09083381750828791,0.10541182862760595,0.18166763501657582,-0.16277433167364297
3.1,0.09927265822544139,0.10531407185317913,0.19854531645088278,-0.15812694668731078
3.1,0.10755988401162013,0.10535067449274141,0.21511976802324026,-0.15521717352603948
3.2,0.0975277798009653,0.10523104391596752,0.1950555596019306,-0.116066416079869
3.2,0.08521290452960988,0.10494762928539364,0.17042580905921975,-0.08006650092108303
3.3,0.09303793207561022,0.10477465708938385,0.18607586415122043,-0.07700480078463066
3.3,0.08261502011192136,0.1044739790338536,0.16523004022384272,-0.054338196390518845
3.4,0.09012932642604582,0.10427438738788647,0.18025865285209164,-0.05276010790035324
3.4,0.09748782979347898,0.10417778807522889,0.19497565958695795,-0.0525058141432304
3.5,0.08861915632721627,0.10396892922079327,0.17723831265443254,-0.03759797140962717
3.5,0.09566580963201973,0.10385498721923442,0.19133161926403947,-0.03877651367166424
3.6,0.08392743659115086,0.10360093401437928,0.16785487318230172,-0.03864520121472059
3.6,0.07147450728590214,0.1032232280145827,0.14294901457180428,-0.039245556570026374
3.7,0.07805608144525963,0.1029200552614615,0.15611216289051927,-0.04245854305266228
3.7,0.06905009744095753,0.1025369527017846,0.13810019488191505,-0.04482460395586707
3.8,0.0753255891193459,0.10222179271299635,0.1506511782386918,-0.04912465428233759
3.8,0.06751892684784816,0.10184197791522635,0.13503785369569632,-0.052728025060830866
3.9,0.07349318912218508,0.10152455862060991,0.14698637824437016,-0.05799309302514488
3.9,0.07931886654303966,0.10127068670147679,0.1586377330860793,-0.0635786732972665
4.0,0.07142006364656436,0.10094800518529866,0.14284012729312873,-0.06826177589350446
4.0,0.07695444538369972,0.1006833816342541,0.15390889076739944,-0.07446432553748371
4.1,0.06797233327972776,0.10034457332612688,0.13594466655945553,-0.09647898676234745
4.1,0.05786235820792025,0.09993533016061916,0.1157247164158405,-0.10721713427217394
4.2,0.06297672318942253,0.09957172296845485,0.12595344637884506,-0.11310431820498679
4.2,0.0564332272170923,0.09916859948324858,0.1128664544341846,-0.12321922273945762
4.3,0.0612791237322699,0.09880733869962996,0.1225582474645398,-0.12881861935082228
4.3,0.06599418167005089,0.09848863099251656,0.13198836334010178,-0.1347704797328797
4.4,0.05935630436807943,0.09812753068758434,0.11871260873615885,-0.133634762345187
4.4,0.0638189414638319,0.09780528694280609,0.1276378829276638,-0.1394112593721829
4.5,0.05650343604903975,0.09743851785706938,0.1130068720980795,-0.16885788378436073
4.5,0.04795193066509904,0.09702742747908084,0.09590386133019808,-0.166899362095568
4.6,0.05205846919633642,0.09664703173920003,0.10411693839267284,-0.170705401165117
4.6,0.04586866336193353,0.09623922695115941,0.09173732672386706,-0.17217270917810235
4.7,0.049752191253359807,0.0958593419882415,0.09950438250671961,-0.1752052714910347
4.7,0.04432049322088296,0.09545760764775493,0.08864098644176592,-0.16480386008523895
4.8,0.04799297263655645,0.09508145439064168,0.0959859452731129,-0.16770056201738745
4.8,0.051564184219515925,0.09473123974087788,0.10312836843903185,-0.1714589265994627
4.9,0.046109546863228476,0.0943578862391199,0.09221909372645695,-0.16151538400104093
4.9,0.03989235751596898,0.09396168550743997,0.07978471503193796,-0.14883408494979358
5.0,0.043178939781930034,0.09358659677484249,0.08635787956386007,-0.15121668617007963
5.0,0.04637618587617123,0.09323290240629754,0.09275237175234247,-0.15456197183920528
5.1,0.042098190691930125,0.09286473004768414,0.08419638138386025,-0.17864555982832864
5.1,0.03719483744523864,0.0924817482100314,0.07438967489047728,-0.16255490181382692
5.2,0.04014200495341023,0.09211666849280702,0.08028400990682046,-0.16526898442497184
5.2,0.03585279552354483,0.09174011821710872,0.07170559104708966,-0.1540679148816585
5.3,0.03864679922123564,0.09138008021450122,0.07729359844247129,-0.156933787523567
5.3,0.03413977899629498,0.09100845004364938,0.06827955799258996,-0.14887465665527777
5.4,0.03679100707295559,0.09065197927187833,0.07358201414591117,-0.15195920272189178
5.4,0.03937436629557713,0.09031082872263414,0.07874873259115427,-0.155876384917511
5.5,0.034987387274905656,0.08995804638890287,0.06997477454981131,-0.1484303026564897
5.5,0.03744256405715376,0.08961934691718716,0.07488512811430752,-0.1525702335406928
5.6,0.03234696655345931,0.08926755682414952,0.06469393310691862,-0.14065805480375848
5.6,0.034683071627462335,0.08892855525784209,0.06936614325492467,-0.14487548195639366
5.7,0.029384364585744387,0.08857733435236978,0.05876872917148877,-0.12924790971902078
5.7,0.02453941142770956,0.08821792558140298,0.04907882285541912,-0.11443600832387268
5.8,0.026712860836075065,0.08786884741709713,0.05342572167215013,-0.11813887706307513
5.8,0.028835749966833503,0.0875302386327934,0.057671499933667006,-0.12270536000270349
5.9,0.0259608171289462,0.08718841540409432,0.0519216342578924,-0.10871363839264125
5.9,0.022876824049167143,0.08684372597274143,0.045753648098334286,-0.09849663179803947
6.0,0.02485952338599382,0.08650808770276643,0.04971904677198764,-0.10333885964985956
6.0,0.02230280945248918,0.08617093838364862,0.04460561890497836,-0.0944942666291119
6.1,0.024200301223667176,0.0858423179276184,0.04840060244733435,-0.10025635672172495
6.1,0.026057396115523667,0.08552232558207308,0.052114792231047334,-0.10653658506208508
6.2,0.023388537106567003,0.08520006778738147,0.046777074213134005,-0.10731333992186032
6.2,0.020668918931270267,0.08487612154133993,0.041337837862540534,-0.10462835251829128
6.3,0.022414290239964264,0.08455970413319099,0.04482858047992853,-0.1113417605019762
6.3,0.020262614943900557,0.08424282358164198,0.04052522988780111,-0.1100640399325794
6.4,0.021940110861342156,0.08393308580670678,0.04388022172268431,-0.11721977274210035
6.4,0.019515447004101506,0.08362237197324865,0.03903089400820301,-0.11953414440718582
6.5,0.0211300794657203,0.08331839650687768,0.0422601589314406,-0.12691545638156598
6.5,0.02271481307005054,0.08302122912375055,0.04542962614010108,-0.13458318488920806
6.6,0.020333824245124355,0.08272282642263673,0.04066764849024871,-0.13674961903742278
6.6,0.021862479560340924,0.08243085327694152,0.04372495912068185,-0.14449132144864754
6.7,0.01930191570122644,0.08213743202839123,0.03860383140245288,-0.14630634575965729
6.7,0.017023393233963697,0.0818435883285585,0.034046786467927394,-0.1330411754000742
6.8,0.018475882572032625,0.08155540419012987,0.03695176514406525,-0.1398778128406638
6.8,0.019904531561975372,0.08127293902338244,0.039809063123950744,-0.1471361038148049
6.9,0.017723342838112804,0.0809899354322636,0.03544668567622561,-0.1456874388675664
6.9,0.015557389121799981,0.08070682644553018,0.031114778243599962,-0.1526127600282262
7.0,0.016920568836820266,0.08042879593076038,0.03384113767364053,-0.15897666303721059
7.0,0.01826326331694539,0.08015589835057046,0.03652652663389078,-0.1658792734849118
7.1,0.01625882752397849,0.07988288746732906,0.03251765504795698,-0.16429021602126936
7.1,0.014422923475091264,0.0796103139262623,0.028845846950182528,-0.16812351231076483
7.2,0.01570946693900192,0.07934234414751769,0.03141893387800384,-0.17362465840116512
7.2,0.014319895514621563,0.07907537467010238,0.028639791029243127,-0.17748726736051967
7.3,0.015572349131141233,0.07881283987220743,0.031144698262282465,-0.1821582608488952
7.3,0.014521612645079222,0.07855166338928053,0.029043225290158445,-0.1963478340567446
7.4,0.015742527377609714,0.0782947920122183,0.03148505475521943,-0.20014014743383302
7.4,0.014516806305479,0.07803895781838013,0.029033612610958,-0.20509068790149326
7.5,0.015708507097253407,0.07778728696216963,0.031417014194506813,-0.20896311069026108
7.5,0.014421308924976535,0.0775365038365119,0.02884261784995307,-0.1946275830586392
7.6,0.015586095544037748,0.07728974214867554,0.031172191088075497,-0.19799378098114545
7.6,0.016738084987620014,0.07704704236022977,0.03347616997524003,-0.2024016968525733
7.7,0.015095250985469898,0.07680453803246046,0.030190501970939795,-0.18550873575490617
7.7,0.01622336924307012,0.07656592814233143,0.03244673848614024,-0.19043508752356647
7.8,0.01411236674551509,0.07632695913818967,0.02822473349103018,-0.17711844170225927
7.8,0.011953788561043368,0.07608794760391221,0.023907577122086736,-0.17332874773643756
7.9,0.0130499755033022,0.07585239278292116,0.0260999510066044,-0.1767334745186247
7.9,0.011629672220449562,0.07561763287042632,0.023259344440899124,-0.16894053842939172
8.0,0.012706673127961813,0.07538620191752309,0.025413346255923626,-0.17273030886370394
8.0,0.013774614698319858,0.0751581403981992,0.027549229396639716,-0.17771942861439372
8.1,0.012495814426514202,0.07493083835030681,0.024991628853028403,-0.15484509511392713
8.1,0.013547059640398424,0.07470679473541345,0.027094119280796847,-0.1603569707856114
8.2,0.012069601434462075,0.07448327989507743,0.02413920286892415,-0.15046677826987953
8.2,0.013105824866916773,0.0742629013603015,0.026211649733833546,-0.15562657113346437
8.3,0.01141777135196404,0.07404285583479524,0.02283554270392808,-0.13695995709704578
8.3,0.012440415951452169,0.0738258128396196,0.024880831902904337,-0.1427086783602465
8.4,0.01081611492664956,0.07360920417338704,0.02163222985329912,-0.12662471553790067
8.4,0.011826633081735784,0.07339547410748201,0.02365326616347157,-0.13307977904286794
8.5,0.01077764161558411,0.07318270164654016,0.02155528323116822,-0.12724004799058192
8.5,0.00943165982771369,0.07297072651717448,0.01886331965542738,-0.12333488891395977
8.6,0.010426735092557333,0.07276141797178244,0.020853470185114666,-0.12991329497292992
8.6,0.011417175410427863,0.07255481674803209,0.022834350820855727,-0.13754237420036575
8.7,0.010578818314112089,0.07234928755702177,0.021157636628224178,-0.1373244981732497
8.7,0.011561044962166664,0.07214641146921782,0.023122089924333327,-0.14558421895519819
8.8,0.010465208244690877,0.07194433309464097,0.020930416489381754,-0.1614730985063903
8.8,0.009138684333023981,0.07174296179555986,0.018277368666047962,-0.15666230769203926
8.9,0.010109665772993982,0.0715440466109872,0.020219331545987963,-0.16286136845901106
8.9,0.009107372513337469,0.0713460628348923,0.018214745026674938,-0.14883339194790185
9.0,0.010070979556376994,0.07115047497780018,0.020141959112753988,-0.15594623558312534
9.0,0.009210356780605607,0.07095588052932149,0.018420713561211215,-0.14057722402524023
9.1,0.010166873830403739,0.07076363355854776,0.020333747660807477,-0.14859257408711668
9.1,0.009285429489259932,0.07057231663253734,0.018570858978519865,-0.1356508359132495
9.2,0.010235151896417553,0.07038329873472678,0.020470303792835105,-0.14458906018412496
9.2,0.009330597341795201,0.07019514954481258,0.018661194683590402,-0.13363497333258664
9.3,0.010273832636107453,0.07000925078822769,0.020547665272214907,-0.14350356190666716
9.3,0.009352481612307976,0.06982416780354694,0.018704963224615952,-0.13463720969148044
9.4,0.010289556490425261,0.06964128697096944,0.020579112980850522,-0.14533840230540912
9.4,0.009356675231438261,0.06945917607469239,0.018713350462876522,-0.13796197886470754
9.5,0.010287931386777386,0.06927921972642544,0.020575862773554773,-0.149364865951697
9.5,0.009347817222464168,0.06909999336287447,0.018695634444928336,-0.14269973511031467
9.6,0.010273606311116165,0.06892287489897911,0.02054721262223233,-0.15467744949889542
9.6,0.011196591697172456,0.0687479028609932,0.02239318339434491,-0.1670868024769352
9.7,0.010619296287205988,0.06857382866943351,0.021238592574411977,-0.17987024728730444
9.7,0.009399742546487363,0.06840019295913169,0.018799485092974726,-0.17743683483287048
9.8,0.010315836694910846,0.06822858177967861,0.020631673389821692,-0.18901942880868067
9.8,0.009699889609495768,0.06805783349975537,0.019399779218991536,-0.17675353368941132
9.9,0.010611530878509117,0.06788908803121751,0.021223061757018234,-0.18878677477980746
9.9,0.009600100006743398,0.06772087065617025,0.019200200013486796,-0.17624201797634437
10.0,0.010507763065632031,0.06755461014161496,0.021015526131264062,-0.1884191151443258
10.0,0.00949200397849202,0.06738885453341893,0.01898400795698404,-0.17591862598972455
10.1,0.010396050913521322,0.06722501092769075,0.020792101827042643,-0.1882926082419744
10.1,0.009377299194582767,0.0670616516511368,0.018754598389165534,-0.17470746823297623
10.2,0.010278102552290178,0.0669001606716471,0.020556205104580356,-0.1872917596752839
10.2,0.009299715764721989,0.06673916445744248,0.018599431529443978,-0.17526628919382437
10.3,0.01019764624927486,0.06657999665813523,0.02039529249854972,-0.1880579359132364
10.3,0.011094022661231063,0.06642269571015728,0.022188045322462126,-0.20130148129274786
10.4,0.010129359313674416,0.06626580030465361,0.02025871862734883,-0.18931829555632135
10.4,0.008894909925223238,0.06610919257968714,0.017789819850446476,-0.18324950014198083
10.5,0.009788349469165215,0.06595432242914338,0.01957669893833043,-0.1960466344407037
10.5,0.010680624921764218,0.06580122878393785,0.021361249843528437,-0.20934075663943097
10.6,0.007624227101081946,0.06564721482557248,0.015248454202163891,-0.16934490393752705
10.6,0.008515568505329791,0.06549481481477683,0.017031137010659583,-0.18124768932435056
10.7,0.009406073470613348,0.0653440686645934,0.018812146941226696,-0.19390348988560313
10.7,0.008573365331160303,0.06519385110716058,0.017146730662320607,-0.18370077455521322
10.8,0.009462897066119618,0.06504526245079546,0.018925794132239236,-0.19662886088611764
10.8,0.00864457879682024,0.06489718559178033,0.01728915759364048,-0.19903556527186428
10.9,0.0095335756289087,0.0647507145940253,0.0190671512578174,-0.21184752793795983
10.9,0.008703108514325217,0.06460472217923449,0.017406217028650434,-0.21428506225808452
11.0,0.009591992229948441,0.06446031288265294,0.019183984459896882,-0.22676649301397284
11.0,0.008750819916541822,0.06431635134370699,0.017501639833083643,-0.22722755216259083
11.1,0.007900266361798632,0.06417287473527246,0.015800532723597265,-0.2272729121732931
11.1,0.008790006090702938,0.06403089588756455,0.017580012181405875,-0.2376819281374274
11.2,0.007932133275614504,0.06388937567174442,0.01586426655122901,-0.23604711416334512
11.2,0.008822765023875082,0.06374933155718904,0.017645530047750164,-0.24569324532485845
11.3,0.009713739439179612,0.06361080502581645,0.019427478878359224,-0.256491770254657
11.3,0.008851721858585382,0.06347264824794142,0.017703443717170763,-0.2512090615481011
11.4,0.009744172341127202,0.06333598847450835,0.019488344682254403,-0.2613771784303519
11.4,0.0088781594697926,0.06319967624616388,0.0177563189395852,-0.2544556097455507
11.5,0.00977246277911293,0.06306484119785397,0.01954492555822586,-0.2640256893434324
11.5,0.010667569204330993,0.06293152551225273,0.021335138408661986,-0.2746409250105886
11.6,0.009799631489223897,0.06279847244041219,0.019599262978447794,-0.26488231305438004
11.6,0.008819551611796964,0.0626656599379624,0.017639103223593928,-0.24624378399935065
11.7,0.009718605771523253,0.06253428094445555,0.019437211543046506,-0.25558191237699796
11.7,0.008767876241965422,0.062403149985511636,0.017535752483930845,-0.2455659675094542
11.8,0.00966990237157276,0.062273430658006154,0.01933980474314552,-0.25442269448967636
11.8,0.008824730006828096,0.062144010403471076,0.017649460013656193,-0.2456645458479409
11.9,0.009730075482323988,0.062015987091501856,0.019460150964647975,-0.25412662617299914
11.9,0.008882577716990452,0.06188824264217348,0.017765155433980905,-0.24482400516275432
12.0,0.009791599427954356,0.061761881272749286,0.01958319885590871,-0.25294082614576435
12.0,0.01070237313956816,0.061636947983611814,0.02140474627913632,-0.2622749158018925
12.1,0.009794536540823654,0.061512173290448766,0.01958907308164731,-0.24969294658516045
12.1,0.010709530630082788,0.06138881074886256,0.021419061260165576,-0.25871260620615294
12.2,0.009567533841867794,0.061265440493125344,0.019135067683735588,-0.252766037405174
12.2,0.010487168947690853,0.06114345370054174,0.020974337895381705,-0.2609498492645433
12.3,0.009276707649449111,0.06102142174310775,0.018553415298898222,-0.25597949254795044
12.3,0.008101339110621757,0.06089945866050903,0.016202678221243515,-0.254070323273613
12.4,0.009028730074449036,0.06077877046501231,0.018057460148898072,-0.25834447765993773
12.4,0.00822169883945147,0.0606583556168824,0.01644339767890294,-0.24362832001538376
12.5,0.00915445706639518,0.060539208921981585,0.01830891413279036,-0.24786455199672291
12.5,0.008459090692536786,0.060420377841363386,0.01691818138507357,-0.23140985347879933
12.6,0.009397525168434763,0.06030281580518562,0.018795050336869526,-0.23589868205240494
12.6,0.008665490413572535,0.060185523981529494,0.01733098082714507,-0.2208312644769157
12.7,0.009609912243095363,0.060069500894443115,0.019219824486190727,-0.2256452959134062
12.7,0.008840303459068168,0.05995370327378558,0.017680606918136336,-0.21238683985602003
12.8,0.009791018105475745,0.059839172829057694,0.01958203621095149,-0.21754254256537886
12.8,0.01074486186181853,0.0597259606549866,0.02148972372363706,-0.2242436218442384
12.9,0.009949155350899505,0.05961287961758954,0.01989831070179901,-0.21108334121424616
12.9,0.010909731808088121,0.059501115364359876,0.021819463616176243,-0.21802893931993872
13.0,0.009921331984782992,0.05938933698690997,0.019842663969565983,-0.19067118208383077
13.0,0.008738161155444407,0.05927749386527057,0.017476322310888814,-0.18450617761215815
13.1,0.009709481747234315,0.059166878955813726,0.01941896349446863,-0.19148080107888032
13.1,0.008828635080794548,0.05905637594316062,0.017657270161589095,-0.1818665844376132
13.2,0.009807403073662386,0.058947096746863305,0.019614806147324772,-0.1890383889023125
13.2,0.009032742358250665,0.05883797497407023,0.01806548471650133,-0.18291204219178156
13.3,0.01001922667960006,0.05873008010275922,0.02003845335920012,-0.1901582017057316
13.3,0.009217584576229973,0.05862230565870997,0.018435169152459945,-0.18452582787673402
13.4,0.010354938539329594,0.058515854648167186,0.02070987707865919,-0.19285142131463207
13.4,0.00966746711194988,0.05840956654643634,0.01933493422389976,-0.18797620684420668
13.5,0.01081558448361516,0.05830462680212493,0.02163116896723032,-0.1964853234548961
13.5,0.01006290319530169,0.05819977724529887,0.02012580639060338,-0.19159861798236588
13.6,0.011222160425940956,0.05809629797363056,0.022444320851881912,-0.20011610202255525
13.6,0.010399752993455543,0.057992833324522826,0.020799505986911087,-0.1949650729180612
13.7,0.011570512523150847,0.05789075754158553,0.023141025046301694,-0.20335479989986416
13.7,0.010689007543195347,0.05778862890028492,0.021378015086390693,-0.1980354327336324
13.8,0.011871618315888488,0.05768790508146859,0.023743236631776975,-0.20616214269679267
13.8,0.01094277793437184,0.05758707025705355,0.02188555586874368,-0.20000360444426768
13.9,0.012287793490825785,0.0574877696064285,0.02457558698165157,-0.20886672431898007
13.9,0.011470446676291898,0.05738840479587078,0.022940893352583796,-0.20287408752092118
14.0,0.012831261669181892,0.057290616265486885,0.025662523338363784,-0.2116055994355852
14.0,0.011938717351444406,0.05719267053572119,0.023877434702888813,-0.2054548551844465
14.1,0.013315762615181484,0.0570963394871618,0.026631525230362968,-0.21392411355867358
14.1,0.01470082282012923,0.05700173760471235,0.02940164564025846,-0.2234253035039565
14.2,0.013737441497722503,0.05690679810180948,0.027474882995445007,-0.21541558465219302
14.2,0.012886234945233834,0.056811667918500876,0.025772469890467668,-0.19982474579430565
14.3,0.014455552794270412,0.0567183746557848,0.028911105588540823,-0.20946759999951203
14.3,0.014228369544076858,0.056625380507039504,0.028456739088153715,-0.20755635987272225
14.4,0.015819057218994494,0.05653435592614627,0.03163811443798899,-0.21712975036862403
14.4,0.014649624749841007,0.056442722235957615,0.029299249499682014,-0.21208098318290025
14.5,0.016262279041264167,0.0563531057046717,0.03252455808252833,-0.22116852796004016
14.5,0.014986105749197422,0.05626274391686635,0.029972211498394845,-0.21513600859952675
14.6,0.013814014396439487,0.05617182676021486,0.027628028792878973,-0.21051511406006063
14.6,0.01562762005453158,0.05608301674072564,0.03125524010906316,-0.2179963436447031
14.7,0.017454769530324588,0.05599651564207541,0.034909539060649177,-0.22694636476429286
14.7,0.016212140484553095,0.05590919795716254,0.03242428096910619,-0.2195544055414198
14.8,0.018067365629362377,0.05582426797678533,0.03613473125872475,-0.22795347759799378
14.8,0.020107425065302713,0.05574214381108916,0.040214850130605426,-0.23827825477058528
14.9,0.018962800873528647,0.05565910008537476,0.037925601747057294,-0.2287579845325236
14.9,0.01785342707336703,0.05557525779950447,0.03570685414673406,-0.21499085676655993
15.0,0.01994527740272967,0.05549423361457154,0.03989055480545934,-0.2236713695960847
15.0,0.01895754286070735,0.05541247656762989,0.0379150857214147,-0.20338853515620425
15.1,0.021262506670043452,0.05533392625993548,0.042525013340086903,-0.21323701116848848
15.1,0.02358769656686197,0.055258910204979,0.04717539313372394,-0.22405588041178282
15.2,0.022534468325220935,0.055182835725529476,0.04506893665044187,-0.19920111120758693
15.2,0.020621434993772288,0.05510469363637223,0.041242869987544575,-0.1906483425171424
15.3,0.02300963480882606,0.05503005827115363,0.04601926961765212,-0.20099565453137191
15.3,0.02156655901082999,0.05495389770211162,0.04313311802165998,-0.19219968126279618
15.4,0.024187141589142213,0.05488168692536122,0.048374283178284426,-0.2028560832655919
15.4,0.022577886160489252,0.054807621809578176,0.045155772320978504,-0.19915630069071322
15.5,0.025248176156180323,0.054737712226430646,0.050496352312360646,-0.2091571274614593
15.5,0.023684008211810773,0.05466590694444164,0.047368016423621546,-0.2056616600213368
15.6,0.02660193025001815,0.054598790698688705,0.0532038605000363,-0.2156076830570688
15.6,0.024880169524942757,0.05452941790043202,0.04976033904988551,-0.21040691636890174
15.7,0.027856017125020137,0.05446500390765271,0.055712034250040274,-0.21952248634973937
15.7,0.031062026290855086,0.05440645337840706,0.06212405258171017,-0.23014874483793535
15.8,0.02940021850699941,0.05434527750638033,0.05880043701399882,-0.2222280518929154
15.8,0.02726838118248631,0.05428089911019246,0.05453676236497262,-0.21412795352087777
15.9,0.030574758113128604,0.05422241479623892,0.06114951622625721,-0.22178490926994932
15.9,0.034124018524840136,0.054170901326544264,0.06824803704968027,-0.23105614734870694
16.0,0.02649566486505945,0.054106267877114804,0.0529913297301189,-0.20834502951230127
16.0,0.030121277523837843,0.05404789642891154,0.060242555047675686,-0.2129209852877827
16.1,0.034001080029761974,0.05399700315118172,0.06800216005952395,-0.2196667043945164
16.1,0.03792253261603286,0.053954496200721326,0.07584506523206572,-0.22774833165294006
16.2,0.0363006881654761,0.05390876269458714,0.0726013763309522,-0.2171810409192534
16.2,0.03397485513655085,0.05385858991723893,0.0679497102731017,-0.2277860196134185
16.3,0.03824975761569332,0.053817506482802584,0.07649951523138664,-0.23349594811811952
16.3,0.03559300509723746,0.05377104847738466,0.07118601019447492,-0.22073746431581864
16.4,0.03996148313868961,0.05373422771094287,0.07992296627737921,-0.22576825932063627
16.4,0.03773561911999556,0.053692696635277294,0.07547123823999112,-0.20079058419619256
16.5,0.042433517831536066,0.053662053627464054,0.08486703566307213,-0.2058775325352893
16.5,0.04718222427117151,0.05364360014719516,0.09436444854234302,-0.21235961954782456
16.6,0.04469942228491215,0.05361882544909233,0.0893988445698243,-0.19167438645049018
16.6,0.041107104201256954,0.053585526123474864,0.08221420840251391,-0.16317837552898284
16.7,0.04625578523998593,0.05356501637705215,0.09251157047997186,-0.16788129862663626
16.7,0.05145958906594912,0.05355883623210856,0.10291917813189824,-0.17394209609138758
16.8,0.04874460078896282,0.05354510949636984,0.09748920157792564,-0.1381099028120885
16.8,0.054058400948166475,0.05354664444965532,0.10811680189633295,-0.1447773354838635
16.9,0.050760610650349314,0.05353859175191826,0.10152122130069863,-0.14896859895546102
16.9,0.056445789740739834,0.053547425726770514,0.11289157948147967,-0.15609293546020497
17.0,0.052041988555407884,0.05354304715491211,0.10408397711081577,-0.1480362308760723
17.0,0.057845052215688884,0.053556206805189334,0.11569010443137777,-0.15494935080202255
17.1,0.052716810771492026,0.05355376446788302,0.10543362154298405,-0.15020724606430405
17.1,0.04755375129626129,0.05353720079273333,0.09510750259252258,-0.15434777150982226
17.2,0.05380690106168425,0.05353798906562744,0.1076138021233685,-0.15934100090209524
17.2,0.05038802087723164,0.0535291008213822,0.10077604175446328,-0.15766604808921048
17.3,0.05676440504757835,0.053538761037483604,0.1135288100951567,-0.16251629523058234
17.3,0.053445793320038265,0.053538492577272216,0.10689158664007653,-0.14274619756104223
17.4,0.0602270245467441,0.05355896799658879,0.1204540490934882,-0.14749572172891567
17.4,0.05670844300618276,0.05356828349589676,0.11341688601236552,-0.12442505909107449
17.5,0.06361795509788563,0.05359977096189013,0.12723591019577127,-0.1293306303708921
17.5,0.059511958465541685,0.053617591576478364,0.11902391693108337,-0.12105668204565978
17.6,0.06654653357759657,0.053658851302061265,0.13309306715519315,-0.12602795763082053
17.6,0.062286458106455125,0.05368532547338082,0.12457291621291025,-0.09898436857378035
17.7,0.06974227809877206,0.053737589610448395,0.13948455619754413,-0.10475184801796411
17.7,0.06564464634196848,0.0537749388525847,0.13128929268393696,-0.10512144502114862
17.8,0.07322838001853701,0.053839610237697885,0.14645676003707403,-0.11116695624706852
17.8,0.0684393686258407,0.05388616111408226,0.1368787372516814,-0.08721978297261179
17.9,0.07614687197140493,0.05396134320601362,0.15229374394280987,-0.09345892860850324
17.9,0.07105451885329525,0.054016623418519844,0.1421090377065905,-0.07499900023762551
18.0,0.07888099162434616,0.05410175694741829,0.1577619832486923,-0.08227380397783746
18.0,0.07292885696392709,0.05416311926333617,0.14585771392785418,-0.07851653821207649
18.1,0.0811895943394393,0.054256582531558496,0.1623791886788786,-0.08596002827550686
18.1,0.07522269799111357,0.054325646404293354,0.15044539598222714,-0.0748079277471938
18.2,0.08360275399449846,0.05442793604927309,0.16720550798899692,-0.082217596022484
18.2,0.09204003105028223,0.05456679161875793,0.18408006210056446,-0.08962039574880198
18.3,0.08619847055478651,0.05467845796644248,0.17239694110957302,-0.0773250320292862
18.3,0.09474659128609833,0.054827841362983507,0.18949318257219666,-0.08518381095097993
18.4,0.08579425730331525,0.054935939795012864,0.1715885146066305,-0.08674946936656291
18.4,0.07651836494635782,0.05500606329622684,0.15303672989271563,-0.0717160278980149
18.5,0.08522418775752785,0.05511035044456211,0.1704483755150557,-0.0789339001842424
18.5,0.09397896358907466,0.055252263339636995,0.18795792717814933,-0.08604620324543412
18.6,0.08730192917182787,0.05536359333816979,0.17460385834365574,-0.06698040278894601
18.6,0.07866716623923446,0.05543936951285655,0.15733433247846892,-0.06719089698899228
18.7,0.08790669108855176,0.05555178729556281,0.17581338217710352,-0.07464918338319793
18.7,0.08095338816378402,0.05563517168457138,0.16190677632756803,-0.07071580969329005
18.8,0.09028491496172168,0.05575621260883666,0.18056982992344336,-0.07783702595013664
18.8,0.08362700971089565,0.055848786474031534,0.1672540194217913,-0.07476739520875086
18.9,0.09304385464501301,0.05598014645039429,0.18608770929002602,-0.08140478851484301
18.9,0.08618836020163018,0.05608153280808211,0.17237672040326035,-0.07898136474330819
19.0,0.0956836212498017,0.05622273930175492,0.1913672424996034,-0.08521944181014708
19.0,0.08820602180511855,0.05633074189700526,0.1764120436102371,-0.08058467493803169
19.1,0.0977728250498271,0.056479329104493464,0.1955456500996542,-0.08632966776010507
19.1,0.08984010332157374,0.056592340168062555,0.1796802066431475,-0.08028082740221575
19.2,0.09947140203972951,0.0567464994772805,0.19894280407945902,-0.08556359906336364
19.2,0.09129563427460458,0.056863738939154376,0.18259126854920915,-0.07835782655600432
19.3,0.10098423221487456,0.057022574265638594,0.2019684644297491,-0.08333651292312516
19.3,0.11069837856953466,0.05722671284040075,0.2213967571390693,-0.08843302282282717
19.4,0.10260803570065039,0.05739023948747199,0.20521607140130077,-0.08017143280169159
19.4,0.11236857675841702,0.05759942586709331,0.22473715351683404,-0.08518938602057191
19.5,0.10187029731491522,0.05775675380309429,0.20374059462983043,-0.0670359247544885
19.5,0.111670110487851,0.057959158671325686,0.223340220975702,-0.0718750106227759
19.6,0.09941818894683425,0.05810293725291559,0.1988363778936685,-0.05537262906734952
19.6,0.08697081139827403,0.058194801453276664,0.17394162279654807,-0.055839211967367616
19.7,0.096816095000655,0.05832553732120374,0.19363219000131,-0.06050485801939676
19.7,0.08813221416709859,0.05842044203129998,0.17626442833419717,-0.05796037823700506
19.8,0.0979982119113253,0.058554425188317015,0.1959964238226506,-0.06278996824041605
19.8,0.09029877554840508,0.05865622860339408,0.18059755109681017,-0.06461123456558804
19.9,0.10017823928661782,0.0587976663076392,0.20035647857323563,-0.06927969828776104
19.9,0.09241863469486804,0.05890619262219961,0.18483726938973608,-0.06885636021732089
20.0,0.10230416850031375,0.05905483785019308,0.2046083370006275,-0.07338558530962258
20.0,0.1121896413425791,0.05924712210639651,0.2243792826851582,-0.07805019049954653
20.1,0.10385837195048966,0.05940005861984205,0.20771674390097933,-0.07754488974931117
20.1,0.11373890348506047,0.05959673124417797,0.22747780697012093,-0.08197389444004921
20.2,0.10242015289854847,0.059740995531227734,0.20484030579709694,-0.09035529614939541
20.2,0.1122884856904269,0.0599279741469556,0.2245769713808538,-0.09441958446231613
20.3,0.0994792557907016,0.0600577171944689,0.1989585115814032,-0.09790879298338928
20.3,0.086809278315277,0.06013822861486266,0.173618556630554,-0.10116979315736763
20.4,0.09664595856727502,0.060255041424084506,0.19329191713455005,-0.10346422698176228
20.4,0.10646791264937702,0.06041154028319412,0.21293582529875404,-0.10632549375916933
20.5,0.09769556833154547,0.06053071190859379,0.19539113666309094,-0.10130647279031857
20.5,0.0873223680930608,0.060610466241628316,0.1746447361861216,-0.09935740250473524
20.6,0.09709021571061593,0.06072582561231197,0.19418043142123187,-0.1009162997284958
20.6,0.08884084505937463,0.06080980493741495,0.17768169011874926,-0.11362675490194607
20.7,0.09856329740510057,0.06092947661352212,0.19712659481020114,-0.11513474587789418
20.7,0.09058192686413992,0.061018464541257283,0.18116385372827984,-0.11003829088001393
20.8,0.10025179680669379,0.06114326788074483,0.20050359361338757,-0.11131768269098985
20.8,0.09201346247119409,0.06123613752542432,0.18402692494238818,-0.10425185566779163
20.9,0.1016235798113106,0.06136479357249456,0.2032471596226212,-0.10542739735560458
20.9,0.09347218385648165,0.06146162395006604,0.1869443677129633,-0.10023876885220417
21.0,0.10301543413663573,0.06159418015305324,0.20603086827327147,-0.10153464661687295
21.0,0.09420736730997223,0.06169230979882563,0.18841473461994446,-0.09852348121812105
21.1,0.1036767335668244,0.061825824654751685,0.2073534671336488,-0.09998915249398554
21.1,0.11310635474191161,0.06199749975195043,0.22621270948382322,-0.10220529758690722
21.2,0.10370034995494788,0.0621291062589534,0.20740069990989576,-0.0954398694679559
21.2,0.09187526987242331,0.06221599619609219,0.18375053974484662,-0.08861421300147798
21.3,0.10117622995223056,0.062336253769570825,0.20235245990446113,-0.09025162236627238
21.3,0.11043061881498994,0.06249250750455649,0.2208612376299799,-0.09266389199503444
21.4,0.10046592168323887,0.06260835010923187,0.20093184336647774,-0.08471855497478131
21.4,0.0887109822078728,0.06268200766448712,0.1774219644157456,-0.08250462896878784
21.5,0.097761260581164,0.06278657103287769,0.195522521162328,-0.08469907313227676
21.5,0.10671573669551951,0.06292431963847685,0.21343147339103902,-0.0876153859970934
21.6,0.09685609383668499,0.06302419532731121,0.19371218767336998,-0.08317817251268989
21.6,0.08540953968396238,0.06308518625686495,0.17081907936792476,-0.08190589760012257
21.7,0.09406266527613773,0.06317422988480827,0.18812533055227545,-0.08470122379419864
21.7,0.08484261352919625,0.06323269234239456,0.1696852270583925,-0.0847969486075566
21.8,0.0932828113512832,0.06331812999958478,0.1865656227025664,-0.08798220825342629
21.8,0.08505316022067234,0.06337651017424767,0.1701063204413447,-0.09766100750402851
21.9,0.0932717790714527,0.06346099894253789,0.1865435581429054,-0.10094195399994765
21.9,0.08491536967293682,0.06351823552622106,0.16983073934587364,-0.10669348506410081
22.0,0.07634395597547718,0.06355039280099609,0.15268791195095435,-0.09154120453388614
22.0,0.08421568201895246,0.06360497221386273,0.16843136403790493,-0.09437790856659367
22.1,0.09196780677503527,0.06368357814405763,0.18393561355007054,-0.09796065105268004
22.1,0.08302666138976518,0.06373396701462275,0.16605332277953036,-0.09575667015090272
22.2,0.09053552817252007,0.06380714597266794,0.18107105634504014,-0.09953189289203701
22.2,0.08126337329066281,0.06385182412944822,0.16252674658132563,-0.09732947856312243
22.3,0.08852351415665334,0.06391794300642473,0.17704702831330668,-0.10140871178679345
22.3,0.09565716610123598,0.06400671425355754,0.19131433220247196,-0.10599816019151609
22.4,0.08634189688911417,0.06406537220892287,0.17268379377822834,-0.10402722732564065
22.4,0.07493487847340516,0.06409168729848543,0.14986975694681032,-0.10912328709817709
22.5,0.0816857731855398,0.06413623529127144,0.1633715463710796,-0.11331730451924571
22.5,0.08830718755900656,0.06420003820523343,0.17661437511801312,-0.11805247701575053
22.6,0.07902669106573465,0.06423669895881977,0.1580533821314693,-0.12027116401401902
22.6,0.06866170537520527,0.06424682518902541,0.13732341075041055,-0.12074100679088429
22.7,0.0748952247659492,0.06427227454873545,0.1497904495318984,-0.12426162332758103
22.7,0.06720633604578165,0.0642788844119014,0.1344126720915633,-0.117609650768564
22.8,0.07318090563314061,0.06429980066674966,0.14636181126628123,-0.12114806442536974
22.8,0.06634460236040862,0.06430435602100555,0.13268920472081724,-0.12348612548747084
22.9,0.07206198677246903,0.06432235255788682,0.14412397354493806,-0.12649191846480903
22.9,0.06491172801393919,0.06432364528645251,0.12982345602787837,-0.12173265016215787
23.0,0.07037467762211182,0.0643374469597441,0.14074935524422363,-0.12453359679145712
23.0,0.07571146017830514,0.06436435307511754,0.15142292035661029,-0.12816520190567782
23.1,0.06827431358405707,0.06437309157145803,0.13654862716811414,-0.11873175675164593
23.1,0.07336299533473956,0.06439390560448889,0.1467259906694791,-0.12265608568167277
23.2,0.06383004290179695,0.0643926930790733,0.1276600858035939,-0.11751904379215894
23.2,0.06867639996341116,0.06440223158190991,0.1373527999268223,-0.1217228981440115
23.3,0.05862522246608784,0.06439036402724456,0.11725044493217568,-0.12119872348190072
23.3,0.06323601698248267,0.0643879090451079,0.12647203396496534,-0.1256115022209019
23.4,0.05429649972730524,0.06436799032287946,0.10859299945461048,-0.1368891018340006
23.4,0.04607888545080119,0.06433445417030016,0.09215777090160238,-0.15270580208919357
23.5,0.05035135153668087,0.06430787407822776,0.10070270307336174,-0.15554324613705361
23.5,0.04444804943387858,0.06427213387449011,0.08889609886775716,-0.14647245275571819
23.6,0.04850516174775573,0.06424275767459586,0.09701032349551146,-0.14938868250296133
23.6,0.05245770682411482,0.06422007550721942,0.10491541364822964,-0.15327304593276625
23.7,0.04734742904629098,0.06418908249503924,0.09469485809258196,-0.13225720067102986
23.7,0.051098372805399576,0.06416427632791741,0.10219674561079915,-0.1364335185558159
23.8,0.044951025698611806,0.06412987414171355,0.08990205139722361,-0.12411716040684784
23.8,0.03840532750448921,0.06408665563586699,0.07681065500897842,-0.12102878006974072
23.9,0.04187233208708645,0.06404814458065937,0.0837446641741729,-0.12491044002757135
23.9,0.045249210121435804,0.06401457914769093,0.09049842024287161,-0.1296115545740253
24.0,0.04040819122787178,0.06397437075050695,0.08081638245574356,-0.12003213335097149
24.0,0.03547688537930326,0.06392820751121406,0.07095377075860652,-0.11822454043851027
24.1,0.03859927429607313,0.06388596661780754,0.07719854859214625,-0.12234543641225915
24.1,0.0343199004669898,0.06383880281519258,0.0686398009339796,-0.11829036265831092
24.2,0.03728451279076772,0.06379524437458646,0.07456902558153544,-0.1227210148370177
24.2,0.03325732052836192,0.06374723275947523,0.06651464105672383,-0.11026701797702376
24.3,0.036073565503059776,0.06370254311098922,0.07214713100611955,-0.1152359827073024
24.3,0.03211907249977952,0.06365364782282287,0.06423814499955904,-0.1034520912294439
24.4,0.03479612118937296,0.06360780746909955,0.06959224237874592,-0.10899149527696947
24.4,0.03093016160884838,0.06355802610811553,0.06186032321769676,-0.09930910683990657
24.5,0.033476858768025704,0.06351105034455594,0.06695371753605141,-0.10541723483708187
24.5,0.029719721604641588,0.06346041400059296,0.059439443209283176,-0.09762680338413143
24.6,0.032144547444836656,0.06341235276170518,0.06428909488967331,-0.1042666936936889
24.6,0.028510764322783495,0.06336091558227609,0.05702152864556699,-0.09786807546191478
24.7,0.030821805057053935,0.06331184211273103,0.06164361011410787,-0.10497767571018035
24.7,0.027653148846040573,0.06325996500260853,0.05530629769208115,-0.10631935454324237
24.8,0.02985810237475155,0.06321028162931322,0.0597162047495031,-0.1136518097395327
24.8,0.026825513495805312,0.0631580161419997,0.053651026991610624,-0.11693832491570877
24.9,0.028931593315799618,0.06310778997944126,0.057863186631599235,-0.12451120822670167
24.9,0.025589132010488475,0.06305482414453652,0.05117826402097695,-0.1265375394177104
25.0,0.027603228216884178,0.06300373021468449,0.055206456433768356,-0.13415856399398818
25.0,0.02439928270819756,0.06295015274736168,0.04879856541639512,-0.13661175652447222
25.1,0.02632780786985442,0.062898296054484,0.05265561573970884,-0.14414391979091157
25.1,0.02328216870382851,0.06284420878884985,0.04656433740765702,-0.14575246801750597
25.2,0.025131114198527243,0.06279170734534455,0.050262228397054486,-0.1530790295974347
25.2,0.022236183136590808,0.06273720224656669,0.044472366273181616,-0.15252292221634622
25.3,0.024011133101455195,0.0626841624724249,0.04802226620291039,-0.1595699638350152
25.3,0.02125788762055534,0.06262932124914566,0.04251577524111068,-0.1588551772042055
25.4,0.022964044688715397,0.0625758376766471,0.04592808937743079,-0.1655754446460489
25.4,0.024637363164485424,0.06252377309064697,0.04927472632897085,-0.17266815194273022
25.5,0.02198591270160093,0.062469926103811926,0.04397182540320186,-0.17024619840957111
25.5,0.019033787642444455,0.06241434198848946,0.03806757528488891,-0.16209175171920842
25.6,0.020616564232328705,0.06235991089085828,0.04123312846465741,-0.16820252798785784
25.6,0.0221709729554276,0.062306687582303885,0.0443419459108552,-0.17481492485830863
25.7,0.019376898805805724,0.062251809007220944,0.03875379761161145,-0.17285751574216723
25.7,0.017132488477129542,0.06219581424162566,0.034264976954259084,-0.17685291684292806
25.8,0.01860868286327962,0.0621408110976624,0.03721736572655924,-0.18246737700566795
25.8,0.016559817840051453,0.06208484809914267,0.033119635680102906,-0.16962617638299315
25.9,0.017988319645087986,0.062029820856161655,0.03597663929017597,-0.17493673383698694
25.9,0.01605917688895548,0.06197393449424004,0.03211835377791096,-0.15398489596245968
26.0,0.01744336390290338,0.061918934872832336,0.03488672780580676,-0.15917690320387345
26.0,0.015574131309132492,0.06186313890788706,0.031148262618264984,-0.13927414033752195
26.1,0.016917147259852952,0.06180818459413186,0.033834294519705904,-0.14462589302866924
26.1,0.015105603918786752,0.06175249240351583,0.030211207837573504,-0.12962463694180038
26.2,0.016410393228369787,0.0616976003981299,0.032820786456739574,-0.1353187609801045
26.2,0.014656025283054649,0.06164202563693346,0.029312050566109298,-0.12234176742189362
26.3,0.0159253466573232,0.061587213001360094,0.0318506933146464,-0.12848177340511047
26.3,0.014227307112660875,0.06153176926879242,0.02845461422532175,-0.11737249215593648
26.4,0.012599537266736236,0.06147581229937356,0.025199074533472473,-0.10792716388901893
26.4,0.013820581845753728,0.061420513980359484,0.027641163691507455,-0.114444057739159
26.5,0.015026567701766497,0.061365911018681336,0.030053135403532993,-0.12159824020181409
26.5,0.013436378612056212,0.06131076931265355,0.026872757224112424,-0.11323383057502356
26.6,0.01461419463299353,0.061256293800942836,0.02922838926598706,-0.12088821946068062
26.6,0.013074784927533237,0.06120132029866776,0.026149569855066473,-0.11340695847688753
26.7,0.014226582977511724,0.06114698635554847,0.028453165955023448,-0.12152788926838731
26.7,0.012735573223148845,0.0610921917235615,0.02547114644629769,-0.1146405653417144
26.8,0.013863384551963672,0.061038012339966516,0.027726769103927344,-0.12318288024666477
26.8,0.012418301190310597,0.060983406304867684,0.024836602380621194,-0.11686917288892132
26.9,0.013524047296621693,0.06092939334226289,0.027048094593243387,-0.1257804497758892
26.9,0.014619283479171085,0.060876004086749334,0.02923856695834217,-0.13499308628357642
27.0,0.013207900895832616,0.06082216732630008,0.026415801791665233,-0.12847287643152192
27.0,0.01153052985708111,0.06076785026191553,0.02306105971416222,-0.13033883255023904
27.1,0.012597635750902333,0.060714077612041034,0.025195271501804666,-0.13925381360007938
27.1,0.011347242226442733,0.06066000065208498,0.022694484452885466,-0.1518071577534199
27.2,0.012397440580894939,0.06060645375579105,0.024794881161789878,-0.16121066717007082
27.2,0.013439625731175188,0.06055346534855408,0.026879251462350377,-0.17093095292826901
27.3,0.01220033863246603,0.060500143398323235,0.02440067726493206,-0.1716827502653131
27.3,0.010628639349557703,0.06044642641142808,0.021257278699115405,-0.17708169192438425
27.4,0.011649960143441537,0.06039320269934435,0.023299920286883075,-0.18554279248733654
27.4,0.01040610072243089,0.06033971170130358,0.02081220144486178,-0.18441761292013936
27.5,0.01141515679209328,0.0602867010061761,0.02283031358418656,-0.19247847074185653
27.5,0.010331586652472165,0.060233481030509184,0.02066317330494433,-0.1887615913249508
27.6,0.011329761020483308,0.060180733449490646,0.022659522040966617,-0.19647844097174172
27.6,0.01025803012349651,0.06012778242448198,0.02051606024699302,-0.1919274227475043
27.7,0.011246676691542461,0.06007529646649924,0.022493353383084922,-0.19937474971246383
27.7,0.012230873262579574,0.06002330177852254,0.02446174652515915,-0.207649512826388
27.8,0.01116124751255932,0.059971073755335697,0.02232249502511864,-0.20150808741915416
27.8,0.012137716845516948,0.059919329771974984,0.024275433691033896,-0.2096632601445969
27.9,0.010837973811029026,0.05986727933731981,0.021675947622058052,-0.21410142089733425
27.9,0.009381414226400354,0.05981492922796057,0.01876282845280071,-0.19805967060354446
28.0,0.010347293358210814,0.0597630060057958,0.020694586716421628,-0.20270123318091304
28.0,0.009356083627456303,0.05971093128040942,0.018712167254912607,-0.17236300757823253
28.1,0.010314870568044148,0.05965927875179073,0.020629741136088297,-0.17893183329232845
28.1,0.009401778704813771,0.05960749681239894,0.018803557409627542,-0.17344135407753525
28.2,0.010353834653725942,0.05955613451168031,0.020707669307451885,-0.1805980768983928
28.2,0.011302481723744633,0.05950521632227288,0.022604963447489267,-0.1888516448648545
28.3,0.01037452519487493,0.05945413558864649,0.02074905038974986,-0.18434899407529182
28.3,0.009364282496727409,0.0594028951149864,0.018728564993454818,-0.23650382871205
28.4,0.010304104284880081,0.05935206602147485,0.020608208569760162,-0.23976304988545488
28.4,0.0093621237500827,0.059301097573714885,0.0187242475001654,-0.23642515844287626
28.5,0.010296183806666945,0.05925053698849778,0.02059236761333389,-0.23961921322556945
28.5,0.009804298342369202,0.059199964351948235,0.019608596684738404,-0.22218415500107724
28.6,0.010732832399118849,0.05914980814538859,0.021465664798237697,-0.22693192838334886
28.6,0.010205010818179962,0.05909962150852785,0.020410021636359924,-0.2134337712388179
28.7,0.011128350814221831,0.059049858696412175,0.022256701628443662,-0.21913403904680306
28.7,0.010788098488719068,0.059000117424187176,0.021576196977438136,-0.2260510202078736
28.8,0.011706627831757067,0.05895081219366225,0.023413255663514133,-0.23182232541411185
28.8,0.011055656381095541,0.05890141873138317,0.022111312762191082,-0.23299382663178436
28.9,0.011969703631432778,0.05885246512599009,0.023939407262865555,-0.23910910515270745
28.9,0.01288145408645444,0.05880397368644293,0.02576290817290888,-0.24647892542746908
29.0,0.011681029787488254,0.05875517657240384,0.02336205957497651,-0.2405663948933361
29.0,0.01258889103823877,0.05870683092421075,0.02517778207647754,-0.24794219802774276
29.1,0.011010180272724386,0.05865806546800429,0.022020360545448772,-0.24038469712307853
29.1,0.009389681491695525,0.058608942653906745,0.01877936298339105,-0.2193005402244524
29.2,0.010292664957749716,0.05856020765188408,0.020585329915499433,-0.22473133209589768
29.2,0.00916647538701925,0.05851127850191225,0.0183329507740385,-0.19893181783496416
29.3,0.010066417348360836,0.05846272893391696,0.020132834696721672,-0.20503585183799045
29.3,0.010964808898694733,0.05841458090276207,0.021929617797389465,-0.21268376654287469
29.4,0.010007084984435049,0.05836626428269703,0.020014169968870097,-0.1882452807421111
29.4,0.010902937729067254,0.05831834531492974,0.02180587545813451,-0.19676914209734786
29.5,0.009697847419585737,0.0582701881861251,0.019395694839171473,-0.17337178493209882
29.5,0.010591582402526084,0.058222418613363414,0.021183164805052168,-0.18257055831264776
29.6,0.009322395206952556,0.05817440410686113,0.018644790413905113,-0.1625176873994438
29.6,0.008084110244874728,0.05812619916102145,0.016168220489749457,-0.14748061567614767
29.7,0.008975559029434957,0.0580783377717978,0.017951118058869914,-0.15732262699040067
29.7,0.008258738839338852,0.05803041905985553,0.016517477678677703,-0.14416904409187925
29.8,0.007507973261922085,0.05798245046291761,0.01501594652384417,-0.13511748863507123
29.8,0.008397831543917725,0.057934808273550104,0.01679566308783545,-0.1464669370018732
29.9,0.00928715551055489,0.057887514225784364,0.01857431102110978,-0.1586930722755051
29.9,0.008506029738609193,0.05784013895969619,0.017012059477218386,-0.15110449909439838
30.0,0.00939491259911666,0.05779311305388716,0.01878982519823332,-0.1640348526070143
30.0,0.008590672062180086,0.05774599705615461,0.017181344124360173,-0.1564038855078209
30.1,0.009479524542861315,0.0576992311577173,0.01895904908572263,-0.16985818806795994
30.1,0.010368288079473088,0.05765283700967339,0.020736576158946175,-0.18374652442617068
30.2,0.009546810840965413,0.05760632407795775,0.019093621681930826,-0.17571455182787998
30.2,0.008453038904609638,0.05755964461754537,0.016906077809219277,-0.16857830488405767
30.3,0.009343169962804394,0.05751330940004369,0.018686339925608787,-0.18228727288653745
30.3,0.010233605991227985,0.057467340206229754,0.02046721198245597,-0.19639020206398916
30.4,0.009431234557047936,0.05742125951028417,0.01886246911409587,-0.19109612408109244
30.4,0.008366821285622439,0.05737502203378056,0.016733642571244878,-0.1815420334865654
30.5,0.00925989966045434,0.05732912474044454,0.01851979932090868,-0.19459500666594964
30.5,0.00839472025502611,0.057283122773010856,0.01678944051005222,-0.18461297105067187
30.6,0.009289802625731152,0.057237460905080015,0.018579605251462305,-0.19762104998296026
30.6,0.00851314140598434,0.057191714462477165,0.01702628281196868,-0.18383087383682417
30.7,0.00941060170179903,0.057146310429353864,0.01882120340359806,-0.19674495593062785
30.7,0.008617434843292152,0.05710081443967662,0.017234869686584303,-0.1828812439373255
30.8,0.009517654286163009,0.05705566293239944,0.019035308572326017,-0.19572480749139354
30.8,0.008706041338115773,0.057010411854357894,0.017412082676231545,-0.1820101777827312
30.9,0.009609399244953978,0.05696550705605688,0.019218798489907957,-0.19479520834381603
30.9,0.008782842937135845,0.05692049624481021,0.01756568587427169,-0.18110583874208652
31.0,0.00968971416393667,0.05687583333243748,0.01937942832787334,-0.19384136149802256
31.0,0.008850682202809648,0.05683105881951012,0.017701364405619296,-0.18018428106323325
31.1,0.009761437663175178,0.05678663371745144,0.019522875326350355,-0.19287051257751103
31.1,0.010674026129808514,0.05674258104625624,0.02134805225961703,-0.2060131098435168
31.2,0.009828149032710152,0.05669839025278795,0.019656298065420304,-0.1920168732315009
31.2,0.00877473347385438,0.056654029630978237,0.01754946694770876,-0.18036213904503104
31.3,0.009694446363446643,0.056610016415602156,0.019388892726893286,-0.19244738569668735
31.3,0.008910098883253767,0.05656590368780553,0.017820197766507534,-0.1732674817783435
31.4,0.009834695409794232,0.056522141928963064,0.019669390819588465,-0.18581307783713807
31.4,0.010761667515414155,0.056478754935506796,0.02152333503082831,-0.19876816280656184
31.5,0.009903209371603928,0.0564352228275402,0.019806418743207856,-0.18372381046887298
31.5,0.009838382627017054,0.0563917774601347,0.01967676525403411,-0.18287537190807335
31.6,0.010773778499040924,0.05634870758757571,0.02154755699808185,-0.1953901740973656
31.6,0.011711876264323923,0.05630603760556154,0.023423752528647847,-0.2082400009104064
31.7,0.011115068492691154,0.05626327897490125,0.022230136985382308,-0.2010883158873491
31.7,0.009869651994896636,0.0562202562531304,0.01973930398979327,-0.18550771995741488
31.8,0.010817406627914585,0.05617761105067861,0.02163481325582917,-0.19760592923030895
31.8,0.009972469065944007,0.0561348216963135,0.019944938131888013,-0.18625476574390065
31.9,0.010926848253971819,0.056092413313887195,0.021853696507943637,-0.19828311001879984
31.9,0.009900049801070778,0.05604980692827386,0.019800099602141557,-0.19899857987079184
32.0,0.010861457279196908,0.05600758049836942,0.021722914558393817,-0.2105349027565811
32.0,0.009831820935530257,0.05596515688535701,0.019663641871060514,-0.21016132656627873
32.1,0.00883642755962557,0.05592257441449393,0.01767285511925114,-0.20894752239827952
32.1,0.009809214869217117,0.055880345098664755,0.019618429738434234,-0.21816062355713228
32.2,0.01078562785668833,0.05583849538437195,0.02157125571337666,-0.22814129837964758
32.2,0.011765717454654037,0.05579705194289307,0.023531434909308074,-0.23868861419892973
32.3,0.01079334097220251,0.05575540136191033,0.02158668194440502,-0.2325694299997978
32.3,0.01178151709896264,0.05571415864519394,0.02356303419792528,-0.24231992164468386
32.4,0.01050646911879052,0.05567261853099733,0.02101293823758104,-0.23927728792529734
32.4,0.011646286418782523,0.05563152597019712,0.023292572837565046,-0.24900471275312164
32.5,0.010547838018871308,0.05559019194226719,0.021095676037742615,-0.23736368040762956
32.5,0.011698862358456756,0.055549309073541206,0.023397724716913513,-0.24669811259096575
32.6,0.01055108839026894,0.055508168473796284,0.02110217678053788,-0.24048369496630567
32.6,0.009384707295268007,0.055466802212023894,0.018769414590536014,-0.23719208792688118
32.7,0.0105535850921445,0.055425853875358304,0.021107170184289,-0.24240251937368962
32.7,0.009745179001470292,0.055384774110307754,0.019490358002940585,-0.23275273591692303
32.8,0.01092616484490709,0.05534412614941295,0.02185232968981418,-0.23767223012108607
32.8,0.012113185527549808,0.0553039492876394,0.024226371055099616,-0.2442739423576219
32.9,0.009186842131152517,0.05526300728910402,0.018373684262305033,-0.21897937336672113
32.9,0.010537640010875872,0.05522252614567422,0.021075280021751745,-0.2210021546997103
33.0,0.011896497158062815,0.05518255744514696,0.02379299431612563,-0.22589734109740434
33.0,0.01326345526677053,0.05514315352270397,0.02652691053354106,-0.23277129543122183
33.1,0.012462200050865785,0.05510355781601796,0.02492440010173157,-0.21838303961334482
33.1,0.011334665321345113,0.055063685350116666,0.022669330642690225,-0.2127526547040488
33.2,0.012727293015844403,0.05502436367186611,0.025454586031688806,-0.21772695154424104
33.2,0.011847877607230075,0.05498483646860445,0.02369575521446015,-0.19966515176190747
33.3,0.013415592725681472,0.05494594180654336,0.026831185451362944,-0.2065239627619433
33.3,0.014994083629394873,0.054907749676123614,0.029988167258789746,-0.21508507618404193
33.4,0.014245056122062004,0.054869346390954504,0.028490112244124007,-0.20456646167093817
33.4,0.012977782582970127,0.054830560361164966,0.025955565165940254,-0.2005776804101349
33.5,0.014590348466913419,0.05479246933826151,0.029180696933826838,-0.20753155599319623
33.5,0.016214199760518612,0.05475514740365333,0.032428399521037224,-0.21591732881746184
33.6,0.01516270898583477,0.05471746207005081,0.03032541797166954,-0.20631805823976546
33.6,0.013926187040177845,0.054679373592824335,0.02785237408035569,-0.20391799729773696
33.7,0.01575389935372696,0.05464210944418333,0.03150779870745392,-0.21141922960120274
33.7,0.0175958532865667,0.05460576509286479,0.0351917065731334,-0.22040122866477763
33.8,0.01656339861373434,0.05456902559242198,0.03312679722746868,-0.2178500362824627
33.8,0.018434806512907284,0.054533258487204264,0.03686961302581457,-0.22670497272985557
33.9,0.017175335903772605,0.05449696586456645,0.03435067180754521,-0.2183147934247791
33.9,0.01925226702026935,0.05446178070549385,0.0385045340405387,-0.2275292354216898
34.0,0.017750842931901382,0.05442592485884116,0.035501685863802764,-0.2154348598680258
34.0,0.016168400602713674,0.054389425303095214,0.03233680120542735,-0.19297951290292792
34.1,0.018300475124013733,0.05435400125433257,0.03660095024802747,-0.19964827676657437
34.1,0.017254843055603358,0.054318156297980855,0.034509686111206715,-0.19122869559216005
34.2,0.019607678281628634,0.054283562405701855,0.03921535656325727,-0.1988673337868323
34.2,0.021982212421567882,0.05425037840940926,0.043964424843135765,-0.20795633537918734
34.3,0.0209884030736251,0.05421669614412668,0.0419768061472502,-0.1989876660252725
34.3,0.019510920100364485,0.05418228630586108,0.03902184020072897,-0.18879090749739502
34.4,0.022143692083024087,0.054149428884609094,0.044287384166048174,-0.19749707639763736
34.4,0.020788499107529185,0.05411586578001268,0.04157699821505837,-0.19123022324320432
34.5,0.023473875926391392,0.05408397424451161,0.046947751852782785,-0.19980808082348034
34.5,0.02234557219936899,0.05405146332844261,0.04469114439873798,-0.1839761515226175
34.6,0.025283091438587577,0.0540209011031763,0.05056618287717515,-0.19310159434841268
34.6,0.02413002663902342,0.053989647471312616,0.04826005327804684,-0.19881244926390584
34.7,0.022621009572676206,0.0539575226772928,0.04524201914535241,-0.19453243326495828
34.7,0.02585506122324089,0.05392756591736991,0.05171012244648178,-0.2022421285099556
34.8,0.029124112002540014,0.053900077758461507,0.05824822400508003,-0.21133176732465353
34.8,0.027359758048656525,0.05387132567551962,0.05471951609731305,-0.2128425831195817
34.9,0.030910468309540726,0.053845397330805615,0.06182093661908145,-0.22163065594967174
34.9,0.03450103305149367,0.05382265676941196,0.06900206610298734,-0.23145316274933725
35.0,0.03274598165139436,0.053798402497055905,0.06549196330278872,-0.221140266694142
35.0,0.030071920844269413,0.053771975310786604,0.06014384168853883,-0.19808138430712363
35.1,0.03400518919825825,0.05374895524405598,0.0680103783965165,-0.20543363353459604
35.1,0.03218010874031274,0.053724389545207335,0.06436021748062548,-0.1959128691746277
35.2,0.036204755492465414,0.05370352768580753,0.07240951098493083,-0.2032197852692006
35.2,0.03529948301569217,0.05368186061884907,0.07059896603138434,-0.1931959793072413
35.3,0.03964864330916492,0.05366455431998094,0.07929728661832984,-0.20079581820058978
35.3,0.03793474079564443,0.05364553607471009,0.07586948159128885,-0.19238376974458044
35.4,0.04238610969268105,0.053631279823187696,0.0847722193853621,-0.19925108395235558
35.4,0.04712660159810225,0.05362264887761545,0.0942532031962045,-0.20748599808692747
35.5,0.04485907554092763,0.05361129724448934,0.08971815108185525,-0.20498788989781103
35.5,0.04971263921015632,0.053606005573178475,0.09942527842031264,-0.2124746003806881
35.6,0.04688756220831541,0.05359714769373932,0.09377512441663081,-0.21663242683162265
35.6,0.04300316943418663,0.05358373733804919,0.08600633886837326,-0.202802945969895
35.7,0.048285213510660424,0.053576672977974873,0.09657042702132085,-0.20719875711203795
35.7,0.05362846432827032,0.05357674554989079,0.10725692865654064,-0.21286570034243235
35.8,0.050346657676198066,0.05357236394623908,0.10069331535239613,-0.19940401747730485
35.8,0.04598907699407719,0.05356252146191495,0.09197815398815438,-0.18848619682119988
35.9,0.05178783257371435,0.05356008725252436,0.1035756651474287,-0.19133676513419262
35.9,0.04806374849621971,0.053552824473920395,0.09612749699243942,-0.17833497841591006
36.0,0.054266968313113687,0.05355382433316237,0.10853393662622737,-0.18108315634034433
36.0,0.05120982210398815,0.05355063992625745,0.1024196442079763,-0.1632509345972233
36.1,0.057556793324386804,0.053556403838928394,0.11511358664877361,-0.1661495715926371
36.1,0.0639746817553866,0.05357223474975597,0.1279493635107732,-0.17031036904149
36.2,0.06096691673191873,0.05358316729027051,0.12193383346383746,-0.1629140242078204
36.2,0.0678161312288912,0.05360543237554629,0.1356322624577824,-0.1671277621167837
36.3,0.06270653965207328,0.05361904954022225,0.12541307930414655,-0.15014970694056906
36.3,0.05688131091343671,0.05362367950802355,0.11376262182687343,-0.1541943729446933
36.4,0.05279534981664573,0.053622548915567655,0.10559069963329146,-0.11778980134997985
36.4,0.06024831458773743,0.05363221166525697,0.12049662917547486,-0.11860535683164652
36.5,0.0677807289694049,0.053654175277101535,0.1355614579388098,-0.12099474482505679
36.5,0.07539168538576886,0.053689972772489346,0.15078337077153772,-0.12446069144325198
36.6,0.07122872939448409,0.05371787718381404,0.14245745878896818,-0.11144161161387967
36.6,0.06561565800159767,0.053735927947900976,0.13123131600319535,-0.0966209667051734
36.7,0.07377699976245204,0.053768357832907204,0.14755399952490408,-0.09961040047579361
36.7,0.0688621845952399,0.05379180284754056,0.1377243691904798,-0.0925872115554278
36.8,0.07718537587865797,0.053830537745700756,0.15437075175731593,-0.09604463022209009
36.8,0.07197277900365123,0.05385933362580396,0.14394555800730247,-0.08442010490392038
36.9,0.08045369488210595,0.05390430829292856,0.1609073897642119,-0.08797253453468691
36.9,0.08934255445718126,0.05396807451773769,0.1786851089143625,-0.09220228491934623
37.0,0.0847914140317974,0.05402166842675215,0.1695828280635948,-0.05966095855099507
37.0,0.07702910304060573,0.054059367142996986,0.15405820608121146,-0.038584182242490606
37.1,0.08616019371770277,0.054115521072822394,0.17232038743540554,-0.0431974712558878
37.1,0.09536911690226611,0.05419225630729403,0.19073823380453223,-0.0480141038402504
37.2,0.08938170776053513,0.05425495824653208,0.17876341552107025,-0.03285453541514549
37.2,0.09874239045953094,0.05433920280029716,0.19748478091906188,-0.03825956085551007
37.3,0.08990481359229784,0.054402527853700144,0.17980962718459567,-0.03482675485411768
37.3,0.08052900983770041,0.05444594219814632,0.16105801967540082,-0.02722931943916551
37.4,0.07360932341373146,0.05447610232708433,0.1472186468274629,-0.02821664434582915
37.4,0.0836217107069867,0.05452546805820151,0.1672434214139734,-0.03451203030168504
37.5,0.07810766412794595,0.05456374812021847,0.1562153282558919,-0.04065332926382448
37.5,0.08826462285914635,0.05462252768146764,0.1765292457182927,-0.046437573700583094
37.6,0.09849111321073396,0.054704336606554944,0.19698222642146793,-0.05190453028800768
37.6,0.09154079527267364,0.05476977460721824,0.18308159054534728,-0.04567105675053851
37.7,0.10190163175406598,0.0548592253324462,0.20380326350813197,-0.05057799494969917
37.7,0.09424360151168351,0.05493016320114096,0.18848720302336702,-0.05336217492873897
37.8,0.10510773860312833,0.05502689348523187,0.21021547720625666,-0.057839752624083474
37.8,0.09750429738178615,0.05510471198628819,0.1950085947635723,-0.05695522278634613
37.9,0.10849697479129135,0.05520931386632884,0.2169939495825827,-0.060743411160963934
37.9,0.11955060312111215,0.05534349535328743,0.2391012062422243,-0.06443532282862963
38.0,0.11132032967862564,0.05545443231450137,0.22264065935725127,-0.06368930164537412
38.0,0.12249010452441268,0.055595769904508305,0.24498020904882536,-0.06676840246792981
38.1,0.11136419233141309,0.05570569962962104,0.22272838466282618,-0.06500442029309905
38.1,0.12264170529374183,0.05584614094079389,0.24528341058748365,-0.06732341280720357
38.2,0.10975955150530607,0.055950809819269386,0.21951910301061214,-0.04314464894428837
38.2,0.09661530166087949,0.056023330576668855,0.19323060332175898,-0.03635127961162965
38.3,0.10803814469710542,0.05612279961887579,0.21607628939421084,-0.03773772640019235
38.3,0.10033679736938625,0.056203199042240866,0.2006735947387725,-0.0026407190819166537
38.4,0.11184534388112859,0.05631155025903322,0.22369068776225717,-0.004493616570357961
38.4,0.10415159418399599,0.05640023243266891,0.20830318836799197,0.000561308031049812
38.5,0.11613877158822147,0.056518931659632024,0.23227754317644295,-0.0016002877780105784
38.5,0.10806825054494565,0.05661632522146229,0.2161365010898913,0.0041422037894434105
38.6,0.12012767700264865,0.05674475853110053,0.2402553540052973,0.0017064811188527433
38.6,0.11118467275496448,0.05684900766374455,0.22236934550992896,0.0023440087438908463
38.7,0.12330637782450338,0.05698507021592582,0.24661275564900675,-0.00022301327021212458
38.7,0.11349220877446106,0.057094169585631946,0.22698441754892212,-0.0018363522990960668
38.8,0.12566619013479072,0.05723560816613083,0.25133238026958143,-0.004291220224641457
38.8,0.1378625073575489,0.057412417314149304,0.2757250147150978,-0.006488846294607331
38.9,0.10151894909151009,0.057490933431278604,0.22572501471509782,0.004767327901101126
38.9,0.11375233116400395,0.057598532582134335,0.2275046623280079,0.0022755701020638064
39.0,0.12600041573790788,0.05773830862360527,0.25200083147581576,0.00014174149080181664
39.0,0.11443848748234817,0.05784659238741627,0.22887697496469633,0.0048956354027391855
39.1,0.12670825550190307,0.057987073238976644,0.25341651100380613,0.002861129558460185
39.1,0.11720095228046462,0.058101343255397744,0.23440190456092924,0.005838599535791023
39.2,0.1294820676482156,0.05824831995365212,0.2589641352964312,0.0037017812869342137
39.2,0.11924181714067565,0.05836672960333068,0.2384836342813513,0.016456776287629538
39.3,0.10867883623636974,0.058458373094621596,0.2173576724727395,0.028491676383280325
39.3,0.1209577530013176,0.058580267947419176,0.2419155060026352,0.026203866524978636
39.4,0.13323086386106772,0.05873535534277214,0.26646172772213544,0.024385264500577986
39.4,0.12189287241972638,0.0588584672171708,0.24378574483945276,0.020290606421234262
39.5,0.1341465138689553,0.059014710929953286,0.2682930277379106,0.018435662140365405
39.5,0.12240402901641471,0.05913791576560252,0.24480805803282943,0.015917197404717864
39.6,0.13462800087220286,0.05929405852480645,0.2692560017444057,0.0142063351669055
39.6,0.12237652238862541,0.059415952075257725,0.24475304477725082,0.00929369436962979
39.7,0.13456066729657984,0.05957043389196125,0.2691213345931597,0.007986851878808654
39.7,0.12224402692961615,0.05969076927003606,0.2444880538592323,0.004680350944618716
39.8,0.13437817125123583,0.0598432955123249,0.26875634250247166,0.003874983301840551
39.8,0.12202756885983973,0.05996188741046918,0.24405513771967946,0.0021018744584555553
39.9,0.13410157831491012,0.060112231660719107,0.26820315662982025,0.0018464728896896432
39.9,0.12172508906198555,0.06022889580682223,0.2434501781239711,0.0014158817661980019
40.0,0.13372889561567253,0.060376833842692476,0.26745779123134505,0.0017176880315705745
40.0,0.12133366581690784,0.060491385216100986,0.24266733163381568,0.0022249195489014717
40.1,0.13325729272484818,0.06063669315890015,0.26651458544969636,0.003063710753957505
40.1,0.12085126482158531,0.06074894868463705,0.24170252964317063,0.004167571461920705
40.2,0.13268484643611314,0.06089140601368058,0.2653696928722263,0.005507524483199244
40.2,0.12026001908881252,0.061001146135840977,0.24052003817762505,0.007108933880673794
40.3,0.13194034456412182,0.06114035048014578,0.26388068912824364,0.008899281903534728
40.3,0.1194478766074074,0.06124709415275659,0.2388957532148148,0.011048396144109683
40.4,0.13094047768912667,0.06138244102764764,0.26188095537825334,0.01322826242276065
40.4,0.11840638222984823,0.06148570985297587,0.23681276445969646,0.015594877420011422
40.5,0.12969925609111346,0.06161666103623838,0.2593985121822269,0.01810755977637557
40.5,0.14088778067861804,0.061777270349670614,0.2817755613572361,0.020681884450412632
40.6,0.1282385600131418,0.0619031735179059,0.2564771200262836,0.023330202182183957
40.6,0.11195707479604163,0.061989677470526576,0.22391414959208325,0.02526208410855002
40.7,0.12281563911060749,0.06210110009745985,0.24563127822121497,0.02832333058549441
40.7,0.13355847472934965,0.062239237636270164,0.2671169494586993,0.03143598494267952
40.8,0.12093039873258678,0.062345115476651135,0.24186079746517355,0.050157349909777604
40.8,0.10593442458275217,0.06241716611530395,0.21186884916550433,0.06852387200196962
40.9,0.11631479983316981,0.06251154777398873,0.23262959966633961,0.07124424354669978
40.9,0.1265688801880585,0.06262986856272316,0.253137760376117,0.07416056048206698
41.0,0.11415563286678021,0.06271859808837078,0.22831126573356042,0.07391838720691091
41.0,0.09985867308414247,0.06277727392802228,0.19971734616828493,0.06803786890451669
41.1,0.10972024272133045,0.06285578055588428,0.2194404854426609,0.07017881527721759
41.1,0.09816930162484046,0.06291078496877202,0.19633860324968092,0.06354406643602717
41.2,0.10775753554200086,0.06298465598225673,0.21551507108400172,0.06571908826514994
41.2,0.09772552905876328,0.06303842187184196,0.19545105811752655,0.05930291274421862
41.3,0.10703205253992334,0.06311031408875888,0.2140641050798467,0.061751538834014394
41.3,0.11619465650798202,0.06320154344320156,0.23238931301596405,0.06460946652171007
41.4,0.10581585876159871,0.06327040664521862,0.21163171752319743,0.057471197009709485
41.4,0.09274704140069479,0.06331428391023032,0.18549408280138957,0.054386153181548824
41.5,0.10146843757349906,0.06337414739667342,0.20293687514699812,0.057694917127941725
41.5,0.09069413038048756,0.06341414522449342,0.1813882607609751,0.07094384342234283
41.6,0.09911412133409102,0.06346917418047557,0.19822824266818204,0.07446222801555491
41.6,0.10738135139760945,0.06354017155428314,0.2147627027952189,0.07832638635354751
41.7,0.09726203931194377,0.06359137572093931,0.19452407862388754,0.07823857445331894
41.7,0.10522150778857907,0.06365759631059255,0.21044301557715814,0.08229805772067421
41.8,0.09297984215455217,0.06370078587201164,0.18595968430910434,0.0948345027084252
41.8,0.08015356311793233,0.06372300389536315,0.16030712623586466,0.10066398782388042
41.9,0.08764758203875475,0.06375694441162842,0.1752951640775095,0.10378572496300811
41.9,0.07795093704297322,0.06377576499044907,0.15590187408594644,0.0908979185681358
42.0,0.08513304084440249,0.0638054760031412,0.17026608168880497,0.09409913572571682
42.0,0.07646901089688014,0.06382204552661398,0.1529380217937603,0.0910486152109975
42.1,0.0833398206128307,0.06384879639455256,0.1666796412256614,0.09455980569631084
42.1,0.07469692681235146,0.06386277312816863,0.14939385362470292,0.09240153237145021
42.2,0.08125858194020681,0.06388621492554056,0.16251716388041362,0.09623251942873257
42.2,0.07264845703269562,0.0638973077182442,0.14529691406539125,0.09452343150014642
42.3,0.0789045483424744,0.0639171502921475,0.1578090966849488,0.09866447788271282
42.3,0.07038764138456274,0.06392518525164713,0.1407752827691255,0.09733514339007335
42.4,0.07634318139916281,0.06394126840600277,0.15268636279832562,0.10176462811477993
42.4,0.0821503633360051,0.06396579421389469,0.1643007266720102,0.10663693430253263
42.5,0.07414732441489925,0.0639787397058409,0.1482946488297985,0.12083064308929803
42.5,0.06373405397395542,0.06397845239009763,0.12746810794791083,0.12354595273131788
42.6,0.055573048774397435,0.06396922345387461,0.11114609754879487,0.12244331002780395
42.6,0.0608085762497167,0.06396560531728407,0.1216171524994334,0.12594572177853136
42.7,0.0659060697638627,0.06396791465129449,0.1318121395277254,0.13018212639039461
42.7,0.05857495988272393,0.06396186562716827,0.11714991976544786,0.1267071148918224
42.8,0.06340450508798456,0.06396121658044471,0.12680901017596913,0.13099266513804642
42.8,0.05629103931084127,0.06395279280546756,0.11258207862168254,0.1274846152008613
42.9,0.060863210133852645,0.06394927467691315,0.12172642026770529,0.13185171608493196
42.9,0.053951889304456414,0.06393853260397228,0.10790377860891283,0.12850372955315814
43.0,0.05827791752740764,0.06393223422402894,0.11655583505481527,0.13297027550555685
43.0,0.0624848464161103,0.0639305702444585,0.1249696928322206,0.13797904765366686
43.1,0.055682900338464875,0.06392160834477244,0.11136580067692975,0.13432781593334386
43.1,0.0474930684864743,0.06390499669178462,0.0949861369729486,0.13096032419702253
43.2,0.04144974095721759,0.06388354461380567,0.08289948191443518,0.1273751587524563
43.2,0.04521266844550636,0.06386509002535512,0.09042533689101272,0.1310990466249966
43.3,0.04887166246823993,0.06384978941199805,0.09774332493647986,0.13561004919588848
43.3,0.04328564309881194,0.06382986414155152,0.08657128619762389,0.13226184562086996
43.4,0.046746409578909395,0.06381279456653992,0.09349281915781879,0.1369170008502465
43.4,0.041370549334461125,0.06379148236467744,0.08274109866892225,0.13375625761500975
43.5,0.044645031662488024,0.06377275334190562,0.08929006332497605,0.13854053387853504
43.5,0.039472165097022324,0.06375013930668749,0.07894433019404465,0.13550141783791148
43.6,0.042572032885863476,0.0637298601094473,0.08514406577172695,0.14039497185867186
43.6,0.037610563366206225,0.06370604042976204,0.07522112673241245,0.13742120024468993
43.7,0.040547118196867724,0.06368433058489226,0.08109423639373545,0.14240210274910314
43.7,0.04340579164965556,0.06366481962701577,0.08681158329931112,0.1479097224484387
43.8,0.03102510997486122,0.06363707319357355,0.06205021994972244,0.13253440901951175
43.8,0.03373722829772023,0.0636109540984938,0.06747445659544046,0.13669484246749386
43.9,0.036379307005569204,0.06358654490404134,0.07275861401113841,0.14160049916522557
43.9,0.03227350148911051,0.06355965650100398,0.06454700297822102,0.12933815138633786
44.0,0.03478324117034437,0.06353432471360927,0.06956648234068874,0.134604678609493
44.0,0.030710436569375704,0.0635066539757672,0.06142087313875141,0.13228639958567134
44.1,0.03309718245825647,0.06348039559719838,0.06619436491651294,0.13772674145990926
44.1,0.03542546607711879,0.06345561123223561,0.07085093215423759,0.1436498101958188
44.2,0.03148684655625882,0.06342852065189511,0.06297369311251765,0.14143151526319953
44.2,0.026822235270703255,0.06339905333733875,0.05364447054140651,0.14173110370227748
44.3,0.02898879674971905,0.0633707169945371,0.0579775934994381,0.14710714558315097
44.3,0.025252165320230485,0.06334062624227808,0.05050433064046097,0.14074146292659595
44.4,0.027320364721260027,0.0633115571799986,0.054640729442520054,0.14607257182312816
44.4,0.0241992578060523,0.06328110954515159,0.0483985156121046,0.14136198005785783
44.5,0.02617619142917712,0.06325160134675285,0.05235238285835424,0.14672128045659738
44.5,0.02322468552566749,0.06322085006529829,0.04644937105133498,0.14380275712733726
44.6,0.02511698548644847,0.06319096526163501,0.05023397097289694,0.14919436677683695
44.6,0.026969081263930463,0.06316198949696379,0.053938162527860926,0.15513949105725988
44.7,0.018887113609249533,0.06312977846130315,0.03777422721849907,0.14841117189076947
44.7,0.02066415584721353,0.06309824607971619,0.04132831169442706,0.15247397507687796
44.8,0.022405344274167686,0.06306743274171753,0.04481068854833537,0.1574220254646841
44.8,0.019614742110416854,0.0630356351006054,0.03922948422083371,0.1557404071857582
44.9,0.021288507403957897,0.06300449806685161,0.04257701480791579,0.16058789991350952
44.9,0.01896191669520103,0.06297258703754893,0.03792383339040206,0.15596069657581824
45.0,0.016754302155350845,0.062940034137291,0.03350860431070169,0.15202652665318128
45.0,0.018336154244972685,0.06290802699301323,0.03667230848994537,0.1558549899913113
45.1,0.016196861789222694,0.06287542262901348,0.03239372357844539,0.15190301770242384
45.1,0.017722890141081093,0.06284333028326962,0.035445780282162186,0.15573267308361016
45.2,0.01565293675002212,0.06281068364356382,0.03130587350004424,0.15180911162733457
45.2,0.01712721084223584,0.06277851808587769,0.03425442168447168,0.1556637460965482
45.3,0.01857690622023361,0.06274686292728425,0.03715381244046722,0.1604916426314871
45.3,0.016553556473890018,0.06271463622526569,0.033107112947780036,0.15568768894317087
45.4,0.01795706289001224,0.06268289004486409,0.03591412578002448,0.16056619855825138
45.4,0.019338595377797793,0.06265165062587047,0.038677190755595586,0.16618614073757998
45.5,0.017365594538920587,0.06261982829348361,0.034731189077841174,0.160777798614399
45.5,0.015293802859110557,0.06258746576425277,0.030587605718221115,0.1710219757513265
45.6,0.01661493159334291,0.06255552745981932,0.03322986318668582,0.17515048452706417
45.6,0.01791720036736543,0.0625240372587441,0.03583440073473086,0.1801807595766296
45.7,0.016034366954061668,0.06249204002204537,0.032068733908123336,0.17468092583619033
45.7,0.014000901285588887,0.06245956154018085,0.028001802571177774,0.16526176315856803
45.8,0.015251369945120065,0.06242745739684351,0.03050273989024013,0.16861618567310055
45.8,0.01648568999279277,0.06239574958634976,0.03297137998558554,0.17305722885413255
45.9,0.014770737831816176,0.062363626201639995,0.02954147566363235,0.15479429207375928
45.9,0.012781032550738137,0.062331077275156604,0.025562065101476274,0.1358366174379988
46.0,0.013970972467057582,0.062298860241594055,0.027941944934115164,0.13982447447904267
46.0,0.012460485832983354,0.06226634816001378,0.02492097166596671,0.1212959192816534
46.1,0.0136235528002133,0.06223415439453875,0.0272471056004266,0.12616927512284892
46.1,0.012364531959821267,0.06220172859413551,0.024729063919642535,0.12767561256006577
46.2,0.013502873355376262,0.06216961277426734,0.027005746710752523,0.13280192202642604
46.2,0.012250786809327435,0.06213726911030168,0.02450157361865487,0.13538805123677689
46.3,0.013366438174250308,0.06210522733804147,0.026732876348500616,0.14018839200951705
46.3,0.012018739391475372,0.06207294068717982,0.024037478782950743,0.12632246287291915
46.4,0.010671255576212273,0.06204044113602383,0.021342511152424547,0.11237208812565047
46.4,0.0117563287097391,0.062008206102021506,0.0235126574194782,0.11770997685313667
46.5,0.010469695769105182,0.06197577541257751,0.020939391538210363,0.10770809588162988
46.5,0.01153650052116044,0.061943601303166146,0.02307300104232088,0.11402447053910247
46.6,0.012594686019462953,0.0619117011524031,0.025189372038925906,0.1212159740801999
46.6,0.011328726550206761,0.06187959049255394,0.022657453100413522,0.11295203134394294
46.7,0.012371078547230605,0.06184774610238548,0.02474215709446121,0.12095363942505832
46.7,0.013405963104488383,0.06181618456803901,0.026811926208976766,0.12952738305091982
46.8,0.012160188129759657,0.06178439880785477,0.024320376259519313,0.12323750077344098
46.8,0.013181536083094135,0.06175288855400437,0.02636307216618827,0.132428212761194
46.9,0.011638923195245534,0.06172109849643643,0.023277846390491068,0.13050464606316448
46.9,0.010003719134748226,0.06168905408973502,0.020007438269496452,0.12756560718454768
47.0,0.0110077787737291,0.06165724352971234,0.0220155575474582,0.13715780769308195
47.0,0.009847070118228756,0.06162527534798051,0.019694140236457512,0.13837695296809782
47.1,0.010841195292290698,0.061593535995562713,0.021682390584581396,0.14837351947507085
47.1,0.01183069304796966,0.06156204114209165,0.02366138609593932,0.15879871236856236
47.2,0.010842057001691989,0.061530403860027526,0.021684114003383978,0.16137674491686838
47.2,0.009565298413537572,0.06149859297996622,0.019130596827075144,0.17022878688852883
47.3,0.010543070395163754,0.061467002256874376,0.021086140790327508,0.17983120705209468
47.3,0.009507139935801165,0.06143528343502498,0.01901427987160233,0.17806545161814838
47.4,0.010477403233824168,0.061403781996592244,0.020954806467648336,0.1869615177946531
47.4,0.011443795405839449,0.061372512955303986,0.022887590811678897,0.19659567511621256
47.5,0.010506708479866006,0.06134111724843534,0.021013416959732013,0.17882268552597536
47.5,0.009283250194619251,0.06130956376061325,0.018566500389238502,0.1607210682191722
47.6,0.010239249094036259,0.06127822056641667,0.020478498188072517,0.16960592255186893
47.6,0.009330521138026435,0.06124677473018806,0.01866104227605287,0.1716921357761283
47.7,0.010279827861864347,0.061215538338735616,0.020559655723728695,0.1805724757372258
47.7,0.009366311534724793,0.06118419779948991,0.018732623069449585,0.16522991089514383
47.8,0.010309217649689277,0.061153065717577844,0.020618435299378554,0.1744377401754722
47.8,0.009381308070272144,0.06112182661543585,0.018762616140544287,0.1598164075913
47.9,0.010318127303059093,0.06109079470553936,0.020636254606118187,0.1694544985270845
47.9,0.011251837670191178,0.061059984009889566,0.022503675340382355,0.17986251337329406
48.0,0.010295735820734116,0.06102904606228187,0.020591471641468233,0.16628136230607282
48.0,0.011223839387527336,0.060998327460408716,0.022447678775054672,0.1771673650350021
48.1,0.01009830450251225,0.06096745255608391,0.0201966090050245,0.17284195383654843
48.1,0.0087792607945919,0.060936413861720724,0.0175585215891838,0.16295331720594894
48.2,0.00969995661934575,0.06090556890085645,0.0193999132386915,0.17346418595410062
48.2,0.00874113721117933,0.060874621699648884,0.01748227442235866,0.16026672702506772
48.3,0.009657107753815538,0.060843866456522025,0.019314215507631075,0.17131443874686658
48.3,0.0105706496263761,0.060813316662241435,0.0211412992527522,0.18303918761768934
48.4,0.009735436586578933,0.0607826704721913,0.019470873173157866,0.17091981225719266
48.4,0.010644774489271256,0.060752229756836744,0.021289548978542513,0.18302452601336672
48.5,0.009945468036130231,0.060721714299922576,0.019890936072260463,0.17635016962515015
48.5,0.008730370789245656,0.06069105372923867,0.017460741578491312,0.1649685483272676
48.6,0.009634433095164617,0.060660581800119434,0.019268866190329234,0.1765682877858472
48.6,0.008697583459692711,0.06063001159075717,0.017395166919385422,0.1640707547296225
48.7,0.009598383701220469,0.060599628600742673,0.019196767402440938,0.17614639157421674
48.7,0.010497474453269613,0.060569445937634636,0.020994948906539225,0.18880843859443575
48.8,0.009659611250228775,0.06053916712234517,0.01931922250045755,0.1774214552337421
48.8,0.00867996220305924,0.060508783137636676,0.01735992440611848,0.18068151487918876
48.9,0.009575417274287313,0.060478584461231985,0.019150834548574625,0.1932657273031609
48.9,0.008644359501679766,0.06044828902876141,0.017288719003359532,0.19555251754997802
49.0,0.009537753814803977,0.06041817765409077,0.019075507629607955,0.20813353188287817
49.0,0.008703741155013692,0.060387984226316554,0.017407482310027384,0.20961525095932107
49.1,0.00959547969696721,0.06035797509327126,0.01919095939393442,0.2219185308649035
49.1,0.010486266551299615,0.060328163174866,0.02097253310259923,0.23482407584797813
49.2,0.00964412415783791,0.060298254212922425,0.01928824831567582,0.23349792935164881
49.2,0.008534686795300743,0.06026822120286178,0.017069373590601487,0.23782899177672379
49.3,0.009424424812014045,0.06023836889605883,0.01884884962402809,0.24871013993143976
49.3,0.008473603355866218,0.06020841905459221,0.016947206711732436,0.25190474606987134
49.4,0.009362864575417094,0.060178648562359625,0.01872572915083419,0.26253431850033726
49.4,0.008560561207193649,0.06014880265536769,0.017121122414387298,0.2563275507054108
49.5,0.009449767502792675,0.060119137006684024,0.01889953500558535,0.26621617878186754
49.5,0.010338824209223042,0.06008966455724128,0.020677648418446083,0.27715153506318035
49.6,0.009527469944947502,0.06006010176343208,0.019054939889895005,0.26717221804926794
49.6,0.008554359035918184,0.060030436319885895,0.01710871807183637,0.2588680493316624
49.7,0.009444571936679767,0.06000095046592677,0.018889143873359535,0.26795482559153916
49.7,0.008539345978492577,0.0599713729397645,0.017078691956985154,0.25904958307015447
49.8,0.009430660101670698,0.059941974590311226,0.018861320203341397,0.2675419929773386
49.8,0.008620535099907057,0.059912498359362715,0.017241070199814114,0.2572191797207047
49.9,0.00951331057964619,0.059883202374958394,0.01902662115929238,0.2653011675012711
49.9,0.0086935985213447,0.059853825880226176,0.0173871970426894,0.2544912340155409
50.0,0.009588209689811927,0.059824630644511635,0.019176419379623853,0.2622721951197642
50.0,0.008755332295502398,0.05979535183577477,0.017510664591004796,0.25132040197969596
50.1,0.009652152484020366,0.05976625519431275,0.019304304968040732,0.2588898162270592
50.1,0.008808633712039925,0.05973707242237728,0.01761726742407985,0.24791872070369791
50.2,0.009708033694035256,0.05970807266470544,0.019416067388070512,0.2553507885315902
50.2,0.008856098808339291,0.05967898464961191,0.017712197616678582,0.2445755905519449
50.3,0.009758447184956097,0.059650080472981294,0.019516894369912195,0.2519166135168431
50.3,0.008899802532942138,0.05962108623530078,0.017799605065884277,0.24141487842410214
50.4,0.009805464396930875,0.05959227666806407,0.01961092879386175,0.24869359418607662
50.4,0.008941159609430687,0.05956337543609251,0.017882319218861374,0.23831627039936354
50.5,0.009850494576613088,0.059534659734841434,0.019700989153226177,0.24556347175296178
50.5,0.008981628230419649,0.0595058509543282,0.017963256460839298,0.23543003000865648
50.6,0.009894991958119334,0.05947722861467285,0.01978998391623867,0.2426534734764667
50.6,0.01081030796832714,0.059448806608001344,0.02162061593665428,0.25121250811670537
50.7,0.009889898790123038,0.059420268897680574,0.019779797580246075,0.2441252287974942
50.7,0.0108098081464495,0.05939193189659216,0.021619616292899,0.25231577121035587
50.8,0.009653632438860941,0.05936344091535443,0.019307264877721882,0.24704924880910362
50.8,0.010578517233303476,0.059335147579531115,0.021157034466606953,0.2545900550715379
50.9,0.009370127801169865,0.05930669659453349,0.01874025560233973,0.24936606848425003
50.9,0.00820391909331143,0.05927811807567864,0.01640783818662286,0.24647545391375392
51.0,0.009137040461937742,0.05924971590917674,0.018274080923875485,0.25048483546111644
51.0,0.010072856482383064,0.05922150465295285,0.020145712964766128,0.2564246845006126
51.1,0.00925423766834237,0.059193204358730156,0.01850847533668474,0.24072386685631347
51.1,0.010195919328765242,0.05916509740374976,0.020391838657530484,0.24666642383012904
51.2,0.00921040650395603,0.05913687401222763,0.01842081300791206,0.23476198383304636
51.2,0.008148046688497546,0.059108539972008746,0.016296093376995092,0.22636373559369583
51.3,0.009099271283094372,0.05908038312790366,0.018198542566188743,0.2293505458057843
51.3,0.008251813030614709,0.059052146436468056,0.016503626061229418,0.23249956688636209
51.4,0.009209694947630223,0.059024089228491054,0.018419389895260447,0.23426319036932336
51.4,0.008533292691414939,0.058995974358861294,0.017066585382829878,0.21762988504182523
51.5,0.009498083463920894,0.058968044119549014,0.018996166927841788,0.22009943704360824
51.5,0.01046635620314979,0.058940314128790514,0.02093271240629958,0.22458890727992076
51.6,0.009751359088220389,0.058912505917954806,0.019502718176440777,0.20726522874216352
51.6,0.008719217945367829,0.05888458164640927,0.017438435890735658,0.197026380175922
51.7,0.009698675207160353,0.058856846583001735,0.019397350414320707,0.20025725386825233
51.7,0.010681875917624194,0.0588293168358217,0.021363751835248388,0.20528217450626762
51.8,0.009838017589167539,0.05880168517433153,0.019676035178335077,0.19146378484845122
51.8,0.008941155318647481,0.058773955601301164,0.017882310637294962,0.1846151617407958
51.9,0.010079989371132216,0.05874644424753168,0.020159978742264432,0.18951897410636187
51.9,0.00940332270650244,0.058718864898197526,0.01880664541300488,0.1744451849328721
52.0,0.010552830379613912,0.05869151380607048,0.021105660759227825,0.1821145686196899
52.0,0.009854517044537471,0.058664085808323704,0.019709034089074942,0.17634675202700037
52.1,0.011015173607344315,0.05863689612562946,0.02203034721468863,0.18444879716642326
52.1,0.010237660136197532,0.05860961076562419,0.020475320272395063,0.17990132263197944
52.2,0.011409827983111477,0.05858257269668929,0.022819655966222954,0.18820172269146074
52.2,0.010562426881464233,0.05855542168790347,0.021124853762928466,0.18403381878682665
52.3,0.011746458547089876,0.05852852602120642,0.023492917094179753,0.19231308161119642
52.3,0.013085955599036463,0.05850194123831038,0.026171911198072925,0.20271908259759774
52.4,0.012342799358550462,0.058475240854518454,0.024685598717100923,0.19782450739963053
52.4,0.011145964634367752,0.058448349791189604,0.022291929268735505,0.20256382323928923
52.5,0.012509437835894964,0.058421760801967836,0.02501887567178993,0.2108267442039522
52.5,0.011570716835505737,0.05839502605461683,0.023141433671011475,0.2079951524845174
52.6,0.012950515452376382,0.05836860574160288,0.025901030904752764,0.21570784827990153
52.6,0.012052284524341208,0.05834204077013776,0.024104569048682415,0.2075827867540645
52.7,0.01344876513684039,0.058315804155102006,0.02689753027368078,0.21505263184337187
52.7,0.013169668645217021,0.058289545088190994,0.026339337290434042,0.21742305874753542
52.8,0.01474232495536822,0.058263681063915246,0.02948464991073644,0.224659498643915
52.8,0.01632542161430078,0.058238254438451965,0.03265084322860156,0.23332053972273092
52.9,0.015530943356209545,0.05821265918692902,0.03106188671241909,0.2226245691010278
52.9,0.017135761058960034,0.05818752687449379,0.03427152211792007,0.23122331832416343
53.0,0.015624323641563543,0.058162029250793924,0.031248647283127085,0.22281892969915562
53.0,0.01741514049808263,0.05813704864643006,0.03483028099616526,0.23168565602569346
53.1,0.016125068044029755,0.05811175353426683,0.03225013608805951,0.20586055969377037
53.1,0.015044201336179317,0.058086222007051165,0.030088402672358634,0.2208480464520446
53.2,0.01687647102189405,0.05806120114163378,0.0337529420437881,0.22874668404484533
53.2,0.015602021414563835,0.0580358813935968,0.03120404282912767,0.21983247514393645
53.3,0.014378795269639798,0.0580103013739151,0.028757590539279596,0.2118329110836057
53.3,0.016425206640604508,0.05798526800807872,0.032850413281209016,0.21768759781692015
53.4,0.018488402721543527,0.05796085316588102,0.036976805443087055,0.22550396795043198
53.4,0.01763286385760942,0.05793622406637299,0.03526572771521884,0.21789001713882827
53.5,0.01973055848992745,0.05791226361416671,0.0394611169798549,0.22532019245491597
53.5,0.019695600126332452,0.05788832693242931,0.039391200252664904,0.2218309770977691
53.6,0.02200674062564474,0.05786520266998601,0.04401348125128948,0.2314138749592094
53.6,0.021226931090068447,0.0578418404726043,0.04245386218013689,0.23830683554326182
53.7,0.02357983047839684,0.05781936207116991,0.04715966095679368,0.24639126065013572
53.7,0.022322708807883007,0.0577964519995978,0.044645417615766014,0.24464621350134003
53.8,0.024903254726421326,0.05777455660928692,0.04980650945284265,0.2521663839423467
53.8,0.023618788374429538,0.057752192163923986,0.047237576748859075,0.25708685046128643
53.9,0.026248712367009677,0.0577309152652453,0.05249742473401935,0.26369324213513456
53.9,0.024262277715118564,0.057708863590131304,0.04852455543023713,0.2293267992291712
54.0,0.027134678913382174,0.05768803028790444,0.05426935782676435,0.23581709767123948
54.0,0.03003532599836068,0.05766855935836945,0.06007065199672136,0.24381575832595592
54.1,0.028159519931977135,0.0576482420494134,0.05631903986395427,0.20877987575545287
54.1,0.025591895859203552,0.057626848439235864,0.051183791718407104,0.19269953832420317
54.2,0.028780203936595274,0.057606875754900144,0.05756040787319055,0.19956132344432786
54.2,0.03200108607226298,0.05758850104710701,0.06400217214452596,0.20785648164943993
54.3,0.030332370085920067,0.05756932173589636,0.060664740171840134,0.19625698084597198
54.3,0.02749993182680535,0.057548860894511014,0.0549998636536107,0.19165773581964674
54.4,0.031029832992412926,0.05753008237009528,0.06205966598482585,0.19867368004435448
54.4,0.02909360637673765,0.057510402018554604,0.0581872127534753,0.1790194918747572
54.5,0.03269854567507256,0.05749253006274942,0.06539709135014513,0.1864132143653241
54.5,0.030595207235758103,0.057473622828138955,0.06119041447151621,0.17248735500310142
54.6,0.03449322268610828,0.05745676780925603,0.06898644537221656,0.1805319521827631
54.6,0.038432835400536484,0.05744222886266822,0.07686567080107297,0.18961925466244223
54.7,0.036982378673019185,0.057426841493633835,0.07396475734603837,0.17234116945143163
54.7,0.03455679299457432,0.05741009674145977,0.06911358598914864,0.19041404565739417
54.8,0.03885052791789566,0.05739588530685367,0.07770105583579132,0.19868907506690325
54.8,0.03629346500308502,0.05738016863257966,0.07258693000617004,0.19124078934449829
54.9,0.040680747827645636,0.05736715950577786,0.08136149565529127,0.19870034243248647
54.9,0.038115532371750846,0.05735256626810622,0.07623106474350169,0.18756188899942527
55.0,0.042833154846851844,0.057341025944357894,0.08566630969370369,0.1949749965034353
55.0,0.04030393935537599,0.057327837092367176,0.08060787871075198,0.1931318510512332
55.1,0.045123951283730236,0.05731793168526731,0.09024790256746047,0.19978956320663843
55.1,0.04216316008141052,0.057305996393049285,0.08432632016282104,0.19602063679198434
55.2,0.04733239318685985,0.05729774040905849,0.0946647863737197,0.20233905662173446
55.2,0.04449401407425726,0.05728743769929786,0.08898802814851452,0.17270131644981146
55.3,0.04977381308903558,0.0572810835967367,0.09954762617807116,0.179145709104511
55.3,0.055107917492669266,0.0572791559489069,0.11021583498533853,0.1864458379149272
55.4,0.052155451126798424,0.057274734329868925,0.10431090225359685,0.16570968565396993
55.4,0.057861696031967225,0.05727526679070278,0.11572339206393445,0.173196089314251
55.5,0.05317529332058086,0.05727170200176198,0.10635058664116172,0.16026292588662375
55.5,0.04792958301303274,0.05726397158895331,0.09585916602606548,0.13906592695302544
55.6,0.05408154451016603,0.05726118664644378,0.10816308902033206,0.14412384036892378
55.6,0.060295906304125575,0.05726398795963267,0.12059181260825115,0.15024323724320454
55.7,0.05651639434420867,0.0572633206479115,0.11303278868841735,0.13316301044029943
55.7,0.05174234040905342,0.0572586033704749,0.10348468081810684,0.10404267192040773
55.8,0.05814192251031369,0.057259401690066644,0.11628384502062739,0.11007140634785584
55.8,0.05412708545398587,0.057256671659770796,0.10825417090797174,0.10232088604288458
55.9,0.05038706534631289,0.057250890256356386,0.10077413069262578,0.09817696306362134
55.9,0.057256111790022345,0.05725089492699285,0.11451222358004469,0.10511096768195638
56.0,0.06418816331351272,0.05725746968221274,0.12837632662702544,0.1125151042576995
56.0,0.06016041481949426,0.057260127240698476,0.12032082963898852,0.10170732578924868
56.1,0.06721666988443295,0.057269780465941826,0.1344333397688659,0.10949248043373427
56.1,0.07433337706980653,0.057287251647398355,0.14866675413961306,0.11743322305796644
56.2,0.06976972268170008,0.05729957658194128,0.13953944536340016,0.11140942444960042
56.2,0.0773115016491998,0.05732048603719133,0.1546230032983996,0.11924091263888825
56.3,0.07078179035782327,0.057333855100021515,0.14156358071564654,0.11114459326291803
56.3,0.0784492390589046,0.05735605653650845,0.1568984781178092,0.11832580420774219
56.4,0.07098708593212498,0.05736958713179547,0.14197417186424996,0.10896114328990447
56.4,0.06340280353832183,0.05737521669162576,0.12680560707664365,0.09933501924743093
56.5,0.07125109595963709,0.05738899163826567,0.14250219191927418,0.10523647046836906
56.5,0.0660512682835919,0.057397235309301055,0.1321025365671838,0.10080118291708184
56.6,0.0743361943900856,0.057414419699897586,0.1486723887801712,0.10673094280495721
56.6,0.06968948691765375,0.05742642132307594,0.1393789738353075,0.10885810692233444
56.7,0.07809290057780721,0.05744793995697278,0.15618580115561442,0.11430263317757272
56.7,0.0727867863007773,0.057463270023736426,0.1455735726015546,0.11076442731941927
56.8,0.08130335358010085,0.05748862602671028,0.1626067071602017,0.11571554939032591
56.8,0.07563185886967339,0.05750711443314047,0.15126371773934677,0.1111507172529711
56.9,0.08425607380514218,0.057536104477075654,0.16851214761028435,0.11565545111451003
56.9,0.07798223886822203,0.057557259658222226,0.15596447773644406,0.11351298913047805
57.0,0.08670848739249305,0.0575893256953864,0.1734169747849861,0.11756807091372612
57.0,0.09548318512416067,0.05763348505117062,0.19096637024832133,0.12207761912948634
57.1,0.08920540161410914,0.05766872366029205,0.17841080322821828,0.11815132701116426
57.1,0.09841761071821373,0.057716992013405334,0.19683522143642745,0.12236833908426537
57.2,0.08974439364294767,0.05775277573397329,0.17948878728589535,0.11933863200988393
57.2,0.07957327316150561,0.05777544844482098,0.15914654632301123,0.11935389769898475
57.3,0.08892453585399859,0.05780997608011476,0.17784907170799719,0.12157140684895973
57.3,0.08183754448650071,0.05783529414792326,0.16367508897300143,0.10632289095732594
57.4,0.09127258378008665,0.05787286095370131,0.1825451675601733,0.10838133532919914
57.4,0.08450292139864142,0.05790138784294264,0.16900584279728284,0.09194771834565608
57.5,0.07711886940309752,0.057920885538743215,0.15423773880619504,0.08413608783103488
57.5,0.0866667223124798,0.057952076307522284,0.1733334446249596,0.08553141483573001
57.6,0.09624847502815494,0.057996325339352284,0.19249695005630987,0.08780921951884668
57.6,0.1058622901016122,0.0580549922937103,0.2117245802032244,0.09072468964663916
57.7,0.09855403396659679,0.058102349444338716,0.19710806793319358,0.08875480296138714
57.7,0.08828998460836698,0.058135294846942596,0.17657996921673397,0.08799778512656364
57.8,0.09799032557054173,0.05818161100211222,0.19598065114108346,0.09020554861856267
57.8,0.08962974518060277,0.05821615719536559,0.17925949036120553,0.09836743086759081
57.9,0.09937861071891313,0.058264291716285194,0.19875722143782626,0.10061809166311986
57.9,0.09163959337337788,0.0583013562846299,0.18327918674675575,0.09594127044336687
58.0,0.10142979419494394,0.058352309491362546,0.20285958838988788,0.09798340838206698
58.0,0.1112376870515341,0.05841852252356061,0.2224753741030682,0.1006263300951904
58.1,0.1028696875213807,0.05847135204267754,0.2057393750427614,0.09446164613472519
58.1,0.09157672709765043,0.05850789586743734,0.18315345419530085,0.09555192492505649
58.2,0.10142770550804045,0.058558314569348104,0.2028554110160809,0.09715933513954633
58.2,0.0919852713377088,0.05859521663969789,0.1839705426754176,0.09110860806951247
58.3,0.1018555759018248,0.058646035581164734,0.2037111518036496,0.09271629982319028
58.3,0.09336431627539199,0.05868461195097738,0.18672863255078398,0.08691967188279714
58.4,0.10324655477696464,0.058737271200444495,0.20649310955392927,0.08859365355009796
58.4,0.09482154011823475,0.05877764102193919,0.1896430802364695,0.08207268327303519
58.5,0.10470832032150659,0.0588322576579161,0.20941664064301319,0.08381196941191371
58.5,0.09573107817190066,0.058873670474442676,0.19146215634380132,0.08164245280461203
58.6,0.10561499099371167,0.058929404886094924,0.21122998198742335,0.08351304395775005
58.6,0.11549449704727562,0.059000789049191864,0.23098899409455123,0.08597029884788743
58.7,0.1062742172920779,0.05905720875990763,0.2125484345841558,0.0744169201244287
58.7,0.1161397354232354,0.05912928527304508,0.2322794708464708,0.07704311326097546
58.8,0.10440558696031416,0.059182547003717334,0.2088111739206283,0.07024176360061272
58.8,0.09151770966280404,0.059217543912402734,0.18303541932560807,0.08132573721249958
58.9,0.1013488822052484,0.05926605324525907,0.2026977644104968,0.08286467899936922
58.9,0.09172078223858389,0.05930113709568603,0.18344156447716778,0.07710759732139284
59.0,0.1015195946479255,0.059349672637787516,0.203039189295851,0.07893746508102883
59.0,0.09297137048898957,0.05938622500423437,0.18594274097797914,0.07478294543392772
59.1,0.10273050947527314,0.0594362988577725,0.20546101895054628,0.07690433005695918
59.1,0.09431214748038232,0.05947444906773689,0.18862429496076463,0.07615295325541682
59.2,0.0852559394786315,0.05950096004862031,0.170511878957263,0.07723407473900856
59.2,0.09494218242920774,0.059539795641939834,0.18988436485841548,0.07902031792890263
59.3,0.10460029255905458,0.05959218751406313,0.20920058511810916,0.08151161038024357
59.3,0.09527851165965168,0.05963127382293742,0.19055702331930335,0.07863672966689994
59.4,0.10487536101814951,0.05968382701712375,0.20975072203629902,0.08131844185156623
59.4,0.09540688143981096,0.05972288314566178,0.19081376287962193,0.07854187724060324
59.5,0.10493539500610015,0.059775279265137725,0.2098707900122003,0.08141830184188836
59.5,0.09535895277816457,0.05981406919191804,0.19071790555632914,0.0789353209706456
59.6,0.10481213475792193,0.05986603995220116,0.20962426951584387,0.08200883377050738
59.6,0.11422475749506966,0.05993231009778373,0.22844951499013932,0.08555728000532015
59.7,0.1044189259168325,0.059983417729026337,0.208837851833665,0.07812996375642145
59.7,0.09225840498615241,0.0600177111172595,0.18451680997230482,0.08696760910790458
59.8,0.10154045874819827,0.06006445971333156,0.20308091749639653,0.09010096742637774
59.8,0.09170477186522437,0.06009787344362166,0.18340954373044874,0.09973655942966864
59.9,0.10089118837869084,0.060143502058111004,0.20178237675738167,0.10277724708241465
59.9,0.10999655685631939,0.060202333632282286,0.21999311371263877,0.10636788084395143
60.0,0.10165331207006821,0.06024878864733778,0.20330662414013642,0.1093256595313703
60.0,0.08952001852205409,0.060279099178658174,0.17904003704410817,0.10212679901482868
60.1,0.09833644938352368,0.06032077598563133,0.19667289876704735,0.10424832400914474
60.1,0.08880182911308955,0.06035005744689417,0.1776036582261791,0.0956086551650035
60.2,0.09741282803436795,0.06039031288814229,0.1948256560687359,0.09790758946820377
60.2,0.10591731463127901,0.06044235685122665,0.21183462926255803,0.10092699083213286
60.3,0.09656692646903034,0.06048128195316807,0.19313385293806068,0.09051961872094184
60.3,0.10485226609105419,0.060531548762489305,0.20970453218210838,0.09387235005614913
60.4,0.0936437093231694,0.06056647548837334,0.1872874186463388,0.1021333381330809
60.4,0.10170199079803312,0.06061207481050885,0.20340398159606624,0.10510146086359118
60.5,0.08969283665140437,0.06064189131294212,0.17938567330280875,0.11384340042770982
60.5,0.07741374665985849,0.06065766708654816,0.15482749331971699,0.11101295961504287
60.6,0.0851178186159884,0.06068193301639915,0.1702356372319768,0.11277132494863618
60.6,0.07621508521583203,0.060696387741670084,0.15243017043166407,0.11440159945702155
60.7,0.06840855992576317,0.060703149221736426,0.13681711985152634,0.10626189974322475
60.7,0.07574415519203927,0.06071707219973228,0.15148831038407853,0.1076221332258549
60.8,0.08295415016915299,0.06073872195491418,0.16590830033830598,0.11009548612191988
60.8,0.09003738220615977,0.06076862009576055,0.18007476441231954,0.11339459802043117
60.9,0.08183145439969998,0.06078892327603828,0.16366290879939996,0.107577291865107
60.9,0.07209940664227558,0.06079907243421276,0.14419881328455117,0.1187610403918693
61.0,0.078798907087342,0.06081602191743994,0.157597814174684,0.1210005875139788
61.0,0.08536890316054284,0.060840204956604915,0.17073780632108568,0.12413812421937376
61.1,0.07652000699134556,0.06085469979802679,0.15304001398269113,0.11857907640395848
61.1,0.0668932013457592,0.06085988623522265,0.1337864026915184,0.12546167787083284
61.2,0.07307460866062872,0.06087087500947377,0.14614921732125744,0.12818125454625262
61.2,0.06515345836709165,0.06087449682524529,0.1303069167341833,0.12046071258363522
61.3,0.07107606189068001,0.06088352176635209,0.14215212378136002,0.1235211904702922
61.3,0.06438551639984756,0.06088646028537742,0.12877103279969512,0.1315772989327635
61.4,0.07005125844266462,0.060894491176705784,0.14010251688532924,0.1346085985752616
61.4,0.07558927631547518,0.06090789998129139,0.15117855263095037,0.13845122470576787
61.5,0.0684847127908045,0.06091444810975965,0.136969425581609,0.13021743239233396
61.5,0.059692606209196246,0.06091346469706653,0.11938521241839249,0.12064012433364169
61.6,0.06485514957104166,0.06091677022660215,0.12971029914208332,0.12354389587142678
61.6,0.05778470249700202,0.06091429326936401,0.11556940499400405,0.12663487663705844
61.7,0.06270307011891271,0.060915765304283234,0.12540614023782543,0.129904587042303
61.7,0.05638216460820811,0.06091222800860462,0.11276432921641621,0.1309451984626635
61.8,0.06106277124551021,0.060912350056473503,0.12212554249102042,0.13452906657232755
61.8,0.06562684528074293,0.06091631185442974,0.13125369056148586,0.13885756400141092
61.9,0.059413100950856904,0.06091511162935278,0.11882620190171381,0.14073268015614637
61.9,0.06375094399892044,0.060917455559873455,0.12750188799784087,0.14466028235344708
62.0,0.05542838095038462,0.06091322476465737,0.11085676190076924,0.139596160411241
62.0,0.05954836553405093,0.060912136393408006,0.11909673106810185,0.14337395184653734
62.1,0.051565743281078706,0.060905182462900595,0.10313148656215741,0.14229762723154193
62.1,0.04397244736453308,0.06089344306035354,0.08794489472906616,0.15341716096182467
62.2,0.04778298328221434,0.06088403033940924,0.09556596656442869,0.15526605283096706
62.2,0.04238852705740349,0.06087141954936729,0.08477705411480697,0.1480585715737761
62.3,0.04600428567283353,0.060860935456231315,0.09200857134566706,0.1498611722358789
62.3,0.04135644665213466,0.06084778867081767,0.08271289330426931,0.13750797120433944
62.4,0.044787117538217805,0.060836607950240956,0.08957423507643561,0.13974882995139692
62.4,0.04812872373990916,0.06082748816576547,0.09625744747981832,0.14301388665326287
62.5,0.04307083918297356,0.06081534531663019,0.08614167836594712,0.12710388493358016
62.5,0.03689649735763666,0.06079997123530567,0.07379299471527331,0.11910023280330684
62.6,0.03998639374419031,0.06078617987528633,0.07997278748838062,0.12238052330236648
62.6,0.035386676181651186,0.060770129103833594,0.07077335236330237,0.1155462526029043
62.7,0.038320651689517114,0.06075552010462723,0.07664130337903423,0.11957860109866258
62.7,0.03403180365963379,0.060738893894331375,0.06806360731926758,0.11663023932025696
62.8,0.03681928816240796,0.060723585422191535,0.07363857632481592,0.12125449338725658
62.8,0.03317058295898274,0.060706622870996874,0.06634116591796548,0.11493809682528844
62.9,0.035820708304983684,0.06069088090861384,0.07164141660996737,0.12000518153562736
62.9,0.03186907761805818,0.06067340769664233,0.06373815523611635,0.12241460898572631
63.0,0.034390638045116925,0.06065705114113486,0.06878127609023385,0.12789764463488693
63.0,0.030741670048859547,0.06063916087193767,0.061483340097719094,0.11806451779879643
63.1,0.03314304283722829,0.060622297130110886,0.06628608567445658,0.12398642902380286
63.1,0.03548709258403775,0.0606065070960433,0.0709741851680755,0.13034216808860188
63.2,0.03180846455257078,0.060589120482497615,0.06361692910514156,0.12452056404335243
63.2,0.027438862886994476,0.06057006568934322,0.05487772577398895,0.11726245211209552
63.3,0.029623636330892808,0.06055184882990392,0.059247272661785616,0.12339458673960846
63.3,0.02583790423304038,0.060532285388579465,0.05167580846608076,0.12317001488450383
63.4,0.027925246197500687,0.06051347836921462,0.05585049239500137,0.12960897304446448
63.4,0.024721661152845454,0.060493595804190343,0.04944332230569091,0.12991383887227514
63.5,0.026718299079594658,0.0604744072274916,0.053436598159189316,0.1364885930082118
63.5,0.02387094360207192,0.060454304722266546,0.04774188720414384,0.12888565285895662
63.6,0.02578318700812387,0.06043484524882599,0.05156637401624774,0.13546220887826513
63.6,0.0228158702231236,0.06041447184370205,0.0456317404462472,0.1267915861522695
63.7,0.02464958938143022,0.0603946896412591,0.04929917876286044,0.1335085418951525
63.7,0.021985656680996602,0.0603741244498243,0.043971313361993204,0.12174218383080238
63.8,0.023746361724193116,0.06035410771940921,0.04749272344838623,0.1285067726274034
63.8,0.021197100193535913,0.06033337162309208,0.042394200387071826,0.12710895718325177
63.9,0.02288988714964433,0.06031314537691509,0.04577977429928866,0.13408313439273045
63.9,0.02455031091666208,0.060293455150148785,0.04910062183332416,0.14139043349267874
64.0,0.02190496271287056,0.06027299223483329,0.04380992542574112,0.141825908398011
64.0,0.01899047024587742,0.0602517816342568,0.03798094049175484,0.1473567341191111
64.1,0.020561644842216963,0.060230999411116974,0.04112328968443393,0.15403830097279403
64.1,0.02210485919004698,0.06021066895737189,0.04420971838009396,0.16113166375239227
64.2,0.01975423632922853,0.06018972626838871,0.03950847265845706,0.16210719255052364
64.2,0.01715297379181764,0.06016818758529383,0.03430594758363528,0.16258158198546527
64.3,0.018619199319619008,0.06014701404309185,0.037238398639238016,0.16847612750000796
64.3,0.01649442864930681,0.060125383535808,0.03298885729861362,0.1658580548768862
64.4,0.017913675168215994,0.060104094526948135,0.03582735033643199,0.17145591662976656
64.4,0.01598363369727143,0.060082408345068,0.03196726739454286,0.16700934031894588
64.5,0.01735923940781987,0.06006104422460982,0.03471847881563974,0.17238707065506564
64.5,0.015496828475419989,0.06003931060861591,0.030993656950839978,0.1672581493886388
64.6,0.016831916462465464,0.06001788133427812,0.03366383292493093,0.17247151233059554
64.6,0.015028777552383734,0.0599961070282998,0.03005755510476747,0.16712337101000085
64.7,0.016326265825623017,0.059974620826111595,0.032652531651246035,0.17221946556926648
64.7,0.017605825117151048,0.059953439980054986,0.035211650234302096,0.1780729383617664
64.8,0.015843857251308154,0.05993190468607572,0.03168771450261631,0.17173995203626602
64.8,0.013708654042062203,0.05990998855465616,0.027417308084124407,0.17113459536980735
64.9,0.014939007311261172,0.05988832510264746,0.029878014622522344,0.17569997075790456
64.9,0.013218941566882783,0.05986637556638934,0.026437883133765567,0.16950857232167482
65.0,0.014419377036995083,0.059844665188826446,0.028838754073990166,0.17406556380502522
65.0,0.012942053767460172,0.05982272047047853,0.025884107534920344,0.1674256081262484
65.1,0.0141148143204211,0.059801005378574114,0.0282296286408422,0.1720545667495076
65.1,0.015274407644811215,0.059779534701136804,0.03054881528962243,0.17762007326382256
65.2,0.013823558830228391,0.059757818192211126,0.027647117660456782,0.17028790997572152
65.2,0.012110197379354381,0.059735841900159646,0.024220394758708762,0.15791870963361698
65.3,0.013233823328204311,0.05971407393672265,0.026467646656408623,0.16319706485535967
65.3,0.014346250979655745,0.05969252816592214,0.02869250195931149,0.16936703249449417
65.4,0.01310157316752409,0.05967078857659341,0.02620314633504818,0.1655435479396721
65.4,0.011778895299221449,0.05964886342546431,0.023557790598442898,0.16085735742533128
65.5,0.012860931834712874,0.05962713452153894,0.02572186366942575,0.16699521250959415
65.5,0.011450926460258585,0.05960521137932947,0.02290185292051717,0.1633765045301283
65.6,0.012514809005029165,0.059583476836451696,0.02502961801005833,0.1696219297309631
65.6,0.013570075790429443,0.059561943636769185,0.027140151580858887,0.17667632510910214
65.7,0.012433758379353788,0.059540246480645306,0.024867516758707575,0.18275131126853297
65.7,0.010877028832403648,0.05951834245486946,0.021754057664807296,0.18216193658110613
65.8,0.011909449289247363,0.059496614041562944,0.023818898578494726,0.18821097352460026
65.8,0.010861085243683396,0.05947475823131877,0.021722170487366792,0.18791755246401853
65.9,0.011880062307710614,0.05945307556975074,0.02376012461542123,0.19354150306516393
65.9,0.01069508357628359,0.059431247160275126,0.02139016715256718,0.1882376104443162
66.0,0.011702032326024826,0.05940958774979669,0.023404064652049653,0.19382875559367052
66.0,0.010560531957166788,0.059387791187627104,0.021121063914333577,0.18721361803937786
66.1,0.011556837434216876,0.05936616013400334,0.023113674868433753,0.19288140749623417
66.1,0.010614729358912877,0.059344420814829636,0.021229458717825753,0.18756173819900013
66.2,0.011601708124591084,0.05932284610262503,0.02320341624918217,0.19368551630391884
66.2,0.011121638724810009,0.05930122667965107,0.022243277449620017,0.1945797413892396
66.3,0.012100653060605551,0.059279776747512884,0.024201306121211102,0.2002189642962579
66.3,0.013075733128768393,0.05925850763189678,0.026151466257536785,0.20694039441699552
66.4,0.01184462142420074,0.05923706780823016,0.02368924284840148,0.18319553554303936
66.4,0.012812336176257117,0.059215804241023934,0.025624672352514234,0.19027826049119723
66.5,0.011532353336897094,0.05919436700337085,0.023064706673794188,0.15817658573019489
66.5,0.012492896499099179,0.059173100868696954,0.024985792998198357,0.16631849668307652
66.6,0.011074318202057983,0.059151646743268636,0.022148636404115966,0.17449748630241033
66.6,0.012028295919950107,0.059130356976657195,0.024056591839900214,0.1812037331427729
66.7,0.010468767232827076,0.059108868860609676,0.02093753446565415,0.16825734680513904
66.7,0.00899116147414309,0.05908722276582018,0.01798232294828618,0.1548660407890966
66.8,0.009935674907023934,0.0590657145394777,0.019871349814047867,0.16124145473948737
66.8,0.010876978653363576,0.05904435487128112,0.02175395730672715,0.16892844726393055
66.9,0.009886321965895858,0.059022889114420975,0.019772643931791716,0.15680750784405917
66.9,0.008922492261056932,0.05900133283288212,0.017844984522113864,0.16832002610990818
67.0,0.009855260117427463,0.05897991178073809,0.019710520234854926,0.175151246410713
67.0,0.008904737141162846,0.05895840208158895,0.017809474282325693,0.15848258810973626
67.1,0.009832057923285162,0.0589370265503757,0.019664115846570324,0.1662260669282541
67.1,0.008978754694095686,0.05891557362988695,0.01795750938819137,0.149761643952941
67.2,0.009900919130555783,0.058894254918799675,0.019801838261111565,0.15851918756514294
67.2,0.009032253962692536,0.058872856301770825,0.01806450792538507,0.14454189259453026
67.3,0.009949597630428278,0.05885159173283861,0.019899195260856557,0.15433477854785244
67.3,0.01086449411164675,0.05883047133248676,0.0217289882232935,0.16497396883811677
67.4,0.010000136879333927,0.0588092608922319,0.020000273758667853,0.15407252277825528
67.4,0.008854101878454404,0.05878793795373214,0.01770820375690881,0.14480994353174084
67.5,0.009762901854066745,0.0587667456184981,0.01952580370813349,0.15619098726568495
67.5,0.008777516113357522,0.05874546186850294,0.017555032226715044,0.1469802495688879
67.6,0.009682580013668821,0.058724307225408716,0.019365160027337642,0.1590612253387615
67.6,0.008829865312031006,0.05870307682083732,0.017659730624062012,0.15228340356782633
67.7,0.009731555137966252,0.05868197553403374,0.019463110275932505,0.16482411532956942
67.7,0.008871819229812079,0.05866079715852855,0.017743638459624157,0.15796711192390062
67.8,0.009770522771113848,0.058639747838723874,0.019541045542227697,0.17084708855741096
67.8,0.008899454997167044,0.058618619724560346,0.01779890999433409,0.16196243873784638
67.9,0.0097955403497203,0.05859762048671156,0.0195910806994406,0.17521398204044214
67.9,0.010690226277280241,0.05857675986830196,0.021380452554560482,0.18885863168445444
68.0,0.009809446849234524,0.058555809087303415,0.01961889369846905,0.18093138956758725
68.0,0.008660858821438536,0.05853474838779854,0.01732171764287707,0.17387853633826822
68.1,0.009553006943913537,0.058513813095322144,0.019106013887827074,0.187112650859538
68.1,0.008596125796421694,0.05849279207398549,0.017192251592843388,0.17431158478007402
68.2,0.009486835584926889,0.058471895406554154,0.018973671169853778,0.18777439556203263
68.2,0.008658613549809329,0.0584509276757567,0.017317227099618658,0.17622513423415687
68.3,0.009548266151446615,0.05843008470380467,0.01909653230289323,0.18976263874289673
68.3,0.010437283726324489,0.058409376170469665,0.020874567452648977,0.2037036606351184
68.4,0.009602084261875742,0.058388585761481496,0.019204168523751484,0.19259148424293834
68.4,0.008481056854158989,0.0583676914178526,0.016962113708317978,0.18299269419987743
68.5,0.00936989712072954,0.05834691945260988,0.01873979424145908,0.1961340063545297
68.5,0.009061319532963762,0.058326134841906484,0.018122639065927523,0.19007869325438112
68.6,0.009950172058918579,0.05830547885716732,0.019900344117837157,0.20326871703428973
68.6,0.009060837125904596,0.058284739965097636,0.018121674251809192,0.1897044496581775
68.7,0.009950218910538275,0.05826412959687525,0.01990043782107655,0.2028733523020732
68.7,0.009014446663288517,0.05824343107231226,0.018028893326577033,0.189650569685959
68.8,0.009904764094848023,0.05822286051382588,0.019809528189696047,0.20275609873927583
68.8,0.008976349047475013,0.05820220315859212,0.017952698094950027,0.18938645504481028
68.9,0.009867989364978734,0.05818167335101362,0.019735978729957467,0.20243378068202417
68.9,0.010760158182819885,0.058161280923006556,0.02152031636563977,0.21596034238912754
69.0,0.010385162804893013,0.058140861483986325,0.020770325609786026,0.21850851047477043
69.0,0.009240211709456422,0.05812032440285482,0.018480423418912845,0.21974173845450432
69.1,0.008233629892851787,0.05809970021308084,0.016467259785703573,0.2001253438226066
69.1,0.009130663817121156,0.05807919559269236,0.018261327634242312,0.21051731261649678
69.2,0.010028749711909484,0.05805882054578069,0.02005749942381897,0.22187251623006898
69.2,0.009121392430259655,0.058038359644684186,0.01824278486051931,0.20057782754757023
69.3,0.010022328914396302,0.0580180284091829,0.020044657828792604,0.21190596936685835
69.3,0.010924574550648157,0.05799783695465287,0.021849149101296313,0.22394913033832903
69.4,0.010011157424032609,0.05797754869630776,0.020022314848065218,0.2038839996979763
69.4,0.0109168087418634,0.057957400389118854,0.0218336174837268,0.21596997415465638
69.5,0.009720957627926049,0.05793712076340798,0.019441915255852097,0.19761850776558856
69.5,0.008453744677111703,0.057916720188078336,0.016907489354223405,0.1796794092065726
69.6,0.009365606419483979,0.05789644265373181,0.018731212838967958,0.19056906424840034
69.6,0.010279359433040725,0.05787629857113174,0.02055871886608145,0.20224307038337686
69.7,0.00981882647453154,0.057856118988689226,0.01963765294906308,0.19356881172175927
69.7,0.009089907199898406,0.05783587585514332,0.018179814399796813,0.18752153251316692
69.8,0.010010622484719654,0.057815763695116436,0.020021244969439307,0.19899747273451662
69.8,0.009059917948948162,0.05779556100881828,0.018119835897896324,0.19756172658796495
69.9,0.00998568360519617,0.057775489422266284,0.01997136721039234,0.20895758544028237
69.9,0.010913863132879934,0.057755559716336245,0.021827726265759868,0.22094532165356667
70.0,0.010037032630972248,0.057735537919606214,0.020074065261944496,0.2199820706778599
70.0,0.008924405214666526,0.05771540724650797,0.01784881042933305,0.20377450860662105
70.1,0.009861365945621413,0.05769540718048635,0.019722731891242826,0.21452912556017925
70.1,0.009260057295767158,0.057675357628012326,0.018520114591534315,0.20510549277854664
70.2,0.010202952614695818,0.05765544313391259,0.020405905229391636,0.21645385117642316
70.2,0.01114877156939457,0.05763567492407777,0.02229754313878914,0.22831256787374787
70.3,0.01026984422431407,0.05761581180841671,0.02053968844862814,0.22483935862019871
70.3,0.011222280120389646,0.05759609650036059,0.02244456024077929,0.2361148490526418
70.4,0.010029103141505019,0.05757624597688548,0.020058206283010038,0.23696343917760232
70.4,0.008752740557979134,0.0575562689123255,0.017505481115958267,0.24054015552478555
70.5,0.00783447091769716,0.057536219340457814,0.01566894183539432,0.23457876034237435
70.5,0.008801655378249182,0.05751629043582187,0.017603310756498364,0.23967901349292525
70.6,0.009772405075009786,0.057496494012318905,0.019544810150019572,0.24645395921289187
70.6,0.008992701694895668,0.05747662868380485,0.017985403389791335,0.2345363927336231
70.7,0.009971081472702346,0.05745689888589647,0.01994216294540469,0.24067444268396282
70.7,0.009154130506380915,0.057437094041473485,0.01830826101276183,0.22868879567802816
70.8,0.010140419972695146,0.05741742748713347,0.020280839945390292,0.234297250974967
70.8,0.009311773591095472,0.05739768282316948,0.018623547182190944,0.2220266641111644
70.9,0.010306240709642402,0.05737807922496937,0.020612481419284803,0.2272720932849968
70.9,0.009599652572912159,0.057358410124799725,0.019199305145824318,0.21579178608529748
71.0,0.010747361666303782,0.05733890552061287,0.021494723332607563,0.22186244576219372
71.0,0.011900556203476093,0.05731958220376522,0.023801112406952186,0.22953763432703844
71.1,0.011156971833628886,0.05730017429702241,0.022313943667257773,0.21674005324838158
71.1,0.01007994442564059,0.057280646720759366,0.02015988885128118,0.2080266356097662
71.2,0.011250863216173643,0.05726129320820383,0.022501726432347286,0.2141304769248782
71.2,0.012427643380552562,0.05724213126854467,0.024855286761105124,0.22168723004607677
71.3,0.011515122499955425,0.05722285585133058,0.02303024499991085,0.20911958041340162
71.3,0.010310910126214315,0.057203439883210645,0.02062182025242863,0.20477163214678828
71.4,0.011506534862184939,0.05718420438289943,0.023013069724369877,0.21038038936390663
71.4,0.010665155526130107,0.05716487510184082,0.021330311052260215,0.20036577694453434
71.5,0.012026497256856505,0.057145755491244364,0.02405299451371301,0.20696946808355526
71.5,0.011356372757217828,0.057126560328999355,0.022712745514435657,0.18904973347755172
71.6,0.01273431813243436,0.05710758865998708,0.02546863626486872,0.19701756791217578
71.6,0.011885197184078173,0.057088509338576225,0.023770394368156346,0.1898216305599233
71.7,0.01093174798520368,0.05706931727309748,0.02186349597040736,0.1853185832886428
71.7,0.012335760298915926,0.057050345188763105,0.024671520597831852,0.1919439909716366
71.8,0.013906351375453424,0.05703164505370272,0.02781270275090685,0.20096602409878273
71.8,0.013076210826721193,0.05701282804538053,0.026152421653442386,0.19487059387086952
71.9,0.014669001664871248,0.05699430081909478,0.029338003329742495,0.2040299244052311
71.9,0.013721502713195256,0.05697562918657208,0.027443005426390513,0.19932722065579783
72.0,0.015337055789784311,0.05695726378581378,0.030674111579568623,0.20826967956144465
72.0,0.014256273165788648,0.05693872293782861,0.028512546331577297,0.20267405869538602
72.1,0.01606001288211009,0.05692053513691177,0.03212002576422018,0.21222203295355352
72.1,0.017877699105710933,0.0569027426623273,0.03575539821142187,0.22289070692898444
72.2,0.0169187361296253,0.0568847660385078,0.0338374722592506,0.21366114949752318
72.2,0.015428364075795658,0.0568665150968275,0.030856728151591316,0.21039059312011876
72.3,0.017290198226729687,0.056848654350678714,0.034580396453459374,0.21917213577324657
72.3,0.019166557092942134,0.05683122891432685,0.03833311418588427,0.22899102993265652
72.4,0.01803753804956422,0.056813566759067624,0.03607507609912844,0.22055529423927067
72.4,0.01650482465232934,0.05679560163458149,0.03300964930465868,0.21846114087438112
72.5,0.018605894768895882,0.056778103969143894,0.037211789537791765,0.22644348360502492
72.5,0.01730645885643282,0.056760341554509534,0.03461291771286564,0.2168840774335924
72.6,0.019623612143677138,0.05674311774248909,0.039247224287354276,0.2251126816446123
72.6,0.018547982039515347,0.0567256631910292,0.037095964079030694,0.21560252705868155
72.7,0.02090888260063843,0.056708792574385714,0.04181776520127686,0.22357840283017716
72.7,0.019650219057995695,0.05669163049465738,0.03930043811599139,0.21404556440447886
72.8,0.022055506868534455,0.05667509506591457,0.04411101373706891,0.2216700312300639
72.8,0.020803263609227355,0.056658252243428305,0.04160652721845471,0.2126308263497867
72.9,0.023445123063980926,0.05664213578315721,0.04689024612796185,0.22054394978070646
72.9,0.022017524844668457,0.056625643793282276,0.044035049689336914,0.21128988682681615
73.0,0.024712139506468347,0.05660993189557494,0.049424279012936695,0.21886588133240842
73.0,0.0232939840695823,0.056593825196651765,0.0465879681391646,0.20994041939620162
73.1,0.026241582999296856,0.05657861916522656,0.05248316599859371,0.21774366160102931
73.1,0.024786589434633775,0.05656298094556996,0.04957317886926755,0.2114169212858099
73.2,0.02799804892221844,0.056548384305873466,0.05599609784443688,0.21916241147328464
73.2,0.026605057775866248,0.05653334434307523,0.053210115551732495,0.19724265136651553
73.3,0.02988728474117406,0.05651944060657972,0.05977456948234812,0.20510415099646928
73.3,0.02852725530358737,0.056505072893931814,0.05705451060717474,0.17721450864661026
73.4,0.03209175207202649,0.05649202478378756,0.06418350414405298,0.18592732670546563
73.4,0.03569612933651407,0.05648046488613057,0.07139225867302813,0.19563709728830436
73.5,0.034049958187069705,0.05646822631727548,0.06809991637413941,0.1869181427255613
73.5,0.03795384305265527,0.05645769526458251,0.07590768610531054,0.1969191120080125
73.6,0.03655587184862161,0.05644654933675712,0.07311174369724321,0.18947249985605508
73.6,0.03376967822204127,0.056434237014940436,0.06753935644408254,0.19272686391637556
73.7,0.037811636166764355,0.05642367934932999,0.07562327233352871,0.19996583712457705
73.7,0.03551892893489358,0.05641212308674539,0.07103785786978715,0.1846582808053444
73.8,0.03988651887095818,0.05640255952065071,0.07977303774191637,0.19194949894378965
73.8,0.03729604604186687,0.0563918062442581,0.07459209208373374,0.1682581341383157
73.9,0.042002702153071454,0.056383306402321226,0.08400540430614291,0.17568150333444646
73.9,0.04676528913806369,0.05637735366350383,0.09353057827612737,0.18408364954755707
74.0,0.0449005839514785,0.056370383250537594,0.089801167902957,0.17539946653037486
74.0,0.04291611036387726,0.056362376827192355,0.08583222072775452,0.15567828345518472
74.1,0.04809666366416751,0.056357204667368745,0.09619332732833502,0.1631493774550128
74.1,0.045024104302088426,0.05635032598128014,0.09004820860417685,0.1532216175154828
74.2,0.05032838652310372,0.05634648217595949,0.10065677304620745,0.16030485874885592
74.2,0.047305998418844274,0.05634087863873048,0.09461199683768855,0.15263421481658013
74.3,0.052996506517702865,0.05633869333586321,0.10599301303540573,0.15993223705807935
74.3,0.04985185681340125,0.056334579195483854,0.0997037136268025,0.15638184881383632
74.4,0.05567629350683105,0.056334139086461225,0.1113525870136621,0.16335469111483392
74.4,0.05263960684253784,0.0563317375675576,0.10527921368507567,0.1611452784492995
74.5,0.05887277543118116,0.056333482570089695,0.11774555086236232,0.1674433006438414
74.5,0.055645807656870105,0.05633302385841298,0.11129161531374021,0.14239100487653322
74.6,0.062022380486133635,0.056337032203439406,0.12404476097226727,0.14850949478842745
74.6,0.0687516908506593,0.056346269067597606,0.1375033817013186,0.1555205123736888
74.7,0.06499406336842613,0.05635250543266236,0.12998812673685226,0.12571517845687716
74.7,0.05949478309426759,0.056354667296207896,0.11898956618853518,0.10657417537749347
74.8,0.06645353925996295,0.05636202717764904,0.1329070785199259,0.1124904708001987
74.8,0.06152782480300317,0.05636563837899635,0.12305564960600635,0.08937977515406048
