Time (s),Error (m),RMS_Err (m),v (m/s),w (rad/s)
0.0,0.10018111120870754,0.10018111120870754,0.0,0.0
0.1,0.10128282890151584,0.10073347624624387,0.010128282890151585,0.2
0.1,0.10273775390604395,0.10140597048656128,0.010273775390604395,0.23315623595818333
0.2,0.10458641508586083,0.10221036000753053,0.020917283017172168,0.4331562359581833
0.2,0.10678971804765205,0.10314249817817388,0.021357943609530413,0.45893901760015066
0.3,0.10939364234843266,0.10421039906396883,0.032818092704529796,0.6589390176001506
0.3,0.11224767666777632,0.10539611307263895,0.033674303000332896,0.6707353294543986
0.4,0.11560537471061991,0.10672569232483707,0.04624214988424796,0.8707353294543987
0.4,0.1190335878609069,0.10816242018206104,0.04761343514436276,0.8598651237281373
0.5,0.1231605826836687,0.10975450395484795,0.06158029134183435,1.0598651237281373
0.5,0.12687496738175053,0.11141966887398276,0.06343748369087526,1.0252214247631375
0.6,0.13174137647181755,0.11325250512555148,0.07904482588309053,1.2152534875874113
0.6,0.13549357434708123,0.11511601763034368,0.08129614460824873,1.161898217779359
0.7,0.14108135528623966,0.11716167599436106,0.09875694870036776,1.3362612699828453
0.7,0.14449775133437534,0.11917930934688228,0.10114842593406273,1.2640096087006678
0.8,0.15078381714606662,0.12139588547370962,0.1206270537168533,1.4204906654167269
0.8,0.15749559379292577,0.12381110807889922,0.1259964750343406,1.3970903994230024
0.9,0.16038774407660733,0.12612173719451159,0.14434896966894661,1.4697683899118987
0.9,0.16166587996712592,0.12823833145211982,0.14549929197041334,1.3636790051968584
1.0,0.16926067476215387,0.13059584592164306,0.16926067476215387,1.4794479637290197
1.0,0.1773002265389883,0.13319174680754833,0.1773002265389883,1.4453092324110486
1.1,0.1778420578173279,0.13554078005920464,0.1956262635990607,1.4407723849678242
1.1,0.1749222527575094,0.13748777998015285,0.19241447803326034,1.3075425063560548
1.2,0.17079111962451524,0.1390347780760307,0.20494934354941827,1.2721997835641046
1.2,0.17973793897885262,0.14088886330153882,0.21568552677462313,1.2154668227898247
1.3,0.18917462524294487,0.14304771042393796,0.24592701281582835,1.2591847731743506
1.3,0.1830075025970563,0.14472458900635968,0.2379097533761732,1.0905991242283453
1.4,0.1930852012203078,0.14672647959881235,0.2703192817084309,1.1093906856322577
1.4,0.18407602540252896,0.1481712031635274,0.2577064355635405,0.938804419500096
1.5,0.19411831924059575,0.14992980355549568,0.2911774788608936,0.9374661257228983
1.5,0.20428116821408632,0.151986754040055,0.30642175232112945,0.8759084223347839
1.6,0.19232832880000064,0.15340809153728646,0.307725326080001,0.7457524789957907
1.6,0.20247003488893522,0.1551229694614278,0.32395205582229636,0.6812036405324294
1.7,0.18609506403642087,0.1561216389887597,0.3163616088619155,0.531254600705297
1.7,0.19623358483436826,0.15740960846287008,0.33,0.4630772078943459
1.8,0.17563961827551813,0.1579444122312905,0.3161513128959326,0.2967950318868637
1.8,0.1533348775528256,0.15782160040026222,0.27600277959508607,0.11625202215997804
1.9,0.16352009723029937,0.1579741943995841,0.31068818473756876,0.039000328558130126
1.9,0.1452416759986628,0.15766056496859196,0.2759591843974593,-0.11135921991647302
2.0,0.15556477727403759,0.15760850992496644,0.31112955454807517,-0.19766121953905236
2.0,0.165921020046058,0.15781646340003316,0.33,-0.26807829190821164
2.1,0.1488612201396049,0.15760915671559989,0.2977224402792098,-0.3672639663490098
2.1,0.12822338897732607,0.15698825176501502,0.25644677795465215,-0.46438392457027744
2.2,0.1386696824457583,0.15659572022595347,0.2773393648915166,-0.5222795036461629
2.2,0.12281569991620953,0.15592457993399336,0.24563139983241905,-0.5844643989970526
2.3,0.1331775999027667,0.15546547438310332,0.2663551998055334,-0.6270893956721431
2.3,0.11928807055030434,0.15478380771415368,0.23857614110060868,-0.6368121015667692
2.4,0.12949282224204772,0.15429919975390205,0.25898564448409545,-0.6649275509002752
2.4,0.13957673683590757,0.1540128096720648,0.27915347367181514,-0.6892683906846655
2.5,0.1262008603264815,0.1535059600639821,0.252401720652963,-0.661846957262827
2.5,0.10985570900447038,0.1527699966410558,0.21971141800894076,-0.6060246412301297
2.6,0.11959848779378358,0.15220027695325541,0.23919697558756717,-0.6095652240852223
2.6,0.10760025098186002,0.15148036038421872,0.21520050196372004,-0.5568313906457074
2.7,0.11706549373419653,0.15091438630563017,0.23413098746839306,-0.5524249903599198
2.7,0.10625755558759796,0.15022098121196592,0.21251511117519592,-0.48298815995388455
2.8,0.11543242016210836,0.1496706813199877,0.23086484032421672,-0.473407858880706
2.8,0.10439611383121651,0.14899499979854863,0.20879222766243302,-0.40147022513541786
2.9,0.11327393425973695,0.14845195740837605,0.2265478685194739,-0.38886986477092234
2.9,0.10189134415317051,0.1477850533828697,0.20378268830634103,-0.31384401237003723
3.0,0.11046838903538907,0.14724062863078674,0.22093677807077813,-0.29987160181267625
3.0,0.09910511319707448,0.14657902174937118,0.19821022639414895,-0.22882951855233397
3.1,0.1073795345151606,0.14603028580433033,0.2147590690303212,-0.21512401003067128
3.1,0.09667370594664873,0.14537778680626381,0.19334741189329746,-0.17300015234421315
3.2,0.104643372525221,0.1448294466726706,0.209286745050442,-0.1606620771295031
3.2,0.09362622655494289,0.14417949615262868,0.18725245310988578,-0.1276677941006189
3.3,0.10128873636923001,0.14362523150910775,0.20257747273846002,-0.11710127361745093
3.3,0.08993439905749709,0.14297217485538039,0.17986879811499418,-0.08859363985723445
3.4,0.09728814616760387,0.14240656636780974,0.19457629233520773,-0.08010581196491749
3.4,0.08639501780633585,0.14175294639165054,0.1727900356126717,-0.06378488943978955
3.5,0.09343932300687346,0.14117921012585685,0.18687864601374693,-0.057592440772164966
3.5,0.08294690498498337,0.14052667758706822,0.16589380996996675,-0.04606933489051924
3.6,0.08968230889156684,0.13994706149896116,0.17936461778313367,-0.04220328635948722
3.6,0.09626401429726937,0.139441141019634,0.19252802859453874,-0.03999643880690451
3.7,0.08600204984184445,0.1388561415114721,0.1720040996836889,-0.033660253592779465
3.7,0.09227838683165548,0.13833829912210843,0.18455677366331097,-0.03336725304200372
3.8,0.07948268648938717,0.13772727020185754,0.15896537297877433,-0.027938774020390023
3.8,0.08545808915177848,0.13717615737669184,0.17091617830355696,-0.029420406676134325
3.9,0.07270904435659846,0.1365424026787424,0.14541808871319692,-0.02839894207293092
3.9,0.06148307281957822,0.1358516843504494,0.12296614563915644,-0.03177932906715575
4.0,0.06701891787939007,0.13520772289708535,0.13403783575878014,-0.03577086232952298
4.0,0.07241189803038267,0.13461117987147161,0.14482379606076534,-0.04035242038155174
4.1,0.050850547664595416,0.13390566062350207,0.10170109532919083,-0.06458935017974153
4.1,0.0559653247204648,0.13323824323578903,0.1119306494409296,-0.07016147109510473
4.2,0.06094413524559301,0.1326096057376534,0.12188827049118602,-0.07613775353870689
4.2,0.05432086554853441,0.13195884337354832,0.10864173109706882,-0.07980568649945285
4.3,0.05903606033763291,0.1313437636598772,0.11807212067526582,-0.0862127593295341
4.3,0.052716486778110895,0.13070898067271916,0.10543297355622179,-0.08190310123623712
4.4,0.05717896155107899,0.13010704977596466,0.11435792310215798,-0.08870452305048071
4.4,0.05093466377743862,0.12948665487170027,0.10186932755487724,-0.08509739168269415
4.5,0.05515591798181791,0.1288964624368553,0.11031183596363582,-0.09223377513843523
4.5,0.05926061026061326,0.12833672410073604,0.11852122052122652,-0.09950057271326451
4.6,0.05301961016680259,0.1277569755424298,0.10603922033360517,-0.0960992436480067
4.6,0.045172284692236685,0.12715456079927365,0.09034456938447337,-0.09648539448127025
4.7,0.04894714541258389,0.12657711802579324,0.09789429082516778,-0.10414894995148538
4.7,0.04317861295516924,0.12598707003590312,0.08635722591033848,-0.10372246807424135
4.8,0.046748482977519316,0.1254199567620511,0.09349696595503863,-0.11147054120605682
4.8,0.041533393043260494,0.12484303199842854,0.08306678608652099,-0.11394164682713803
4.9,0.03656297729581855,0.12425934725441398,0.0731259545916371,-0.11588194904451188
4.9,0.03984838370057357,0.12369503313206266,0.07969676740114714,-0.12326077631642696
5.0,0.043044318543046,0.12315025271153532,0.086088637086092,-0.13081401507809864
5.0,0.046153633069037976,0.1226251081543703,0.09230726613807595,-0.13848418435672039
5.1,0.04117012911293254,0.1220905968528445,0.08234025822586508,-0.1389201420737406
5.1,0.035158325185907946,0.12154585692211928,0.07031665037181589,-0.14497058373952187
5.2,0.03802656682025625,0.1210175503515821,0.0760531336405125,-0.15186319882869326
5.2,0.033474755902657895,0.12048419372977259,0.06694951180531579,-0.14809510671062465
5.3,0.03619528809973128,0.1199660485557888,0.07239057619946256,-0.15462566128621325
5.3,0.03211138415366632,0.1194444906244742,0.06422276830733264,-0.152274452433749
5.4,0.03469430247237397,0.11893708393834843,0.06938860494474794,-0.15846744924338607
5.4,0.03721167097383097,0.11844388372521751,0.07442334194766194,-0.16503070810551587
5.5,0.03321444273965546,0.11794679620008205,0.06642888547931092,-0.1612769693161339
5.5,0.02904953456478632,0.11744667243697222,0.05809906912957264,-0.1612321386371155
5.6,0.031385490567809385,0.11695878643784935,0.06277098113561877,-0.1665951276562269
5.6,0.0277631359625308,0.11646940640190213,0.0555262719250616,-0.1448056196622559
5.7,0.02440573487360055,0.11597997773416609,0.0488114697472011,-0.14229375775232356
5.7,0.02657906416106325,0.1155012118689102,0.0531581283221265,-0.14688723670755421
5.8,0.028701810603051766,0.11503315629216561,0.05740362120610353,-0.15219784673374495
5.8,0.03077579671760085,0.11457583936564364,0.0615515934352017,-0.15804370023626424
5.9,0.02746170283365515,0.11411732114194806,0.0549234056673103,-0.1538391784767099
5.9,0.029444006895277618,0.11366887565125222,0.058888013790555235,-0.1596646317803251
6.0,0.02535589884620532,0.11321792788441458,0.05071179769241064,-0.16735850422481727
6.0,0.02133736908234347,0.11276579937872319,0.04267473816468694,-0.17299372720308903
6.1,0.023194967332494803,0.1123223257504123,0.046389934664989606,-0.17702502982466373
6.1,0.020825686227354787,0.1118805584936476,0.041651372454709575,-0.17155934171788068
6.2,0.022607368850074933,0.11144700735120616,0.04521473770014987,-0.1754285447599394
6.2,0.020180641966309525,0.1110149991237259,0.04036128393261905,-0.15331398655220818
6.3,0.021891930550251525,0.11059078402532424,0.04378386110050305,-0.15716580633225175
6.3,0.019520875471126662,0.11016814546705177,0.039041750942253324,-0.13831998167365078
6.4,0.021166871957496825,0.10975290469803453,0.04233374391499365,-0.1424377000278275
6.4,0.018863758159381804,0.10933929316502944,0.03772751631876361,-0.1257663991018323
6.5,0.020449200180768054,0.10893271115113917,0.04089840036153611,-0.13032234982138724
6.5,0.018218355320738573,0.10852781439334323,0.036436710641477146,-0.1169583385366676
6.6,0.019747637197134477,0.10812960448354432,0.039495274394268955,-0.12206977921097362
6.6,0.017576769602997266,0.1077331164697901,0.03515353920599453,-0.10966893702252267
6.7,0.019053973096119284,0.10734299527375564,0.03810794619223857,-0.11538400504086044
6.7,0.016975914212968114,0.10695466947938931,0.03395182842593623,-0.10612921891219707
6.8,0.01840482870147084,0.10657241449943862,0.03680965740294168,-0.11246606655904881
6.8,0.016401331357130056,0.10619199730851604,0.03280266271426011,-0.10440818520796022
6.9,0.017785483617441422,0.10581737561363404,0.035570967234882844,-0.11133879916103007
6.9,0.015853942735218927,0.10544462527732543,0.031707885470437853,-0.10393631581741714
7.0,0.017196615888641936,0.10507741413496481,0.03439323177728387,-0.11141269767890472
7.0,0.015512052683317809,0.10471228525535299,0.031024105366635617,-0.1354188653026701
7.1,0.01681634764858308,0.10435247110011389,0.03363269529716616,-0.14305189596460988
7.1,0.014994353224709284,0.10399452172688277,0.02998870644941857,-0.1427439124519453
7.2,0.016263156362687416,0.1036416619358539,0.03252631272537483,-0.15036388802091935
7.2,0.017515020075492736,0.10329390023447371,0.03503004015098547,-0.15834867434607058
7.3,0.015741844793831464,0.10294779001256119,0.03148368958766293,-0.15740730951306048
7.3,0.016962145440697136,0.10260656795538241,0.03392429088139427,-0.16533460511216358
7.4,0.014824479003705296,0.10226659681441655,0.029648958007410593,-0.17243100149857044
7.4,0.016015771723397326,0.1019312873866362,0.03203154344679465,-0.1795909174985869
7.5,0.013791982792497505,0.101597189386505,0.02758396558499501,-0.1847288398598036
7.5,0.011733503203434381,0.10126471796496238,0.023467006406868763,-0.19015738581131308
7.6,0.01288557132563787,0.100936471902257,0.02577114265127574,-0.19492548260568143
7.6,0.011564059278523551,0.10061041715703456,0.023128118557047102,-0.18676309450206607
7.7,0.012692321112066595,0.10028844339210058,0.02538464222413319,-0.1913049266959796
7.7,0.011496670645057138,0.09996867388852039,0.022993341290114277,-0.18278663832996828
7.8,0.012603051988216863,0.09965285513069104,0.025206103976433726,-0.18725625160152418
7.8,0.011402673835233846,0.09933915080378716,0.022805347670467692,-0.17917474488102014
7.9,0.012489001949428436,0.09902927184274415,0.024978003898856873,-0.1836954011884925
7.9,0.011287214236963203,0.09872142614748951,0.022574428473926406,-0.17608519157295016
8.0,0.012355224125518162,0.09841728533639536,0.024710448251036323,-0.1807567362989041
8.0,0.011158278583114401,0.09811510655615445,0.022316557166228802,-0.17377113267656435
8.1,0.012209623551104441,0.0978165172804458,0.024419247102208882,-0.17865924074998019
8.1,0.01102222095523367,0.09751982651712633,0.02204444191046734,-0.1718765163132802
8.2,0.012058478610024957,0.09722661505871051,0.024116957220049914,-0.1770613808140868
8.2,0.010883624965901883,0.09693524424316205,0.021767249931803765,-0.17071557862772635
8.3,0.011906309475114478,0.09664724767878342,0.023812618950228955,-0.17624329153422402
8.3,0.012922623415714105,0.09636263887411278,0.02584524683142821,-0.18280465221815775
8.4,0.011756738799143806,0.09607969891820892,0.023513477598287612,-0.17653366797744252
8.4,0.010239583902950185,0.0957982558582445,0.02047916780590037,-0.1669288463382873
8.5,0.011239498957767019,0.09551997052797928,0.022478997915534038,-0.1727911283631881
8.5,0.012234441395830511,0.09524485811049467,0.024468882791661022,-0.1797373022141534
8.6,0.011110044753044095,0.09497135815155339,0.02222008950608819,-0.16300583327433743
8.6,0.009868996581574278,0.09469944920481932,0.019737993163148556,-0.14786553610035075
8.7,0.010851419039474322,0.09443051559314597,0.021702838078948645,-0.15461701041257297
8.7,0.011829766627956088,0.09416457384391518,0.023659533255912177,-0.16239630917570091
8.8,0.01075711484784591,0.0939001807645699,0.02151422969569182,-0.14782913031976408
8.8,0.009486305616785162,0.09363726516781859,0.018972611233570323,-0.1363535686038186
8.9,0.010453419687452472,0.0933771559400444,0.020906839374904944,-0.1445028044748316
8.9,0.011416733018343115,0.09311987050253395,0.02283346603668623,-0.1535340068633945
9.0,0.010459680155567483,0.09286411654371708,0.020919360311134966,-0.14379338967533725
9.0,0.009303602183936386,0.09260981244842903,0.018607204367872773,-0.1504100202077696
9.1,0.010256728870411808,0.09235816875052048,0.020513457740823617,-0.1583418788681359
9.1,0.00929059234818051,0.09210803878657578,0.01858118469636102,-0.14490049776102693
9.2,0.010237093914043632,0.09186050436249898,0.020474187828087263,-0.15371935372039552
9.2,0.011180245980240875,0.09161558388794834,0.02236049196048175,-0.16341030210720606
9.3,0.010265164503030205,0.0913720736748446,0.02053032900606041,-0.15236777403318613
9.3,0.011202162856337128,0.09113111774213074,0.022404325712674256,-0.1627146826783518
9.4,0.00995707620710561,0.09089132567161294,0.01991415241421122,-0.1527590875072193
9.4,0.008673540504204923,0.09065274898388605,0.017347081008409846,-0.14453979563308117
9.5,0.00960225822765896,0.09041655801864679,0.01920451645531792,-0.15503469142134335
9.5,0.010528112243670913,0.0901827723618459,0.021056224487341825,-0.16624115670972958
9.6,0.009739633364811345,0.08995036115923556,0.01947926672962269,-0.15250792976535338
9.6,0.00864966218445737,0.08971918687968405,0.01729932436891474,-0.14093035923804725
9.7,0.00956810722741486,0.08949028974813465,0.01913621445482972,-0.15308076848084623
9.7,0.008703401275630044,0.08926270847621938,0.01740680255126009,-0.14612189598915964
9.8,0.009617256046408527,0.08903735632241543,0.019234512092817055,-0.15878907846926898
9.8,0.01052875093388038,0.08881425365464536,0.02105750186776076,-0.17186239569793044
9.9,0.009702344522390709,0.08859237463420679,0.019404689044781417,-0.16447689784179675
9.9,0.008953925674090367,0.0883717798632587,0.017907851348180733,-0.16889440329356686
10.0,0.009859822617784163,0.08815333061960577,0.019719645235568326,-0.18130357516724552
10.0,0.01076371364613603,0.0879370477396245,0.02152742729227206,-0.19419822487033983
10.1,0.00983446277504367,0.08772184081920575,0.01966892555008734,-0.1819408889726097
10.1,0.008991411036529286,0.08750778598794302,0.017982822073058572,-0.2067994405881253
10.2,0.009891071850857067,0.08729578951366905,0.019782143701714133,-0.21733168220497678
10.2,0.008964024456896922,0.08708486319606015,0.017928048913793845,-0.2035968181154976
10.3,0.00986105202215797,0.08687595181881795,0.01972210404431594,-0.21387191350725138
10.3,0.00897053575733328,0.08666809523414147,0.01794107151466656,-0.19386512939845835
10.4,0.009865253681216064,0.08646221330769624,0.019730507362432127,-0.20435908162306646
10.4,0.008971748595701863,0.0862573503677878,0.017943497191403725,-0.18641204323621538
10.5,0.00986452590345896,0.08605442302895695,0.01972905180691792,-0.19725970111533506
10.5,0.008968478103915139,0.0858524805361221,0.017936956207830278,-0.18104782279660409
10.6,0.009859692568917259,0.08565243580381518,0.019719385137834517,-0.1923195640097226
10.6,0.008962528103767834,0.08545334382633989,0.017925056207535667,-0.17755150948234952
10.7,0.009852564789532371,0.08525611302329107,0.019705129579064742,-0.18926651423351723
10.7,0.008954613045157793,0.08505980424117444,0.017909226090315585,-0.17562000237715603
10.8,0.009843862983359047,0.08486532128884235,0.019687725966718094,-0.18775986446113802
10.8,0.00893484340987319,0.08467172573192869,0.01786968681974638,-0.17577626267657814
10.9,0.009823710361615355,0.0844799214059053,0.01964742072323071,-0.18825024944366958
10.9,0.008926535686078907,0.08428898256334272,0.017853071372157813,-0.176476183888725
11.0,0.00981541719001508,0.08409980212324086,0.01963083438003016,-0.18921543795058332
11.0,0.00891558119324918,0.08391145854384191,0.01783116238649836,-0.17803413753128447
11.1,0.009804880859894503,0.08372484161732131,0.019609761719789006,-0.19094437652733331
11.1,0.008916997156873939,0.08353904094939334,0.017833994313747877,-0.19077396220280757
11.2,0.009807107966247244,0.08335493690009638,0.01961421593249449,-0.20380984435769647
11.2,0.01069750962351456,0.08317255503458691,0.02139501924702912,-0.2173296382382491
11.3,0.009809921860338335,0.08299090643589724,0.01961984372067667,-0.2180620502507432
11.3,0.008618924548384975,0.08280988125502751,0.01723784909676995,-0.22629495665935728
11.4,0.009512051836340619,0.08263048239443985,0.019024103672681238,-0.23822991154969378
11.4,0.010405871467398365,0.0824527365393959,0.02081174293479673,-0.2508362533792638
11.5,0.009535323138997328,0.08227569861715964,0.019070646277994655,-0.24777338983078298
11.5,0.008408852472964506,0.08209928375695345,0.01681770494592901,-0.25022130900146555
11.6,0.00930657940294982,0.08192443309750622,0.01861315880589964,-0.2600564823948014
11.6,0.00842807374074601,0.08175030515945361,0.01685614748149202,-0.2538252143758694
11.7,0.0093286044379055,0.08157771740405895,0.018657208875811,-0.2628944352307564
11.7,0.00855210924654495,0.08140587435432059,0.0171042184930899,-0.253421672480342
11.8,0.009455786517159762,0.08123555311080753,0.018911573034319524,-0.2618882861649433
11.8,0.008660786898020243,0.08106594102613562,0.017321573796040487,-0.25172110940828546
11.9,0.007845237692875161,0.080897053525297,0.015690475385750323,-0.24332444515516344
11.9,0.008754467551000624,0.0807296215394272,0.017508935102001248,-0.24914140152252
12.0,0.009665500620402221,0.08056367514385074,0.019331001240804443,-0.25673378115956064
12.0,0.008836761534602786,0.08039837194627934,0.017673523069205572,-0.245951744954225
12.1,0.009751995775471244,0.08023453663793921,0.019503991550942488,-0.2532402343064206
12.1,0.008911016235558043,0.08007131534881488,0.017822032471116085,-0.24257903574451284
12.2,0.00983079545063715,0.07990954469062335,0.0196615909012743,-0.24961303237299942
12.2,0.010752781775903202,0.07974925611541302,0.021505563551806404,-0.2579939122988174
12.3,0.007771244442847175,0.07958854137113347,0.01554248888569435,-0.23592700508549214
12.3,0.00869865206884462,0.07942919598735021,0.01739730413768924,-0.2398833189948647
12.4,0.009628585389200927,0.07927125266903927,0.019257170778401854,-0.24589282417526082
12.4,0.010561081989118138,0.0791147442932757,0.021122163978236276,-0.25340771135155504
12.5,0.009722709208806286,0.07895875073625136,0.019445418417612572,-0.2401899636003227
12.5,0.008568061827670238,0.07880316117844854,0.017136123655340476,-0.23302831018835307
12.6,0.009509423248593947,0.07864893162352124,0.019018846497187894,-0.23826697466803143
12.6,0.008688517767654082,0.07849524571117912,0.017377035535308165,-0.22566354548868478
12.7,0.009636031724883955,0.07834290825905878,0.01927206344976791,-0.23100960844819995
12.7,0.008857506955751942,0.0781911112532406,0.017715013911503884,-0.21931243848604765
12.8,0.009811476303063338,0.07804065407430712,0.019622952606126676,-0.22474800952858287
12.8,0.009007220297537841,0.07789070248742372,0.018014440595075683,-0.21371704752672904
12.9,0.009967939623808217,0.07774208187837651,0.019935879247616434,-0.2192672893880404
12.9,0.010932002981149073,0.07759482883755932,0.021864005962298146,-0.22623101175710603
13.0,0.010108592799988124,0.07744800157306288,0.020217185599976248,-0.21452079852775807
13.0,0.009135495393634244,0.07730155965544742,0.018270990787268487,-0.2161373817946196
13.1,0.010110644530293804,0.07715642505145391,0.020221289060587608,-0.22061824848733957
13.1,0.009186050168972379,0.07701168328525093,0.018372100337944758,-0.21396189746228378
13.2,0.008337439031263001,0.07686740219187645,0.016674878062526002,-0.2036066738737885
13.2,0.009324166648524973,0.07672437032065582,0.018648333297049947,-0.20596196681515477
13.3,0.010314779465981503,0.07658262725232984,0.020629558931963006,-0.210314799695419
13.3,0.011452193585259276,0.07644229256457866,0.022904387170518552,-0.21706621952460514
13.4,0.010738402244880266,0.07630236264186739,0.021476804489760533,-0.20518570205903452
13.4,0.009658897086747685,0.07616268149880666,0.01931779417349537,-0.19941767111575537
13.5,0.010812770599348721,0.07602435663042434,0.021625541198697442,-0.20486383879138226
13.5,0.009978026072283472,0.07588638130943215,0.019956052144566944,-0.1984970106581717
13.6,0.011143222216249889,0.07574976918753773,0.022286444432499778,-0.20411203454831306
13.6,0.01033182526527881,0.07561349171498967,0.02066365053055762,-0.19469546807397042
13.7,0.011508666622212518,0.07547858701314578,0.023017333244425037,-0.20067930979403303
13.7,0.010639260454827845,0.07534395984907674,0.02127852090965569,-0.19206558852441408
13.8,0.011828077738607713,0.0752107132266585,0.023656155477215425,-0.19830048536646183
13.8,0.013173063328798576,0.07507900319379007,0.02634612665759715,-0.20681209027466496
13.9,0.012411249494020563,0.07494754402301572,0.024822498988041126,-0.1985639262798784
13.9,0.013771980124041261,0.07481765211923909,0.027543960248082523,-0.20738075590405236
14.0,0.012581180388693375,0.07468771423757133,0.02516236077738675,-0.20285407168320624
14.0,0.011226622092786657,0.0745577075048131,0.022453244185573314,-0.2019109275537886
14.1,0.012612153492651537,0.0744291849574801,0.025224306985303074,-0.20837794140612353
14.1,0.01226642833575838,0.07430114621273032,0.02453285667151676,-0.21320766123460788
14.2,0.013825581482739192,0.07417475605271033,0.027651162965478385,-0.21918832966652252
14.2,0.015395056470242575,0.07405012592097003,0.03079011294048515,-0.22696794378818264
14.3,0.014557381395165502,0.07392556606112378,0.029114762790331004,-0.21467750359286253
14.3,0.013161524190203184,0.073800752819779,0.026323048380406368,-0.20815038257341767
14.4,0.014763596869630217,0.07367765129038842,0.029527193739260434,-0.2141588466186577
14.4,0.013689410788739913,0.07355447888649262,0.027378821577479825,-0.2037240197896515
14.5,0.01531358158968998,0.07343305748243166,0.03062716317937996,-0.20999087264880134
14.5,0.014395905020114985,0.07331163257800853,0.02879181004022997,-0.20110646477753147
14.6,0.0162095081929733,0.07319213854527232,0.0324190163859466,-0.20832631418916636
14.6,0.015183782469235971,0.07307251477001528,0.030367564938471942,-0.19988984104919777
14.7,0.01702512287148824,0.07295489316394285,0.03405024574297648,-0.20732355381205758
14.7,0.015871711479117707,0.07283699803879701,0.031743422958235415,-0.19956675043228556
14.8,0.017912308019089933,0.07272131166385858,0.035824616038179866,-0.2077420425250831
14.8,0.016821232897344895,0.07260534314101194,0.03364246579468979,-0.2005896809937857
14.9,0.018895939372808496,0.07249168442832246,0.03779187874561699,-0.20884863204464832
14.9,0.017658007670038427,0.07237756378252642,0.035316015340076855,-0.20209145778158344
15.0,0.01976736119125375,0.07226584621053656,0.0395347223825075,-0.2101917586270331
15.0,0.022072210874793417,0.07215691974171673,0.04414442174958683,-0.22021467013390544
15.1,0.01685449665917181,0.07204388414070627,0.03370899331834362,-0.23789267289242777
15.1,0.019201769254510795,0.07193336031980843,0.03840353850902159,-0.2420515246645386
15.2,0.021569719398668252,0.07182560604479538,0.043139438797336505,-0.24836393898067533
15.2,0.020074762553057995,0.07171697496516528,0.04014952510611599,-0.23564112099307533
15.3,0.022671571365450355,0.0716114235803654,0.04534314273090071,-0.24183943481673176
15.3,0.021313593894334647,0.07150504506858389,0.042627187788669293,-0.22855555738362343
15.4,0.023959819267571566,0.07140192425080887,0.04791963853514313,-0.23450958164609037
15.4,0.026630547139633896,0.0713023894793844,0.05326109427926779,-0.24201741775955965
15.5,0.025304762052891252,0.07120179934598268,0.050609524105782504,-0.228019052351079
15.5,0.023297369206152097,0.07109950906222612,0.046594738412304194,-0.2175494824417301
15.6,0.026244981833137424,0.07100102468148448,0.05248996366627485,-0.22314581529262512
15.6,0.024479451156407497,0.07090101639400433,0.048958902312814995,-0.20818810570999013
15.7,0.027686735645856112,0.0708052680008647,0.055373471291712224,-0.21415021877016538
15.7,0.026074678495007345,0.07070805359339316,0.05214935699001469,-0.20311686289624764
15.8,0.02934817678707596,0.07061538723681006,0.05869635357415192,-0.20918336354204037
15.8,0.03265446853599489,0.07052776966853391,0.06530893707198979,-0.2166863375316781
15.9,0.025198036701815894,0.07043096571839226,0.05039607340363179,-0.18193000629318945
15.9,0.028786122883603722,0.07033895314796866,0.057572245767207444,-0.18581687360534116
16.0,0.03241149225193243,0.07025233096855057,0.06482298450386487,-0.19172689738203125
16.0,0.030681190004270224,0.07016371903528433,0.06136238000854045,-0.1750146759822315
16.1,0.03460317213969016,0.0700812198957126,0.06920634427938031,-0.1816564358171342
16.1,0.038566795308701274,0.070005548535678,0.07713359061740255,-0.18958220516043256
16.2,0.036618883282718916,0.0699270311335233,0.07323776656543783,-0.17651886479575604
16.2,0.03359096153644526,0.06984422689731407,0.06718192307289052,-0.14667268500987274
16.3,0.03791236861390038,0.06976862633042086,0.07582473722780075,-0.15381931350013292
16.3,0.035688433105222093,0.06968981563782994,0.07137686621044419,-0.13963331682429134
16.4,0.04010292954242254,0.06961872354129768,0.08020585908484508,-0.14715099543519702
16.4,0.03808295033114428,0.06954454036359783,0.07616590066228857,-0.13607153928927154
16.5,0.04283117825340747,0.06947910712522147,0.08566235650681495,-0.1448264277673792
16.5,0.040185718824595026,0.06940922868631354,0.08037143764919005,-0.1416781296777072
16.6,0.04503583833240708,0.06934867826101863,0.09007167666481417,-0.15043390308990157
16.6,0.04233696323979192,0.06928332883795385,0.08467392647958384,-0.1492857404502732
16.7,0.047540028642092544,0.06922842255320168,0.09508005728418509,-0.15810646484996926
16.7,0.04495222707039848,0.06916863628201189,0.08990445414079697,-0.15149187332143388
16.8,0.050265388473719065,0.06912004721323604,0.10053077694743813,-0.16037332115337177
16.8,0.05588980200423295,0.0690845364687937,0.1117796040084659,-0.170077307488937
16.9,0.05327573032539061,0.0690431038679412,0.10655146065078122,-0.16517477496629399
16.9,0.04834246068428404,0.06899117463773334,0.09668492136856809,-0.1549831356905433
17.0,0.05414542731419327,0.06895219754219281,0.10829085462838654,-0.16265359883948682
17.0,0.05039959972192814,0.06890509443341425,0.10079919944385628,-0.1334653931865244
17.1,0.056589132915731186,0.06887229336275373,0.11317826583146237,-0.14148766209281646
17.1,0.06284059022692787,0.0688554762056222,0.12568118045385573,-0.1499435216074314
17.2,0.0600516449298913,0.06883151562896164,0.1201032898597826,-0.13398047691457626
17.2,0.054273418138222486,0.06879377034015283,0.10854683627644497,-0.12452168292943688
17.3,0.060709343813822855,0.06877177434276018,0.12141868762764571,-0.13230419681580896
17.3,0.06748878367539739,0.06876811135450185,0.13497756735079477,-0.14073526161385527
17.4,0.06378673667627797,0.06875431411962331,0.12757347335255595,-0.11882642889524186
17.4,0.05795134229007949,0.06872578594526091,0.11590268458015898,-0.11165353271519174
17.5,0.06492297439289138,0.0687152205592673,0.12984594878578276,-0.11887369857742835
17.5,0.07195622802015103,0.06872467130479001,0.14391245604030206,-0.126408001869182
17.6,0.06729546707229594,0.06872065316657305,0.1345909341445919,-0.11445945853033401
17.6,0.07475019901567692,0.068738481057577,0.14950039803135384,-0.12205888076674021
17.7,0.06850540236396235,0.06873782375632254,0.1370108047279247,-0.11028766127422873
17.7,0.06122438998296751,0.06871781294688616,0.12244877996593502,-0.10667769100687607
17.8,0.0688707210292599,0.06871824294049814,0.1377414420585198,-0.11292127419580655
17.8,0.07657802765096754,0.06874151427714746,0.15315605530193507,-0.11952734722647085
17.9,0.07189215312690421,0.06875051603599878,0.14378430625380842,-0.11525729142835472
17.9,0.0648983147758154,0.06874008549889839,0.1297966295516308,-0.10720113522937136
18.0,0.07278407843275964,0.0687516482691591,0.14556815686551927,-0.11254663616538041
18.0,0.06773947733108343,0.06874886505415269,0.13547895466216686,-0.10173039558722397
18.1,0.06273670342880301,0.06873298123954981,0.12547340685760602,-0.09453391857692739
18.1,0.07111845976719443,0.06873966651852413,0.14223691953438886,-0.09899439525786871
18.2,0.07955756235533923,0.06877171709133138,0.15911512471067846,-0.104046444789746
18.2,0.07425905828282262,0.06878734890518344,0.14851811656564523,-0.09343360429269953
18.3,0.0828094703913825,0.06882955264664727,0.165618940782765,-0.0984018111681586
18.3,0.07722799358152735,0.0688538285324299,0.1544559871630547,-0.08091219680052397
18.4,0.07068620407135894,0.06885887388460536,0.14137240814271787,-0.06658865766857991
18.4,0.07939324857129265,0.06888959921214555,0.1587864971425853,-0.07172892016250687
18.5,0.07244092244312474,0.06889944407692637,0.14488184488624947,-0.07117234534565231
18.5,0.08124522743514705,0.0689356929678931,0.1624904548702941,-0.07623670888587597
18.6,0.09043725565629315,0.06900247463250139,0.1808745113125863,-0.08177054802284323
18.6,0.08382519277311799,0.06904646807210464,0.16765038554623599,-0.06537601717331754
18.7,0.09311214753838071,0.06912198731914962,0.18622429507676141,-0.07135533903976343
18.7,0.08618881235745034,0.06917309855428665,0.17237762471490067,-0.06126780089970851
18.8,0.09556402976240826,0.0692566259625769,0.1911280595248165,-0.06756365020746591
18.8,0.0883001361038902,0.06931406026236775,0.1766002722077804,-0.05951400907497617
18.9,0.08052310422318035,0.06934610410629406,0.1610462084463607,-0.04738306832315553
18.9,0.0900181388406755,0.06940874915014705,0.180036277681351,-0.05442663360471234
19.0,0.09954936239743437,0.06950522122300944,0.19909872479486873,-0.061273424449109326
19.0,0.09173301299365944,0.06957285765578687,0.18346602598731887,-0.08166180344720829
19.1,0.10133190400695179,0.06967489756192576,0.20266380801390357,-0.08860064589120807
19.1,0.09297127346993142,0.06974585632042171,0.18594254693986284,-0.08217848086812984
19.2,0.102631258153662,0.06985160477162901,0.205262516307324,-0.088555112689914
19.2,0.0940302830228219,0.0699252369351343,0.1880605660456438,-0.09106304981478508
19.3,0.10374424061078148,0.07003395346469057,0.20748848122156296,-0.09682054127837825
19.3,0.09471152354787156,0.07010891421571509,0.18942304709574312,-0.09586371043231123
19.4,0.10447229779397724,0.07021909790897654,0.20894459558795447,-0.10088372268922097
19.4,0.09562948191555468,0.07029619709347104,0.19125896383110935,-0.0886713344329555
19.5,0.10542961311608265,0.07040870475503053,0.2108592262321653,-0.09323830181823213
19.5,0.09615672397698742,0.07048655420610825,0.19231344795397484,-0.09183370930412794
19.6,0.10598891303079584,0.07059983866965452,0.21197782606159168,-0.09592390987449906
19.6,0.09662765278725083,0.07067823181074705,0.19325530557450166,-0.09353463382040793
19.7,0.10648452673280405,0.07079203918699563,0.2129690534656081,-0.09718206975203089
19.7,0.11635057771618681,0.07094432662953416,0.23270115543237363,-0.10111866711562478
19.8,0.10692294633550013,0.07105812852754842,0.21384589267100026,-0.09735608810844831
19.8,0.09525432495054119,0.07112941708183532,0.19050864990108238,-0.09229111252189104
19.9,0.10513844123308923,0.07123521621573486,0.21027688246617846,-0.09497668566839623
19.9,0.09588455721505065,0.07130764559806084,0.1917691144301013,-0.0947117003226483
20.0,0.10577099356410655,0.0714145442303992,0.2115419871282131,-0.09748992058636952
20.0,0.11565556540329687,0.07155889855393181,0.23131113080659374,-0.10069841688114156
20.1,0.10640351910582331,0.07166659903516046,0.21280703821164662,-0.09582234713478546
20.1,0.11627943422512464,0.07181161038451202,0.23255886845024928,-0.09882209271760711
20.2,0.10407389186875945,0.07190933943414654,0.2081477837375189,-0.11379140138520394
20.2,0.11393389214063525,0.07204329945131431,0.2278677842812705,-0.11629428362381278
20.3,0.10056301885296792,0.0721274000133883,0.20112603770593585,-0.11757549292417635
20.3,0.11039974688504786,0.07224628584665282,0.22079949377009572,-0.11936888609199348
20.4,0.09778305243669154,0.07231990026497057,0.19556610487338308,-0.11811501798196969
20.4,0.08569262887451758,0.07235561054230143,0.17138525774903515,-0.1259394445068256
20.5,0.09548055424704141,0.07242099642337843,0.19096110849408282,-0.12531834823283527
20.5,0.1052485042193079,0.07251890506183384,0.2104970084386158,-0.12582768809333156
20.6,0.09732585213442359,0.07258938021678107,0.19465170426884718,-0.11138655784467288
20.6,0.08661693236768504,0.07262661747197044,0.17323386473537009,-0.09135559010370886
20.7,0.09631407317883357,0.07269313371230324,0.19262814635766715,-0.09074340205679253
20.7,0.08831144249207343,0.0727347991834365,0.17662288498414686,-0.08446807700328196
20.8,0.09795240529268934,0.07280589221896117,0.19590481058537867,-0.08460202286805242
20.8,0.0902174812130554,0.07285262443167215,0.1804349624261108,-0.07781480274180108
20.9,0.09979510203461409,0.07292895868296158,0.19959020406922817,-0.07855153262991199
20.9,0.09160772337758402,0.07297922964523379,0.18321544675516804,-0.07805630107886442
21.0,0.10111489710807454,0.07305908889539356,0.2022297942161491,-0.07950711686268974
21.0,0.11058406509618045,0.07317102656203352,0.2211681301923609,-0.08172042031287298
21.1,0.10224983970755842,0.07325357928702196,0.20449967941511685,-0.07651556262191073
21.1,0.09025388688532603,0.0732984189413699,0.18050777377065205,-0.07413843073393367
21.2,0.099599390488103,0.07337154198324218,0.199198780976206,-0.07631971886022226
21.2,0.09056152901041065,0.07341671321000641,0.1811230580208213,-0.08132156563216575
21.3,0.09981598531781337,0.07348978861092004,0.19963197063562674,-0.08376073846631726
21.3,0.09115259198418559,0.07353610978454617,0.18230518396837117,-0.08305479134496128
21.4,0.10029563672382177,0.07360997076319138,0.20059127344764355,-0.08574699436282973
21.4,0.10934543551339548,0.0737134172371209,0.21869087102679097,-0.08905332233131458
21.5,0.09997957293018726,0.0737853492083829,0.19995914586037453,-0.0907828093663634
21.5,0.08755889882317984,0.0738202808641642,0.17511779764635968,-0.09666223415211972
21.6,0.09631490183415309,0.07388026093528059,0.19262980366830618,-0.09958281860096554
21.6,0.0867138970541637,0.07391246706234776,0.1734277941083274,-0.10697180694031472
21.7,0.09526175765816834,0.07396874198690186,0.19052351531633668,-0.10969644094500319
21.7,0.08713958804628005,0.07400170807523986,0.1742791760925601,-0.11159832915256526
21.8,0.09547020943065615,0.07405806871219549,0.1909404188613123,-0.11424605134943122
21.8,0.08637477017743583,0.0740885908102552,0.17274954035487167,-0.1121593871232327
21.9,0.09447973311120912,0.07414153361441951,0.18895946622241824,-0.11486950867990253
21.9,0.08542276396716192,0.07416918106841208,0.17084552793432384,-0.10681040875782655
22.0,0.09329441164528947,0.07421823539678894,0.18658882329057894,-0.10961844882955926
22.0,0.08428197997661567,0.07424259885741707,0.16856395995323134,-0.09908419124418066
22.1,0.09191346191652455,0.07428732255767102,0.1838269238330491,-0.10207926699754791
22.1,0.08274188896882594,0.07430749063107671,0.16548377793765187,-0.10957736487670222
22.2,0.09012737877859181,0.07434690336898941,0.18025475755718362,-0.11251382103848262
22.2,0.08080374722020468,0.07436204165761448,0.16160749444040937,-0.10832684729615494
22.3,0.08793821388051835,0.07439525276926719,0.1758764277610367,-0.11154825796443757
22.3,0.07873639718162144,0.07440524718203398,0.15747279436324288,-0.10759238647232383
22.4,0.08561598119639507,0.07443215147376987,0.17123196239279015,-0.11111699947172404
22.4,0.09236664211970914,0.07447689338513198,0.1847332842394183,-0.11526518753964021
22.5,0.08352728722308882,0.074498224315866,0.16705457444617763,-0.11588347087094308
22.5,0.07231169150552508,0.07449344712213048,0.14462338301105016,-0.11483010373083483
22.6,0.07867488432499421,0.07450295711820834,0.15734976864998843,-0.11823895923868277
22.6,0.07023815989303336,0.07449381145392758,0.14047631978606673,-0.09684520375238526
22.7,0.07634192956276477,0.074497932580251,0.15268385912552954,-0.10069338394444816
22.7,0.06827385172754212,0.07448482356068013,0.13654770345508424,-0.09006557044746509
22.8,0.07411910052041802,0.07448402350115542,0.14823820104083604,-0.09449888438544485
22.8,0.06664068312598026,0.0744677626902729,0.13328136625196052,-0.11285326917066407
22.9,0.0722298496095733,0.07446294968303162,0.1444596992191466,-0.1173337435839441
22.9,0.0647847429066745,0.07444323192688433,0.129569485813349,-0.1185130304479789
23.0,0.07012126032226293,0.07443410851859417,0.14024252064452586,-0.12310380468314897
23.0,0.06267509453062979,0.07441061201979592,0.12535018906125958,-0.12148921649259026
23.1,0.06776355758297103,0.07439686580250984,0.13552711516594207,-0.12627241271573175
23.1,0.060342732372506674,0.07436937332077113,0.12068546474501335,-0.12177586467991808
23.2,0.06518888062387607,0.07435080666721616,0.13037776124775213,-0.1267078361802514
23.2,0.057860985336894905,0.07431927044826749,0.11572197067378981,-0.12164538915669909
23.3,0.062471514839851534,0.0742958689340343,0.12494302967970307,-0.1267498886669789
23.3,0.06696656386042493,0.0742809471224311,0.13393312772084986,-0.13233445207577366
23.4,0.05971159443047235,0.07425286372119677,0.1194231888609447,-0.12996074235094213
23.4,0.05088679272858983,0.074210869703208,0.10177358545717965,-0.13519184823384037
23.5,0.05504975054854748,0.07417535602455147,0.11009950109709496,-0.14027784581205238
23.5,0.048482660455814446,0.0741302403805026,0.09696532091162889,-0.13733870745142962
23.6,0.052434804348036816,0.07409099127680693,0.10486960869607363,-0.1424698780094671
23.6,0.04652563520820401,0.07404353940618026,0.09305127041640802,-0.13921388799603251
23.7,0.050276283004173306,0.07400143307255808,0.10055256600834661,-0.14436969132172497
23.7,0.04457509336957811,0.07395178333607796,0.08915018673915621,-0.14103683315826387
23.8,0.048133872545661496,0.07390699843078245,0.09626774509132299,-0.14620961019342893
23.8,0.042635791560152056,0.0738552915831747,0.08527158312030411,-0.14280462627358848
23.9,0.04601249182138251,0.07380800750630498,0.09202498364276503,-0.14798658226257655
23.9,0.040789524297737474,0.07375447458819144,0.08157904859547495,-0.15274307352993732
24.0,0.04399411321128113,0.07370496605173493,0.08798822642256227,-0.15746011560054685
24.0,0.038912555734624404,0.07364968433008034,0.07782511146924881,-0.15286442818337487
24.1,0.04195464882273073,0.07359805818803199,0.08390929764546146,-0.15753936792418255
24.1,0.037410199773948376,0.0735415330679255,0.07482039954789675,-0.14695422917116807
24.2,0.04029937450476687,0.07348835450715861,0.08059874900953375,-0.15155762795296757
24.2,0.03606484002148409,0.07343081721670634,0.07212968004296819,-0.14578646112409088
24.3,0.03881049659180878,0.07337635437643011,0.07762099318361756,-0.15003021062562327
24.3,0.03465642284901404,0.073317801484764,0.06931284569802808,-0.15449143998507273
24.4,0.037267585418048116,0.07326206860817176,0.07453517083609623,-0.15832670031100204
24.4,0.03284870417535062,0.07320219382460245,0.06569740835070124,-0.13973241613594012
24.5,0.035333911994878925,0.07314487863718971,0.07066782398975785,-0.14377140850890746
24.5,0.037759016623484,0.07309022193055939,0.075518033246968,-0.14850934927538018
24.6,0.03350801063608069,0.07303153112369261,0.06701602127216139,-0.13148400359470783
24.6,0.02821145760190066,0.07296848800491013,0.05642291520380132,-0.1270897611531816
24.7,0.0304691827209677,0.07290748519389167,0.0609383654419354,-0.131629161967056
24.7,0.02691478321992359,0.07284384981728759,0.05382956643984718,-0.1216003289766392
24.8,0.02907004649720928,0.07278208697421912,0.05814009299441856,-0.12669705576870924
24.8,0.025764630843535155,0.07271801300742277,0.05152926168707031,-0.10982817361538455
24.9,0.027824448115936085,0.07265566558808283,0.05564889623187217,-0.11540218617932219
24.9,0.024792165461689723,0.07259131256103833,0.049584330923379445,-0.12549025576707695
25.0,0.026763124275228197,0.07252856121320508,0.053526248550456394,-0.1314821660472303
25.0,0.02409909002301373,0.07246414023981874,0.04819818004602746,-0.11743534962612667
25.1,0.02598727432015803,0.07240121997711087,0.05197454864031606,-0.12413336093723035
25.1,0.023194703005031594,0.07233660815939355,0.04638940601006319,-0.12078348763716162
25.2,0.02500599466407377,0.07227339373029058,0.05001198932814754,-0.12777471023248177
25.2,0.026780657726921016,0.07221163475603593,0.05356131545384203,-0.13507400756538113
25.3,0.024250376648254083,0.07214829889343953,0.048500753296508166,-0.12801201298328868
25.3,0.021143500265290056,0.07208322806360473,0.04228700053058011,-0.13432072285125551
25.4,0.02281689589801895,0.07201936032835739,0.0456337917960379,-0.14168144016473905
25.4,0.024458617898048055,0.0719567467376018,0.04891723579609611,-0.1493155688637371
25.5,0.021860560719561897,0.07189268343768344,0.043721121439123795,-0.1382921425843726
25.5,0.023442795029658316,0.07182979051934389,0.04688559005931663,-0.14595602961388643
25.6,0.02065400736022381,0.07176541507307951,0.04130801472044762,-0.13694769643267035
25.6,0.017619954676285868,0.07169965459632026,0.035239909352571736,-0.13426560857809955
25.7,0.01912114993093285,0.07163483896731102,0.0382422998618657,-0.14122219037176054
25.7,0.01691953058938482,0.07156914030428825,0.03383906117876964,-0.1399123087309877
25.8,0.018371203603877582,0.07150433052868937,0.036742407207755165,-0.1469361288793607
25.8,0.016582620268492963,0.0714388666709081,0.03316524053698593,-0.15193438680172466
25.9,0.017988311340944935,0.07137425307938532,0.03597662268188987,-0.158810307177125
25.9,0.01605091369673742,0.07130893932019519,0.03210182739347484,-0.15717945502484687
26.0,0.0174139336559422,0.07124443284975741,0.0348278673118844,-0.1638422521859133
26.0,0.01553605022331656,0.07117928162538838,0.03107210044663312,-0.16131640673281655
26.1,0.016859467998621716,0.07111489813792228,0.03371893599724343,-0.16774145369886506
26.1,0.015046382772241716,0.07104992447260973,0.03009276554448343,-0.16437490606505326
26.2,0.016333057825352527,0.07098568239701288,0.032666115650705055,-0.17058334118788077
26.2,0.014964922774536229,0.07092105217879424,0.029929845549072458,-0.17702466532763284
26.3,0.016217604070745018,0.07085713311534199,0.032435208141490035,-0.18226750005870107
26.3,0.014465416095992372,0.07079267872222246,0.028930832191984744,-0.16190631710462355
26.4,0.015686521258206246,0.07072890302786299,0.03137304251641249,-0.16707577114642147
26.4,0.013996467116721579,0.0706646402261074,0.027992934233443158,-0.14836342969869243
26.5,0.01518832586186403,0.07060102656204,0.03037665172372806,-0.15369473487340235
26.5,0.01362014567075368,0.07053699237467172,0.02724029134150736,-0.14129845070264802
26.6,0.01478496655174756,0.07047358231589289,0.02956993310349512,-0.14681886647933196
26.6,0.013199599868869332,0.07040976231504366,0.026399199737738663,-0.13178613259076724
26.7,0.014339439677065267,0.07034654157701761,0.028678879354130535,-0.13778514299933775
26.7,0.015467394002165517,0.07028394769208834,0.030934788004331033,-0.1444932902160856
26.8,0.013935179220128907,0.07022093341444549,0.027870358440257814,-0.13135978469817555
26.8,0.01233935830015689,0.07015754107849057,0.02467871660031378,-0.11918414267911714
26.9,0.013434989795520495,0.07009470180723501,0.02686997959104099,-0.1265463690842776
26.9,0.012540962459004396,0.07003173201890381,0.025081924918008792,-0.1441768467837199
27.0,0.013617241938204034,0.06996931166133448,0.027234483876408068,-0.15142987905701588
27.0,0.014684309960733251,0.06990746589343154,0.029368619921466502,-0.1592639354973282
27.1,0.01324476131885251,0.06984526285442388,0.02648952263770502,-0.15856174670482703
27.1,0.011865754093118703,0.06978277686131526,0.023731508186237406,-0.16019029335831192
27.2,0.01290822139898127,0.06972080536383153,0.02581644279796254,-0.16844978817266476
27.2,0.013943057718927447,0.06965937241384909,0.027886115437854894,-0.17720136150252186
27.3,0.012701342793128194,0.06959767524436691,0.02540268558625639,-0.1691462945898303
27.3,0.011002434855487976,0.06953561984450515,0.02200486971097595,-0.17166992880259357
27.4,0.012017414547824673,0.06947404264920203,0.024034829095649347,-0.17984854091749639
27.4,0.01302623262541929,0.06941296693930545,0.02605246525083858,-0.18861874722000627
27.5,0.011741576703113805,0.06935164274476414,0.02348315340622761,-0.185669883433365
27.5,0.012739506615381967,0.06929080710832423,0.025479013230763934,-0.19438537103924508
27.6,0.011195146947281078,0.06922965509249357,0.022390293894562156,-0.195907184051189
27.6,0.012183631953383562,0.06916897255283383,0.024367263906767123,-0.2041527248974795
27.7,0.010616886295073038,0.06910798956426832,0.021233772590146076,-0.20726847574397622
27.7,0.009149251635805138,0.0690467942589794,0.018298503271610277,-0.21185733890534036
27.8,0.010126073516726189,0.06898601053243912,0.020252147033452378,-0.21736676399232607
27.8,0.009179431725167966,0.06892515373009998,0.01835886345033593,-0.2083391377103782
27.9,0.010148864881017513,0.06886470537092876,0.020297729762035026,-0.21377962287808794
27.9,0.009284266704218598,0.06880420203888993,0.018568533408437195,-0.20407877712640898
28.0,0.01024657576984466,0.06874410593297506,0.02049315153968932,-0.2096265156960304
28.0,0.01120528788409895,0.0686844386443508,0.0224105757681979,-0.21651966506892606
28.1,0.01095332238303496,0.06862485970973073,0.02190664476606992,-0.18185386464870534
28.1,0.010187918321864333,0.06856523133480048,0.020375836643728665,-0.20576345772063886
28.2,0.011136800236396092,0.06850602463593526,0.022273600472792185,-0.21167214966897197
28.2,0.01112383808968533,0.06844697284545789,0.02224767617937066,-0.22883395790922467
28.3,0.012066492546043693,0.06838836137700395,0.024132985092087385,-0.23420217645621078
28.3,0.01118443579534134,0.06832964196586323,0.02236887159068268,-0.2146856701191644
28.4,0.012121147689418507,0.06827136055717394,0.024242295378837014,-0.22024962855991603
28.4,0.010826773203963767,0.06821285182780254,0.021653546407927535,-0.1923874469088962
28.5,0.011757843248058099,0.06815476906995485,0.023515686496116198,-0.19853040483783158
28.5,0.012686037256881487,0.0680971322257531,0.025372074513762975,-0.20587874068308976
28.6,0.011440215999946853,0.06803926218778635,0.022880431999893706,-0.18253119050723887
28.6,0.012363222550306486,0.06798182714683373,0.024726445100612972,-0.1906098817804036
28.7,0.01130954120625837,0.0679242240334745,0.02261908241251674,-0.19892138888825528
28.7,0.010031025166308653,0.06786642305256865,0.020062050332617307,-0.18703823382402887
28.8,0.010947169997358133,0.06780901978847786,0.021894339994716266,-0.1945712941525728
28.8,0.010144009702160185,0.0677515504537161,0.02028801940432037,-0.17330675036465415
28.9,0.01105566714059584,0.0676944784125348,0.02211133428119168,-0.18270274769174932
28.9,0.011965079691939292,0.06763782289389404,0.023930159383878585,-0.1929531777455611
29.0,0.011433854902290876,0.0675811569296508,0.022867709804581752,-0.21703322419240667
29.0,0.009997102529567446,0.06752424629604246,0.019994205059134892,-0.22135359774999852
29.1,0.01090136137998987,0.0674677241081998,0.02180272275997974,-0.230334767854107
29.1,0.009749818188237945,0.06741104612498588,0.01949963637647589,-0.20699628336305897
29.2,0.010650882451280421,0.06735474845869717,0.021301764902560843,-0.21623359065033076
29.2,0.009598246108837555,0.06729832570592359,0.01919649221767511,-0.19350971034318487
29.3,0.010496451760490159,0.06724227744778206,0.020992903520980318,-0.20320075957307138
29.3,0.00947348321680918,0.0671861146423806,0.01894696643361836,-0.18499001456039244
29.4,0.010369199730381641,0.06713032125549144,0.020738399460763283,-0.19514188654564846
29.4,0.01126358064948358,0.0670749160134431,0.02252716129896716,-0.20616647448036352
29.5,0.008083121314289404,0.06701887495118268,0.016166242628578808,-0.17333090391787168
29.5,0.00897611944796775,0.06696316934195182,0.0179522388959355,-0.18256804037023322
29.6,0.009868107416585394,0.06690781796546225,0.019736214833170788,-0.19298951775138695
29.6,0.008897185004992302,0.0668523778809177,0.017794370009984604,-0.17935088299208735
29.7,0.009787794457470444,0.06679728838477365,0.01957558891494089,-0.1904864569218101
29.7,0.00889968018928412,0.06674212985711764,0.01779936037856824,-0.17653244543368896
29.8,0.00978931849052446,0.06668732019261846,0.01957863698104892,-0.18809356642444364
29.8,0.010678384744195166,0.06663287801056443,0.021356769488390333,-0.2003811091145673
29.9,0.009791478483894863,0.06657834561812544,0.019582956967789725,-0.18590558413635616
29.9,0.00868175538104254,0.06652369359387818,0.01736351076208508,-0.188151525586151
30.0,0.00957072620392818,0.06646938245806626,0.01914145240785636,-0.1999766093913946
30.0,0.010459517542329556,0.06641543087093864,0.020919035084659112,-0.21250776839611696
30.1,0.009614195169580966,0.06636140250408329,0.019228390339161933,-0.22475246231386775
30.1,0.00847372019549174,0.06630725156388842,0.01694744039098348,-0.2146050606481928
30.2,0.009363828954751142,0.06625343427430855,0.018727657909502284,-0.22446040168219916
30.2,0.01025417208705893,0.06619996941576065,0.02050834417411786,-0.23537784721204202
30.3,0.009394766096319285,0.06614642737449213,0.01878953219263857,-0.21212756352789608
30.3,0.008299597544409208,0.06609277707412063,0.016599195088818415,-0.18972880576888196
30.4,0.009192175309030937,0.06603945430546838,0.018384350618061873,-0.19962867719927324
30.4,0.008516155545879258,0.06598611482645934,0.017032311091758515,-0.2071093609888952
30.5,0.00941065569349769,0.06593310664361793,0.01882131138699538,-0.21551680406318852
30.5,0.010305990741700103,0.06588044880795638,0.020611981483400207,-0.22521620843008927
30.6,0.009513176864368266,0.06582772612635236,0.019026353728736532,-0.20175562533024438
30.6,0.008414577900337757,0.0657748891680129,0.016829155800675514,-0.1789328785301527
30.7,0.009313795824846736,0.06572237957176486,0.01862759164969347,-0.18808130940799916
30.7,0.00856939669692874,0.06566983414807426,0.01713879339385748,-0.1672264574634763
30.8,0.00947146386788459,0.06561761876367804,0.01894292773576918,-0.177349848839516
30.8,0.00867065058547097,0.06556535168540537,0.01734130117094194,-0.16267398232963393
30.9,0.009575960156114966,0.0655134162598091,0.019151920312229932,-0.1735408158606222
30.9,0.010482839385990235,0.06546183209767681,0.02096567877198047,-0.18521144195710404
31.0,0.009664211255170098,0.06541017050862699,0.019328422510340195,-0.1721546403176082
31.0,0.008896400553290839,0.06535845910483488,0.017792801106581678,-0.16276494461055155
31.1,0.00980933427867286,0.06530708342737855,0.01961866855734572,-0.17464889155107316
31.1,0.008898825672430392,0.06525562292925088,0.017797651344860783,-0.16245418897910277
31.2,0.009816138463070207,0.0652044979172825,0.019632276926140415,-0.17476361938196203
31.2,0.008946307468767511,0.06515329619009914,0.017892614937535023,-0.16420547204329314
31.3,0.009868377295801324,0.06510243081353399,0.019736754591602648,-0.1767030139689723
31.3,0.009009975751135438,0.06505148944946355,0.018019951502270877,-0.16583480822819485
31.4,0.009937163270480618,0.06500088576710407,0.019874326540961235,-0.17841446075467138
31.4,0.009070108342947171,0.06495020204925606,0.018140216685894342,-0.16730783024571405
31.5,0.010002770442979425,0.06489985737261436,0.02000554088595885,-0.17987448675793916
31.5,0.010938066285191684,0.06484987268663164,0.02187613257038337,-0.1928021810013183
31.6,0.010068924910768284,0.06479978489454721,0.020137849821536567,-0.18136022874051028
31.6,0.009090740706410519,0.06474958816328605,0.018181481412821037,-0.1786513333441877
31.7,0.010035437285725476,0.06469973126229553,0.02007087457145095,-0.1907081130468593
31.7,0.010983107175476969,0.0646502357213579,0.021966214350953937,-0.20315370365546226
31.8,0.010297849821974106,0.06460068061524686,0.020595699643948213,-0.1868782082424616
31.8,0.011251892940945732,0.06455149323161802,0.022503785881891464,-0.20051194414533668
31.9,0.010077414542875385,0.06450211834198283,0.02015482908575077,-0.20254917653100568
31.9,0.011038601970902711,0.06445310674663475,0.022077203941805422,-0.2153114211049334
32.0,0.009767317958139912,0.06440389033618213,0.019534635916279824,-0.22184239209760515
32.0,0.008527955748138139,0.06435451519078449,0.017055911496276277,-0.23025429378743523
32.1,0.009500776982373085,0.06430546854299486,0.01900155396474617,-0.23939076257424396
32.1,0.00869759387700893,0.06425636030400499,0.01739518775401786,-0.23185432898966551
32.2,0.009678173886459985,0.0642075850748877,0.01935634777291997,-0.23991058317678782
32.2,0.008934008697059164,0.06415875683096632,0.017868017394118328,-0.23050436353592252
32.3,0.00992261408214231,0.06411026780107541,0.01984522816428462,-0.23759149085387404
32.3,0.009141111110305475,0.0640617124046749,0.01828222222061095,-0.2268989454092316
32.4,0.010281245417364833,0.06401353713122906,0.020562490834729667,-0.23424617632774242
32.4,0.009611823417821323,0.0639653138106477,0.019223646835642646,-0.2232788250952238
32.5,0.010763112618283171,0.06391748495947247,0.021526225236566342,-0.2304118506776871
32.5,0.010030212158061824,0.06386958413808584,0.02006042431612365,-0.22001731468136976
32.6,0.0111930469802159,0.06382209100496591,0.0223860939604318,-0.22692990607442853
32.6,0.01236160482274247,0.06377503859890168,0.02472320964548494,-0.23518092124381917
32.7,0.009403466663204322,0.06372732310254257,0.018806933326408645,-0.2144756142310808
32.7,0.010337873036887811,0.06367993883822796,0.020675746073775623,-0.21786268750378524
32.8,0.011524974287088045,0.06363297478498077,0.02304994857417609,-0.22369061879404267
32.8,0.010605602254035982,0.06358587565214865,0.021211204508071964,-0.21201784647472804
32.9,0.011956190381272595,0.06353924934186497,0.02391238076254519,-0.21860120772105246
32.9,0.011207417395865265,0.0634925231921816,0.02241483479173053,-0.20836465554827832
33.0,0.012574408691090526,0.06344629255970174,0.02514881738218105,-0.21522837145716117
33.0,0.013949570245338596,0.06340060343025786,0.027899140490677193,-0.22357298094653671
33.1,0.013116380593532097,0.06335475069121838,0.026232761187064194,-0.21283648470231586
33.1,0.011812158906940158,0.06330861591773491,0.023624317813880316,-0.20810541644795716
33.2,0.013213394993236626,0.06326300400836966,0.026426789986473253,-0.21446385103520216
33.2,0.012356328927579761,0.06321723586991744,0.024712657855159522,-0.20490234913123295
33.3,0.013935008169919631,0.06317206542677327,0.027870016339839262,-0.21228770197400776
33.3,0.013063073043009047,0.06312671870882215,0.026126146086018095,-0.20407505506264778
33.4,0.014664160527058495,0.06308200206625342,0.02932832105411699,-0.2116024896551747
33.4,0.01627639398839108,0.06303797895230859,0.03255278797678216,-0.2204785571902672
33.5,0.015316347990771842,0.06299369730718768,0.030632695981543685,-0.21099856294142327
33.5,0.013917402121112879,0.06294903253050843,0.027834804242225758,-0.18895555179546086
33.6,0.015730596740049056,0.0629051049654905,0.03146119348009811,-0.19754501511037809
33.6,0.01475912610788014,0.062860927312093,0.02951825221576028,-0.19498639305460408
33.7,0.01660120479211408,0.06281753203234096,0.03320240958422816,-0.20361146491211857
33.7,0.01576072038900776,0.06277391450635597,0.03152144077801552,-0.18448757699720453
33.8,0.01763203091446847,0.0627311326177843,0.03526406182893694,-0.19438495296313674
33.8,0.019690486791627004,0.06268935316231711,0.03938097358325401,-0.2060739441413646
33.9,0.01887288413721723,0.06264729805687352,0.03774576827443446,-0.21231879868668718
33.9,0.01714340979398046,0.06260460603580405,0.03428681958796092,-0.2180275902935458
34.0,0.019256622724206685,0.06256291462473693,0.03851324544841337,-0.22772580653716012
34.0,0.01788880120063624,0.0625207213100527,0.03577760240127248,-0.22126503258114116
34.1,0.02021940116337079,0.0624796655261431,0.04043880232674158,-0.23084706623990803
34.1,0.019385747113035083,0.062438315976996846,0.038771494226070166,-0.2232805642361217
34.2,0.021760315430492703,0.062398204664521936,0.043520630860985406,-0.23227749524202324
34.2,0.02065073729727895,0.06235763393785236,0.0413014745945579,-0.22167347817136163
34.3,0.02325707917089271,0.062318493659981156,0.04651415834178542,-0.23166795465324835
34.3,0.02184490463408039,0.06227869852448883,0.04368980926816078,-0.2218369360095651
34.4,0.024503635122511882,0.062240432617941974,0.049007270245023764,-0.23123321599262825
34.4,0.023155121554656998,0.06220150455005999,0.046310243109313996,-0.225731144998139
34.5,0.02606191141965008,0.062164332732107475,0.05212382283930016,-0.23498710156996738
34.5,0.024423160302238393,0.06212628277539665,0.04884632060447679,-0.22644867797773305
34.6,0.027391466698440874,0.062090109390179886,0.05478293339688175,-0.23483295882104382
34.6,0.025560147197412147,0.06205289191227996,0.051120294394824295,-0.2252605008571127
34.7,0.028793975558762567,0.06201780142718098,0.057587951117525134,-0.23331630742785903
34.7,0.032062741263799543,0.061985101005348445,0.06412548252759909,-0.24256606677893489
34.8,0.03077672317229394,0.06195154026647228,0.06155344634458788,-0.24442096316230977
34.8,0.028578600822154465,0.06191654611629788,0.05715720164430893,-0.242870660522998
34.9,0.03217020882020772,0.06188415816704695,0.06434041764041544,-0.24908078696945735
34.9,0.02999341251570887,0.06185028105291764,0.05998682503141774,-0.2150064970958523
35.0,0.0336662344887428,0.061819183852191734,0.0673324689774856,-0.2206171125265941
35.0,0.031658901608224446,0.06178664604828113,0.06331780321644889,-0.18985369507335204
35.1,0.0356381074376891,0.061757272375417276,0.0712762148753782,-0.19572882675153824
35.1,0.03339525879203391,0.06172618433822363,0.06679051758406782,-0.16956550616370336
35.2,0.03769372125763603,0.06169868664330981,0.07538744251527206,-0.1759915878622249
35.2,0.04204270675795828,0.061675242505649305,0.08408541351591656,-0.18371449650053373
35.3,0.04032820677723245,0.06165023358589514,0.0806564135544649,-0.17538072800493554
35.3,0.03696451570290601,0.061622301594798846,0.07392903140581202,-0.16474439575932065
35.4,0.04170572403508169,0.061598712308180696,0.08341144807016337,-0.1716877551973326
35.4,0.03916523979742429,0.06157282749166621,0.07833047959484858,-0.15807418646771287
35.5,0.04401925513167074,0.061551624643186385,0.08803851026334147,-0.16511790468841836
35.5,0.04210286115169584,0.061528587837527425,0.08420572230339168,-0.15345073659347494
35.6,0.047322255774954455,0.061510936032349264,0.09464451154990891,-0.16112042437289184
35.6,0.045025057871475746,0.061490909429264176,0.09005011574295149,-0.15400008386705366
35.7,0.0503678810207741,0.06147673831212024,0.1007357620415482,-0.16140317773578872
35.7,0.04762612798390008,0.061459546607339766,0.09525225596780015,-0.15568251979154546
35.8,0.053356734145235,0.061448974921585624,0.10671346829047,-0.16323167771416047
35.8,0.059153677890430384,0.06144583337818725,0.11830735578086077,-0.1713581741561021
35.9,0.0561109437504094,0.06143872531382477,0.1122218875008188,-0.16793237578560127
35.9,0.05131436669784249,0.06142580299142128,0.10262873339568498,-0.15906168188051906
36.0,0.057588893229457976,0.06142064017010193,0.11517778645891595,-0.1651571895207216
36.0,0.05425556559590355,0.061411281411629506,0.1085111311918071,-0.14551357244937568
36.1,0.06067299567832132,0.06141026499338168,0.12134599135664265,-0.1514675168374935
36.1,0.05726600146585133,0.06140472611843107,0.11453200293170265,-0.1455262353167197
36.2,0.064114903815329,0.061408551947190214,0.128229807630658,-0.1510466907186574
36.2,0.07103928441951615,0.06142287569549297,0.1420785688390323,-0.15721963598641955
36.3,0.06847316786263592,0.061433143320022435,0.13694633572527184,-0.15465274813022536
36.3,0.06290641731039862,0.06143519409711466,0.12581283462079723,-0.1382206226270255
36.4,0.07035863566274772,0.06144834036230075,0.14071727132549544,-0.1430269728908784
36.4,0.06535171298455002,0.06145386459857284,0.13070342596910003,-0.1328537357641304
36.5,0.07296244872274989,0.06147110355261063,0.14592489744549977,-0.13723715759488053
36.5,0.06805365288106019,0.06148058981242524,0.13610730576212038,-0.11345951561247247
36.6,0.07613206893692896,0.06150298638994438,0.15226413787385792,-0.11795702768103847
36.6,0.08429258798309651,0.06153982649402283,0.16858517596619302,-0.12301407612357984
36.7,0.07908647932394419,0.061567134009153,0.15817295864788838,-0.11473404340354953
36.7,0.07109498042716296,0.06158109853328445,0.14218996085432592,-0.11330696991326406
36.8,0.07949758100169609,0.0616089764682795,0.15899516200339217,-0.11674623002090057
36.8,0.07390558128753978,0.061627323466968524,0.14781116257507956,-0.08498866127989713
36.9,0.08279476311550668,0.06166092227810893,0.16558952623101336,-0.08853686574505026
36.9,0.09176570170507767,0.061711583231127035,0.18353140341015534,-0.09261086657711859
37.0,0.08700261827472652,0.06175274990815413,0.17400523654945305,-0.07385307548657627
37.0,0.09613371232692332,0.06181203561409554,0.19226742465384664,-0.07795448277306384
37.1,0.08769293894667121,0.06185420332405084,0.17538587789334242,-0.0721364994060516
37.1,0.09697897332562652,0.061914870496800514,0.19395794665125304,-0.07610432572253378
37.2,0.06832043440941724,0.06192392482944236,0.14395794665125305,-0.06853022329077652
37.2,0.07775642943739004,0.06194788865681827,0.15551285887478009,-0.07097864670214227
37.3,0.08761865434861252,0.06198941583339641,0.17523730869722504,-0.07406487161821973
37.3,0.08180095624708554,0.06202016775092152,0.16360191249417108,-0.05752995093742186
37.4,0.09181430325275049,0.06206954729387672,0.18362860650550097,-0.06060409738255457
37.4,0.08594774928612203,0.0621075479220124,0.17189549857224407,-0.048584032177251935
37.5,0.09610552341868212,0.062165258848615165,0.19221104683736423,-0.051726688698207735
37.5,0.08954758426700521,0.062209734228674624,0.17909516853401042,-0.04900700814753689
37.6,0.09984294575014863,0.0622748811619703,0.19968589150029725,-0.052185228839388934
37.6,0.09276840830832493,0.06232527147833516,0.18553681661664986,-0.04403852796082752
37.7,0.10319436571585558,0.06239720452728521,0.20638873143171116,-0.04716970890484529
37.7,0.09612808930652275,0.062453931139955496,0.1922561786130455,-0.01326770842696634
37.8,0.10705780265084072,0.06253394820669722,0.21411560530168144,-0.01666349657106059
37.8,0.0991869910624393,0.06259652557879539,0.1983739821248786,-0.013807515315682917
37.9,0.11024074953696399,0.06268324123726368,0.22048149907392797,-0.01752242431844886
37.9,0.10170245250673135,0.06275061424838019,0.2034049050134627,-0.02037485882236334
38.0,0.11287206328696496,0.06284283393367095,0.22574412657392992,-0.02413454663045167
38.0,0.10402198056538386,0.06291463380596263,0.20804396113076773,-0.014875030275882661
38.1,0.1152990401791116,0.0630119243754634,0.2305980803582232,-0.01858943931661816
38.1,0.10589249724010633,0.06308720183988976,0.21178499448021265,-0.021928729728145413
38.2,0.11726849326132953,0.06318849172809507,0.23453698652265906,-0.025466575663343427
38.2,0.10787855579925211,0.06326751889724551,0.21575711159850422,-0.022509699000674118
38.3,0.11934479029644723,0.06337308273905645,0.23868958059289447,-0.02586691172939304
38.3,0.10994777237554687,0.06345606520833268,0.21989554475109374,-0.011343616077275964
38.4,0.12189460633862685,0.0635670975214429,0.2437892126772537,-0.014721957058715596
38.4,0.11244670574159155,0.0636550373115535,0.2248934114831831,-0.011945814584075173
38.5,0.12447089437262338,0.06377164156852229,0.24894178874524675,-0.015156748919615826
38.5,0.13653000401878926,0.06391967223681318,0.2730600080375785,-0.018085706543533586
38.6,0.1262670442429254,0.06403970751580654,0.2525340884858508,-0.020661581199714615
38.6,0.11204597835817505,0.06412503205883363,0.2240919567163501,-0.014135571616472834
38.7,0.12419511308419771,0.06423889202548569,0.24839022616839543,-0.016567982625647737
38.7,0.11372619030277535,0.06432728141284981,0.2274523806055507,-0.012880516674315778
38.8,0.12592253753266053,0.064444551950797,0.25184507506532106,-0.015200564885792467
38.8,0.11567820214363993,0.06453663432147008,0.23135640428727985,-0.01774951239069944
38.9,0.12791165971288954,0.06465797550323377,0.25582331942577907,-0.019678805957124453
38.9,0.11787747091255835,0.06475433730423188,0.2357549418251167,-0.014185089363177195
39.0,0.13013775680607623,0.064880359195874,0.26027551361215245,-0.015909327679175966
39.0,0.1424076079174775,0.06503874068705681,0.284815215834955,-0.01740878984678318
39.1,0.13117564426905157,0.06516619088514766,0.26235128853810313,-0.018279652363885287
39.1,0.11650527712710058,0.06525752153339313,0.23301055425420117,-0.020418652077000665
39.2,0.12878849872289952,0.06537789015702163,0.25757699744579904,-0.02123702502253222
39.2,0.141070995186056,0.06552995664888295,0.282141990372112,-0.021907341764280105
39.3,0.13005026021399582,0.06565234034022828,0.26010052042799164,-0.023797759974875987
39.3,0.11557164817113674,0.06573982663662697,0.23114329634227349,-0.037698086683880305
39.4,0.12783653887277122,0.06585574532133807,0.25567307774554243,-0.03719873547649532
39.4,0.1167948353119397,0.06594521516139609,0.2335896706238794,0.016869933710259577
39.5,0.12903513567861516,0.06606317175227103,0.2580702713572303,0.017445176311432498
39.5,0.11884270665382829,0.06615648509941731,0.23768541330765658,0.03235554206420632
39.6,0.13104821193753563,0.06627849040274791,0.26209642387507126,0.03244261426147333
39.6,0.11990804561240936,0.06637341216588125,0.23981609122481873,0.033682274573454414
39.7,0.13206853971899796,0.06649698355234471,0.2641370794379959,0.033403535868564926
39.7,0.1217737829140427,0.06659534063559107,0.2435475658280854,0.08326154307498566
39.8,0.13387901493906668,0.06672244701850794,0.26775802987813335,0.08194555619411405
39.8,0.12177281956985284,0.06681994222149339,0.24354563913970567,0.07168115359059968
39.9,0.13381271823702934,0.06694585842524249,0.2676254364740587,0.06981192742215958
39.9,0.12146719958737592,0.06704181304963795,0.24293439917475185,0.054800755460528094
40.0,0.13343188111922652,0.06716577643960611,0.26686376223845304,0.052802226721177625
40.0,0.12139063495646854,0.06726073241422474,0.24278126991293708,0.06332513118001337
40.1,0.1093043812531212,0.0673295053192813,0.2186087625062424,0.06691886872447483
40.1,0.12113755691224211,0.06742322474298838,0.24227511382448422,0.06396847358197544
40.2,0.13290704791533622,0.06754411627145117,0.26581409583067245,0.061956743162366656
40.2,0.14458746419418808,0.0676942384007259,0.28917492838837616,0.06067098461710163
40.3,0.1328438142882055,0.06781385958426087,0.265687628576411,0.04708908556303726
40.3,0.11686897898123431,0.0678965821658284,0.23373795796246863,0.030117145115557964
40.4,0.1282634754325583,0.06800442104931029,0.2565269508651166,0.02871367327712404
40.4,0.11548146171794664,0.0680835468368738,0.23096292343589328,0.02107681422783347
40.5,0.12667055631972973,0.0681869184251568,0.25334111263945946,0.020420654485662215
40.5,0.13775255871955103,0.0683163292347711,0.27550511743910205,0.020385318302362787
40.6,0.12574132220885229,0.06841669885035408,0.25148264441770457,0.029535856190535448
40.6,0.11034481438180768,0.06848404038772636,0.22068962876361536,0.03548488644590719
40.7,0.12108844058672488,0.06857342654370967,0.24217688117344977,0.03615728266098861
40.7,0.10903143576749533,0.06863768236478289,0.21806287153499065,0.035679443161462654
40.8,0.09771273238960758,0.06868084670005581,0.19542546477921516,0.03407210559947549
40.8,0.10809349389020831,0.06874290087237815,0.21618698778041662,0.035413864125767525
40.9,0.1183480260795631,0.068825373092334,0.2366960521591262,0.037221688202050185
40.9,0.10709046006523924,0.06888505695165428,0.21418092013047849,0.03321000746273883
41.0,0.11708525432434938,0.06896435703759908,0.23417050864869876,0.03556321261563067
41.0,0.10549897473112371,0.06902062144666,0.21099794946224742,0.03343278341950606
41.1,0.11522466495262539,0.06909560393552347,0.23044932990525077,0.03632687435274384
41.1,0.10361860023262119,0.06914801121552801,0.20723720046524238,0.03154679041708342
41.2,0.1130665016456812,0.06921820087006153,0.2261330032913624,0.034951956026006314
41.2,0.1016139818497354,0.06926664062721613,0.2032279636994708,0.03458864664442585
41.3,0.11077613922065191,0.06933192127057404,0.22155227844130382,0.03853419884935683
41.3,0.09941025962316348,0.06937616688219743,0.19882051924632696,0.04111315597709586
41.4,0.08889905983289592,0.06940305759560635,0.17779811966579184,0.059491024947471605
41.4,0.09762022537592388,0.06944400243928717,0.19524045075184776,0.06349651154449454
41.5,0.10619104059257298,0.06949996733726505,0.21238208118514595,0.06773675361912
41.5,0.09523019319258581,0.06953665216603738,0.19046038638517163,0.06748918104100454
41.6,0.10349727157751816,0.06958741913728567,0.20699454315503632,0.07178033409229112
41.6,0.09245588932347323,0.06961937590003064,0.18491177864694647,0.06698747484699519
41.7,0.10041522678167135,0.06966445370592454,0.2008304535633427,0.07148054640155932
41.7,0.08999494567816695,0.06969234879360446,0.1799898913563339,0.07436636320490386
41.8,0.09764391988765127,0.069732477015499,0.19528783977530254,0.07892502276765923
41.8,0.08716454014363761,0.06975590311524946,0.17432908028727523,0.05993657938826846
41.9,0.09450162034352207,0.06979066170501426,0.18900324068704413,0.06483738222189483
41.9,0.08411099687977039,0.06980947863060234,0.16822199375954078,0.0651018877694769
42.0,0.0911361302449431,0.0698387394930161,0.1822722604898862,0.07043764686524145
42.0,0.08191385388532399,0.06985433704699968,0.16382770777064798,0.08800777523446524
42.1,0.08862864270949729,0.06987962609287099,0.17725728541899458,0.09345083555025768
42.1,0.07944478692603674,0.06989174817670536,0.15888957385207347,0.0987173685791447
42.2,0.08585232350655278,0.06991281486520494,0.17170464701310556,0.10393865442443984
42.2,0.07650540936729093,0.06992098412361189,0.15301081873458186,0.11127746914985484
42.3,0.08260990098688398,0.06993734187689167,0.16521980197376795,0.11645255519821518
42.3,0.07373700852433925,0.06994194961624967,0.1474740170486785,0.12342789704866552
42.4,0.07954430358129767,0.06995404940592954,0.15908860716259535,0.1282619095349644
42.4,0.08520495078080247,0.06997396806571118,0.17040990156160493,0.13345550001408846
42.5,0.07653394992664958,0.06998204698447358,0.15306789985329916,0.1425841661932825
42.5,0.08190834186394655,0.06999725394633353,0.1638166837278931,0.14753343018064413
42.6,0.0706276295626666,0.06999799715143641,0.1412552591253332,0.15323972344595838
42.6,0.05972649062244403,0.06998683813057974,0.11945298124488805,0.1507051473834622
42.7,0.06468902005859625,0.06998086913753672,0.1293780401171925,0.154101935603284
42.7,0.0695184857757687,0.06998033012281404,0.1390369715515374,0.15818899608827672
42.8,0.061694087326189036,0.06997122244676662,0.12338817465237807,0.15123533167543934
42.8,0.05316754457887299,0.06995396715042893,0.10633508915774598,0.14095792153306297
42.9,0.05761566822443266,0.06994085379968434,0.11523133644886532,0.14392861292912285
42.9,0.05144419685734478,0.0699221658187875,0.10288839371468957,0.1440298441306922
43.0,0.055651992346626725,0.06990726423293546,0.11130398469325345,0.14702753050579354
43.0,0.059743748757699694,0.06989631714973872,0.11948749751539939,0.15082591622847596
43.1,0.05382297794115659,0.0698798126156157,0.10764595588231318,0.14432005365610312
43.1,0.04661819106948098,0.06985734092324225,0.09323638213896196,0.15043770971984485
43.2,0.0503811687518387,0.06983793869022968,0.1007623375036774,0.15353891325121038
43.2,0.04479111327664133,0.0698141711750302,0.08958222655328266,0.13508668863210183
43.3,0.04834981559576399,0.06979319256203353,0.09669963119152798,0.13837798527540013
43.3,0.04308273827234633,0.06976827543347998,0.08616547654469266,0.13729928688415782
43.4,0.046449199885966755,0.06974589622531158,0.09289839977193351,0.14076287320189662
43.4,0.041418106759381075,0.06971991322281584,0.08283621351876215,0.13184098105356545
43.5,0.044604118962812474,0.0696962402880505,0.08920823792562495,0.13556012768350456
43.5,0.04022142436472887,0.0696695505534291,0.08044284872945774,0.12875440950730874
43.6,0.04323844272710282,0.06964498496684045,0.08647688545420563,0.13280677984493883
43.6,0.03835397386095773,0.0696171883619982,0.07670794772191546,0.12479323384289165
43.7,0.04121309437959984,0.06959131444462886,0.08242618875919969,0.12917730586348639
43.7,0.03627673348517727,0.06956234790838284,0.07255346697035454,0.12621689663928315
43.8,0.03898857137105898,0.06953511090713994,0.07797714274211796,0.13095910317184822
43.8,0.034318986611477975,0.06950511754659545,0.06863797322295595,0.12857018732998782
43.9,0.03689366194015647,0.06947668247133865,0.07378732388031294,0.1336087361314968
43.9,0.03940309864406576,0.06944986867570384,0.07880619728813151,0.13916146622882275
44.0,0.034934014505542565,0.06942038645663731,0.06986802901108513,0.13672388706268948
44.0,0.029947926762279403,0.06938831272324178,0.059895853524558805,0.12919545291343446
44.1,0.032276574397830285,0.06935748127903986,0.06455314879566057,0.13436950497514658
44.1,0.028349046477647324,0.06932476113442426,0.05669809295529465,0.12502908780094346
44.2,0.030567577887258383,0.06929316654457592,0.06113515577451677,0.13049135251159028
44.2,0.027021393509855902,0.06925996312614321,0.054042787019711803,0.12880363507452985
44.3,0.02913773101655448,0.06922778765436258,0.05827546203310896,0.13450222340088924
44.3,0.031205529187049358,0.06919668630628507,0.062411058374098716,0.14066583426946977
44.4,0.028036344538762636,0.06916411263055693,0.05607268907752527,0.12549235497556666
44.4,0.024427911056120157,0.06913005673436676,0.048855822112240314,0.1361869881416382
44.5,0.02636161609025824,0.06909685916458155,0.05272323218051648,0.14196255294769866
44.5,0.023406443710400897,0.06906252517639151,0.046812887420801794,0.1527184148915821
44.6,0.025258712225791218,0.06902898312825771,0.050517424451582436,0.15826411924400083
44.6,0.02236801525321315,0.06899438268971127,0.0447360305064263,0.15630445300233162
44.7,0.024144763366251557,0.06896051259755732,0.04828952673250311,0.16172175560483248
44.7,0.02193945276523567,0.06892587787658967,0.04387890553047134,0.16193336865795024
44.8,0.023646143896041028,0.06889193331080011,0.047292287792082055,0.16732653628084423
44.8,0.02098871862227093,0.06885708755335175,0.04197743724454186,0.15283716423904403
44.9,0.0226304995854125,0.06882288118900057,0.045260999170825,0.15811545271253147
44.9,0.020537611768425976,0.06878800349715158,0.04107522353685195,0.15035264305304086
45.0,0.022119177482628437,0.06875373081755158,0.044238354965256875,0.1556309075191096
45.0,0.019810702418791914,0.06871873552159109,0.03962140483758383,0.13862932872609512
45.1,0.021336446094023992,0.06868430672351725,0.042672892188047984,0.14396393957921738
45.1,0.019155418834677182,0.06864922465367315,0.038310837669354364,0.13483003113250325
45.2,0.020629402182885097,0.06861467503260664,0.041258804365770195,0.14027089160995354
45.2,0.02207874987312392,0.0685806830764265,0.04415749974624784,0.14628748066739394
45.3,0.019977624300574467,0.06854603791251979,0.039955248601148935,0.15052522827154258
45.3,0.017053258743630773,0.06851058032123601,0.034106517487261546,0.14385352998310363
45.4,0.01843483802825751,0.06847557681362187,0.03686967605651502,0.14943800033147436
45.4,0.016068326019717787,0.0684399762394774,0.032136652039435575,0.15605526226722113
45.5,0.01740872718244048,0.06840479587490267,0.03481745436488096,0.16164909798687832
45.5,0.015493578542236548,0.06836916885581076,0.030987157084473096,0.1579789377370995
45.6,0.016795819685469456,0.06833393881048784,0.03359163937093891,0.1635856856332767
45.6,0.01535674086165967,0.06829839681486637,0.03071348172331934,0.17327293761968623
45.7,0.016623663828362084,0.06826323883934296,0.03324732765672417,0.17864380362995425
45.7,0.017873752970204222,0.0682284850459545,0.035747505940408444,0.18471273263423793
45.8,0.01616875809260899,0.06819332488409309,0.03233751618521798,0.1943195433720799
45.8,0.013909580559282497,0.06815767971783593,0.027819161118564993,0.1844136916864656
45.9,0.015113768534035206,0.06812237305397327,0.030227537068070413,0.1879779298152302
45.9,0.013567424178117545,0.06808677057838339,0.02713484835623509,0.20625997191442247
46.0,0.014743790625481082,0.06805149291244984,0.029487581250962163,0.20797786878622881
46.0,0.013195277617760216,0.068015928293161,0.026390555235520433,0.18442411930888314
46.1,0.014345905498735259,0.067980675072067,0.028691810997470518,0.18604053925588104
46.1,0.015484362334914641,0.06794575076530349,0.030968724669829282,0.18905753219428378
46.2,0.014273320144239475,0.06791059699410927,0.02854664028847895,0.1659990110416958
46.2,0.012532141597563258,0.06787512939156866,0.025064283195126515,0.15427879945913817
46.3,0.013637298330233855,0.06783995010319563,0.02727459666046771,0.1563040040952455
46.3,0.012116444882617927,0.06780451694897856,0.024232889765235854,0.13363457595165107
46.4,0.013201624554084992,0.0677693601275873,0.026403249108169984,0.13669037467712417
46.4,0.011961812932029076,0.06773401290710084,0.023923625864058152,0.12089957197895274
46.5,0.013028714194654201,0.067698935047241,0.026057428389308402,0.12526173320950784
46.5,0.01166751683719018,0.06766364759790959,0.02333503367438036,0.11174426252886249
46.6,0.012717780827698168,0.06762862068537694,0.025435561655396337,0.11731715069318538
46.6,0.013760216672342729,0.06759386959948809,0.027520433344685458,0.12381985172340082
46.7,0.012449196655247536,0.06755890283510109,0.024898393310495072,0.11365889860061751
46.7,0.010824550425903667,0.06752369336532185,0.021649100851807334,0.11522021141551517
46.8,0.011846238351390568,0.06748872415542549,0.023692476702781136,0.12275932481645979
46.8,0.012861577823879079,0.06745400997382336,0.025723155647758157,0.13100940601055597
46.9,0.011586089842518268,0.06741910544692252,0.023172179685036536,0.12415507754103627
46.9,0.01010291106460415,0.06738400303900088,0.0202058221292083,0.11858017825075559
47.0,0.011101910386271752,0.06734912438558847,0.022203820772543504,0.12753779675136467
47.0,0.00999227982127428,0.06731411708559305,0.01998455964254856,0.11911112765269616
47.1,0.010981969066424757,0.06727932971954614,0.021963938132849515,0.12890642211787592
47.1,0.00999048935149423,0.06724443423575967,0.01998097870298846,0.12750154544508654
47.2,0.010972043416098361,0.06720975677545356,0.021944086832196723,0.13771452981821408
47.2,0.009949723790503037,0.0671749663948692,0.019899447581006074,0.13656245238138934
47.3,0.010923493343656141,0.0671403916042967,0.021846986687312282,0.14720065820221248
47.3,0.009959517720479807,0.06710571368898506,0.019919035440959614,0.1432875422625899
47.4,0.010925835979969439,0.06707124976490869,0.021851671959938878,0.1539687124982776
47.4,0.011888334584141885,0.06703701339243893,0.02377666916828377,0.16507845867835602
47.5,0.010839703964001586,0.06700264444401535,0.021679407928003172,0.15650022128969665
47.5,0.009739364674151959,0.06696815241632072,0.019478729348303917,0.17718711122426978
47.6,0.01069186602724107,0.06693386783560963,0.02138373205448214,0.18668683563118638
47.6,0.009608563057351477,0.06689946522272884,0.019217126114702953,0.1723731305216174
47.7,0.010554539368748627,0.06686526659412693,0.021109078737497254,0.1820046717851267
47.7,0.009553608725222935,0.0668309644650186,0.01910721745044587,0.1664481895660752
47.8,0.010493356488251962,0.06679686404604906,0.020986712976503924,0.17635526258896753
47.8,0.009520982356385555,0.06676266522990376,0.01904196471277111,0.1629682650191695
47.9,0.010454824453944283,0.06672866624280442,0.020909648907888566,0.1731713295648869
47.9,0.009464252190009508,0.06669456663662339,0.018928504380019015,0.16009368842635263
48.0,0.010392508582455925,0.06666066469681936,0.02078501716491185,0.17073649671479618
48.0,0.011317893712612555,0.06662697300311453,0.02263578742522511,0.18201610373867982
48.1,0.01034966754148289,0.06659317062314782,0.02069933508296578,0.17014203967706143
48.1,0.011269974426118344,0.06655957654050297,0.022539948852236688,0.18180005681327802
48.2,0.007787053858261626,0.06652551775389526,0.015574107716523252,0.1513083873329495
48.2,0.008703212449307348,0.06649162989034892,0.017406424898614697,0.16161709868353125
48.3,0.00961696946981388,0.06645792534050764,0.01923393893962776,0.17281484049988993
48.3,0.008614311850615347,0.06642413115692507,0.017228623701230694,0.16294247399385942
48.4,0.009523904955812689,0.06639051800763315,0.019047809911625378,0.17452522369888304
48.4,0.00868885842493803,0.0663568389988538,0.01737771684987606,0.16383877511387634
48.5,0.009594638812918813,0.06632334109259563,0.019189277625837626,0.17571225412444447
48.5,0.008766249111410357,0.06628977715842325,0.017532498222820714,0.1650458665277923
48.6,0.009668585960389383,0.06625639448255062,0.019337171920778766,0.17719892182700558
48.6,0.008804901651252485,0.06622293983954558,0.01760980330250497,0.16648949846445849
48.7,0.009704172025078672,0.0661896661258238,0.019408344050157345,0.17894095194367443
48.7,0.008883788700568232,0.06615632577542575,0.017767577401136464,0.17646846125282203
48.8,0.00978033764084898,0.06612316662915992,0.01956067528169796,0.18939594238237661
48.8,0.008905541475843048,0.0660899321980875,0.017811082951686097,0.19300259801109904
48.9,0.009799835847917396,0.06605687852887987,0.01959967169583479,0.20586053177159055
48.9,0.008917492029983926,0.06602374813578522,0.017834984059967852,0.20840912206475332
49.0,0.009809950984643295,0.06599079799301702,0.01961990196928659,0.22096620865392574
49.0,0.009172718562671706,0.06595780514277053,0.018345437125343412,0.19972334474233197
49.1,0.010063475444054205,0.06592499536529658,0.02012695088810841,0.21338919314671295
49.1,0.00913364479498887,0.06589209826346182,0.01826728958997774,0.19892151419040394
49.2,0.010023355506966623,0.06585938314591587,0.020046711013933245,0.2123086567141188
49.2,0.010912387312728828,0.06582686177350291,0.021824774625457656,0.22610833111637652
49.3,0.009960617037680619,0.06579423722487754,0.019921234075361238,0.22375128559135504
49.3,0.0087486314735036,0.06576148797231092,0.0174972629470072,0.2265747550616659
49.4,0.009637527695568268,0.06572891458035107,0.019275055391136536,0.2390189281602968
49.4,0.010526150290952344,0.06569652884385559,0.021052300581904687,0.2520588473233505
49.5,0.009606327954452548,0.06566405017664445,0.019212655908905096,0.2488300071897948
49.5,0.008455218817699629,0.06563146120396862,0.016910437635399258,0.2528805869816532
49.6,0.009344931817367423,0.06559904347826195,0.018689863634734846,0.2633244962609327
49.6,0.008488658428781083,0.06556655779473305,0.016977316857562166,0.2562645682834743
49.7,0.009379291121687321,0.06553424356872838,0.018758582243374643,0.2660098640418713
49.7,0.008567218070270364,0.06550186659559913,0.017134436140540728,0.2576608484234088
49.8,0.009459144955594937,0.06546966195758751,0.018918289911189875,0.2667560872093042
49.8,0.008634079903336684,0.06543739171400548,0.01726815980667337,0.2576893531430029
49.9,0.009527676011343338,0.06540529458199917,0.019055352022686677,0.26622838287187406
49.9,0.010422009683918886,0.06537338259319998,0.020844019367837772,0.2760170462061162
50.0,0.00960231026196954,0.06534139328853948,0.01920462052393908,0.26405160019321444
50.0,0.008531634890171863,0.06530930378224048,0.017063269780343726,0.25175029277706384
50.1,0.009429693765643732,0.06527738590495821,0.018859387531287464,0.2595183852757712
50.1,0.008550951053140028,0.06524539538322821,0.017101902106280056,0.24858415367140863
50.2,0.009451786580370358,0.06521357678773401,0.018903573160740716,0.256102183091039
50.2,0.010353942466447332,0.06518194240650285,0.020707884932894664,0.2650203782591895
50.3,0.007525743571190685,0.06514996983394691,0.01505148714238137,0.24226941955632997
50.3,0.008431612577328851,0.06511815533163136,0.016863225154657702,0.2467009856864233
50.4,0.009339142260863798,0.0650865113580617,0.018678284521727595,0.25325320983353006
50.4,0.010248375680515495,0.06505505042181449,0.02049675136103099,0.26135856181308537
50.5,0.009491128683519992,0.06502352280518957,0.018982257367039984,0.243516124837591
50.5,0.008437506461275113,0.06499189856453655,0.016875012922550225,0.236274269983356
50.6,0.009353100691311745,0.06496044536212064,0.01870620138262349,0.24269320790604132
50.6,0.008513218409965235,0.06492892499616369,0.01702643681993047,0.23093021924346813
50.7,0.009433356768544468,0.06489757700619166,0.018866713537088936,0.23741728892546776
50.7,0.008645104152687934,0.06486616745966006,0.01729020830537587,0.22350641165805785
50.8,0.00957010399900415,0.06483493246335906,0.0191402079980083,0.23036468506525942
50.8,0.008777846338910503,0.06480363360045605,0.017555692677821005,0.22056748459121156
50.9,0.00970806023712739,0.06477251154233306,0.01941612047425478,0.22749442182400248
50.9,0.008895653923926902,0.06474132110315618,0.017791307847853804,0.21850544614922018
51.0,0.009831412047139958,0.06471030958069728,0.019662824094279916,0.22545383966574756
51.0,0.009000516800091632,0.06467922550708852,0.018001033600183264,0.21668453186013048
51.1,0.009942140644919894,0.06464832234489416,0.019884281289839788,0.2236262520531147
51.1,0.009103187208534098,0.06461734400656118,0.018206374417068197,0.20623923474697792
51.2,0.010050927389431264,0.06458654859751033,0.02010185477886253,0.2139468049936406
51.2,0.009173396868337394,0.06455567115464546,0.018346793736674787,0.2070864256013767
51.3,0.010127627094563944,0.06452497826946862,0.020255254189127887,0.2146854810841261
51.3,0.011085033238165839,0.06449448390152676,0.022170066476331678,0.22335482812410223
51.4,0.010482856471452367,0.06446393648584925,0.020965712942904734,0.20600717206365093
51.4,0.00947476301287099,0.06443328227938756,0.01894952602574198,0.20039304596085072
51.5,0.010442779683523272,0.06440281837465166,0.020885559367046544,0.20847706973371188
51.5,0.009682324742482748,0.06437228389229273,0.019364649484965496,0.17709175592920845
51.6,0.00873495480948058,0.06434166275267779,0.01746990961896116,0.17523584177768248
51.6,0.00971407319291518,0.06431122231527453,0.01942814638583036,0.18422483420656022
51.7,0.010696864368748794,0.06428097728432747,0.021393728737497588,0.1939670388779975
51.7,0.00988876251599869,0.06425065142348146,0.01977752503199738,0.18625557332468023
51.8,0.011021669835972865,0.06422054785829644,0.02204333967194573,0.19807282385744923
51.8,0.01019229608996124,0.06419035611722648,0.02038459217992248,0.19734086913897597
51.9,0.011335904853034767,0.06416039322092754,0.022671809706069534,0.2085926015592503
51.9,0.010446321965732091,0.06413032863728944,0.020892643931464182,0.20627534196557828
52.0,0.011601016203557956,0.06410049875074209,0.02320203240711591,0.21688030408776626
52.0,0.010668125994201362,0.06407055658824305,0.021336251988402725,0.2137460005127374
52.1,0.011834280951710444,0.06404085455868044,0.023668561903420888,0.22353626506107016
52.1,0.013006025129945925,0.06401141372266292,0.02601205025989185,0.23404117054020723
52.2,0.012046579225782773,0.06398183585610429,0.024093158451565545,0.227439999614726
52.2,0.010815712719197011,0.06395209042015752,0.021631425438394022,0.22621489645125026
52.3,0.009912796662980571,0.06392224809774408,0.019825593325961142,0.23695499950230703
52.3,0.011260636286226906,0.06389266218789645,0.022521272572453812,0.24232176931763583
52.4,0.012616188071457108,0.06386336086938259,0.025232376142914216,0.2496485548510976
52.4,0.013979504973411333,0.06383437274242124,0.027959009946822665,0.25835056072928486
52.5,0.01324579031690644,0.06380527761726441,0.02649158063381288,0.274795775564864
52.5,0.011952423504651246,0.06377598151428927,0.023904847009302493,0.2723104823872702
52.6,0.013340757481834558,0.06374698949608885,0.026681514963669117,0.2766097356299464
52.6,0.01473731059084888,0.0637183316047743,0.02947462118169776,0.282670498762851
52.7,0.01402700710878906,0.06368956305413961,0.02805401421757812,0.2575094602609189
52.7,0.013772790675373242,0.06366078346467464,0.027545581350746483,0.2279089895490034
52.8,0.015356070968915171,0.06363238857331051,0.030712141937830343,0.2356948389450353
52.8,0.014233321145340287,0.0636037876930209,0.028466642290680574,0.22318190603030352
52.9,0.01583838838631989,0.06357558684344532,0.03167677677263978,0.23061897088884908
52.9,0.014690875630907164,0.06354716648781751,0.029381751261814328,0.23042060796143993
53.0,0.016481914253608232,0.06351920168659932,0.032963828507216464,0.23809025498455183
53.0,0.018286256964459534,0.0634917429459132,0.03657251392891907,0.2471888040672119
53.1,0.01744968797780887,0.063464102289097,0.03489937595561774,0.24216932353796544
53.1,0.015820484147370077,0.06343609971710834,0.031640968294740154,0.24198650671469624
53.2,0.017666795579905227,0.06340859566195652,0.035333591159810454,0.24919838250703963
53.2,0.016357800099846945,0.06338080144805165,0.03271560019969389,0.23759607491995682
53.3,0.01840400477370757,0.0633535738383248,0.03680800954741514,0.24481966984224401
53.3,0.017242018953955184,0.06332607908823433,0.03448403790791037,0.227212017993081
53.4,0.01932247780332972,0.06329918654511575,0.03864495560665944,0.2341608327248923
53.4,0.01800818065194631,0.06327197022463395,0.03601636130389262,0.20335808750715723
53.5,0.016850194054218358,0.0632444948515377,0.033700388108436716,0.1842013473456121
53.5,0.019161979834731873,0.06321767368861779,0.038323959669463746,0.1905357189658341
53.6,0.021494156747495604,0.06319159106442288,0.04298831349499121,0.19864555523622407
53.6,0.020619820661410757,0.06316527467523103,0.04123964132282151,0.19450300737838155
53.7,0.022993615580004678,0.06313975971344327,0.045987231160009356,0.20322146952708708
53.7,0.021673687806145602,0.06311384744978363,0.043347375612291204,0.19719409354960282
53.8,0.024278546674920052,0.06308885439241395,0.048557093349840104,0.20635245523642576
53.8,0.022616427659710416,0.063063324065485,0.04523285531942083,0.20098638307061645
53.9,0.02527079109795967,0.06303876604157284,0.05054158219591934,0.2098354794696231
53.9,0.023943134019093842,0.0630137635022653,0.047886268038187685,0.19880140274191538
54.0,0.026843755598384627,0.06298988010137821,0.053687511196769254,0.2079227685744116
54.0,0.02528387829226634,0.06296543454587421,0.05056775658453268,0.19902344015668172
54.1,0.02824224842594227,0.06294218728926174,0.05648449685188454,0.2075898539681491
54.1,0.026503020439586803,0.0629182757389905,0.053006040879173606,0.1981163337221723
54.2,0.02972394110822779,0.06289572739542484,0.05944788221645558,0.2069260152485346
54.2,0.028282847826422878,0.06287259985174125,0.056565695652845756,0.19265798989574945
54.3,0.0315699966536913,0.06285094765710227,0.0631399933073826,0.20140395335222072
54.3,0.03015376463145567,0.06282868787876993,0.06030752926291134,0.1893311071930719
54.4,0.03372058377174842,0.06280812816309853,0.06744116754349684,0.19845492398515946
54.4,0.031295065401087806,0.06278644631896478,0.06259013080217561,0.1899059874409028
54.5,0.03493717693352025,0.06276655975490311,0.0698743538670405,0.19855403016618522
54.5,0.0327501365634347,0.06274562212095892,0.0655002731268694,0.1815189495103442
54.6,0.03668998640473493,0.06272671292811803,0.07337997280946985,0.19030024305500515
54.6,0.034488650415964474,0.06270668959217139,0.06897730083192895,0.18576981249639601
54.7,0.03851275843251704,0.0626888382433898,0.07702551686503407,0.19411872123123253
54.7,0.036263771382593304,0.06266978911979208,0.07252754276518661,0.18497598728516773
54.8,0.04060418686521061,0.0626531983938456,0.08120837373042122,0.19315440756159474
54.8,0.038015862000419835,0.06263515274728418,0.07603172400083967,0.19667548619353092
54.9,0.04244966464012242,0.06261972927252345,0.08489932928024484,0.20387019347286373
54.9,0.03958081637997165,0.06260261983791886,0.0791616327599433,0.19752756378594394
55.0,0.044349782333291475,0.06258844379836011,0.08869956466658295,0.20431568260638966
55.0,0.04182416342090332,0.0625727107475491,0.08364832684180663,0.18366460088796407
55.1,0.04669501395513379,0.06256012941888818,0.09339002791026758,0.1900538566332428
55.1,0.044717548823645,0.06254625828269358,0.08943509764729,0.19346280929611215
55.2,0.04994215216000475,0.06253599101050937,0.0998843043200095,0.19988050938089863
55.2,0.04644221191940336,0.06252329932097236,0.09288442383880673,0.1749121589625522
55.3,0.051776968078890775,0.06251441730994123,0.10355393615778155,0.18080824833645057
55.3,0.04858012443139717,0.0625032317248018,0.09716024886279434,0.15922498543983687
55.4,0.05428710149131714,0.062496303434866174,0.10857420298263427,0.1651929342016767
55.4,0.06005250514812654,0.062494142876094914,0.12010501029625308,0.17204252180850332
55.5,0.056326378810874676,0.062488860305952125,0.11265275762174935,0.1551261077374502
55.5,0.062477420905912975,0.06248885001040405,0.12495484181182595,0.16203782688354162
55.6,0.057483790487596026,0.062484529160661904,0.11496758097519205,0.141981491698413
55.6,0.05168643593385178,0.06247566503530807,0.10337287186770357,0.1208394970261224
55.7,0.058024983171369206,0.062471811997655974,0.11604996634273841,0.12673008208647984
55.7,0.06442409330121797,0.062473590256006,0.12884818660243594,0.13334771963645495
55.8,0.06035605475511079,0.06247172495156084,0.12071210951022159,0.12306219008430341
55.8,0.0550463047861857,0.062465472064229116,0.1100926095723714,0.11422646285958371
55.9,0.06191546653450592,0.062464982273271887,0.12383093306901184,0.12026929148838184
55.9,0.05753940600856276,0.062460753911172964,0.11507881201712553,0.10217651667688199
56.0,0.06453457737559225,0.062462636249803194,0.1290691547511845,0.10848438091193646
56.0,0.06058558309738749,0.062460986941977145,0.12117116619477498,0.10103198451253603
56.1,0.06770349294909846,0.062465855303313694,0.1354069858981969,0.10729656203750348
56.1,0.06322764273164008,0.06246653778625209,0.12645528546328016,0.10217691659502862
56.2,0.0707704456578077,0.062474416152837456,0.1415408913156154,0.10872415982575001
56.2,0.06586284992567153,0.06247750969691663,0.13172569985134305,0.10344647912686922
56.3,0.0735309687328595,0.06248819372348895,0.147061937465719,0.10977346675587674
56.3,0.06817433762812623,0.06249346843488088,0.13634867525625247,0.1028278960381348
56.4,0.07596345754463386,0.0625066954621132,0.15192691508926773,0.10904372764346548
56.4,0.0838109640725876,0.06252877734957461,0.1676219281451752,0.11553601063268903
56.5,0.06242667554610108,0.06252868706770091,0.12485335109220216,0.08912020935029741
56.5,0.07071191787665108,0.06253639544063125,0.14142383575330217,0.09445193014966335
56.6,0.07905661432436066,0.06255291471575439,0.15811322864872132,0.10024048815643449
56.6,0.08745939565235733,0.06257926833933872,0.17491879130471466,0.10633679930268336
56.7,0.08142956960131005,0.06259839184713759,0.1628591392026201,0.10457653127962074
56.7,0.08994532640448447,0.06262774212011624,0.17989065280896893,0.11064029539049947
56.8,0.08228027056939356,0.06264775300874194,0.16456054113878713,0.09953824665014133
56.8,0.0909036036066921,0.06267820113409744,0.1818072072133842,0.10550410434508484
56.9,0.08193794058141789,0.06269772252556383,0.16387588116283577,0.10160433989853668
56.9,0.07287013324989217,0.0627073772902181,0.14574026649978433,0.0961818176840259
57.0,0.08164508953523772,0.06272649483176697,0.16329017907047544,0.10081163117710368
57.0,0.07553345735886893,0.06273886378833186,0.15106691471773787,0.10026422768438725
57.1,0.08474584276825374,0.06276151003814273,0.16949168553650748,0.10471653616021692
57.1,0.09400564747916014,0.06279564001106182,0.18801129495832028,0.10956948175797177
57.2,0.08850679631998232,0.06282271002134074,0.17701359263996463,0.10220347611158467
57.2,0.0799864938885108,0.06283974565162538,0.1599729877770216,0.08557368953821197
57.3,0.08938006550224398,0.06286778909924629,0.17876013100448795,0.08943430320330403
57.3,0.09881433133687989,0.06290807549253444,0.19762866267375978,0.0937303158534899
57.4,0.0918513773062897,0.06293907965245031,0.1837027546125794,0.09429136422278628
57.4,0.0825552818524359,0.06295880944938201,0.1651105637048718,0.08729525725881859
57.5,0.09210264305180796,0.06299000973616149,0.18420528610361592,0.09087647210028081
57.5,0.0845394782129053,0.06301193086124471,0.1690789564258106,0.08549706578732309
57.6,0.09415323259235177,0.06304563410165355,0.18830646518470354,0.08898995055485082
57.6,0.08685951998559399,0.06307018390202059,0.17371903997118798,0.07931570978641898
57.7,0.09653255267173656,0.0631068623414436,0.19306510534347313,0.08278835231894455
57.7,0.08887364930545191,0.06313371994109282,0.17774729861090383,0.07887638273995701
57.8,0.09859882239127077,0.06317300381676491,0.19719764478254154,0.08228475763171805
57.8,0.09068450196055498,0.06320195314888093,0.18136900392110997,0.08182644800458005
57.9,0.10045461159833706,0.06324359007074742,0.20090922319667412,0.0851449626709544
57.9,0.0920698663385555,0.06327412260561223,0.184139732677111,0.08188070490190835
58.0,0.10187764861045495,0.06331753833713535,0.2037552972209099,0.08511852547011456
58.0,0.09321153571425167,0.06334935712726847,0.18642307142850334,0.08158695318512854
58.1,0.10304968484272672,0.0633942123328328,0.20609936968545345,0.08474471079710533
58.1,0.09434048691227724,0.0634273073757706,0.18868097382455448,0.08349773410698492
58.2,0.10420165355689216,0.06347357939178826,0.20840330711378433,0.0865963044810909
58.2,0.09529466619814099,0.06350773113873102,0.19058933239628198,0.08517499070617142
58.3,0.10517150344309899,0.06355516657563191,0.21034300688619798,0.08815790967420889
58.3,0.11505311499444283,0.06361714322659906,0.23010622998888566,0.09154147593097428
58.4,0.10585466412099466,0.06366529192621201,0.21170932824198932,0.08829413451924584
58.4,0.09379711459062487,0.06369715930680732,0.18759422918124974,0.09225636444020834
58.5,0.1036832410082608,0.06374204671526476,0.2073664820165216,0.09470768689268325
58.5,0.09391233283243614,0.06377390072228098,0.18782466566487227,0.09042596395081737
58.6,0.10379196255595946,0.0638187430709511,0.20758392511191892,0.09272811516715884
58.6,0.0947663151699833,0.06385151493173373,0.1895326303399666,0.09047392295092925
58.7,0.1046320442971548,0.06389732757147594,0.2092640885943096,0.09266624402988798
58.7,0.0957113630495818,0.0639311348229628,0.1914227260991636,0.09506355048522375
58.8,0.10555578508068628,0.06397803535632193,0.21111157016137255,0.09727981043292311
58.8,0.09616050171664656,0.06401224603768517,0.19232100343329311,0.09959923169475227
58.9,0.08658785303504965,0.06403478582881843,0.1731757060700993,0.09509860230457012
58.9,0.09638678347515034,0.06406914855326146,0.19277356695030068,0.09621277128670425
59.0,0.10616666748514955,0.06411652755784544,0.2123333349702991,0.09812287578870182
59.0,0.09744934749236993,0.06415207852503611,0.19489869498473986,0.0960622015758974
59.1,0.10718596548067628,0.06420067913264897,0.21437193096135257,0.09806775881533514
59.1,0.09792384698253108,0.06423666243610424,0.19584769396506216,0.10056118548664883
59.2,0.10761005283604966,0.06428564419687395,0.21522010567209932,0.10231181024000871
59.2,0.0979507974266322,0.06432148235014415,0.1959015948532644,0.10418853666019845
59.3,0.10757936439250644,0.06437020244132047,0.21515872878501288,0.10593904992716752
59.3,0.09790009061722145,0.06440579715278978,0.1958001812344429,0.11804492444969927
59.4,0.10746400939566879,0.06445413877617412,0.21492801879133758,0.11926605860845085
59.4,0.09793308247019607,0.0644895990012101,0.19586616494039213,0.14020921651059925
59.5,0.10742528541331836,0.06453767224371132,0.21485057082663672,0.14093376334858476
59.5,0.1168788406523275,0.06459941094558944,0.233757681304655,0.1425025648197935
59.6,0.10709046388213034,0.06464676402455095,0.21418092776426068,0.14346550914341738
59.6,0.11646193616932965,0.06470757399852907,0.2329238723386593,0.1446376547472663
59.7,0.10332022270445036,0.06474954800758283,0.20664044540890072,0.1290584773652279
59.7,0.090065483961211,0.06477486939874716,0.180130967922422,0.14009214739074569
59.8,0.09930099568295941,0.06481142065610464,0.19860199136591883,0.1388137812445116
59.8,0.08992148748639137,0.0648364570049639,0.17984297497278273,0.12481037288829855
59.9,0.09902765449044643,0.06487251248913875,0.19805530898089285,0.12364002044277211
59.9,0.09039218360238799,0.06489797801574014,0.18078436720477598,0.1231835604119742
60.0,0.09930787686790876,0.0649342447371138,0.19861575373581752,0.1223326965583007
60.0,0.09012250707595854,0.06495928035875113,0.18024501415191707,0.10468481976709909
60.1,0.09883767736272166,0.06499480537443013,0.19767535472544331,0.10431893034124573
60.1,0.09000445853784923,0.06501958987871836,0.18000891707569847,0.08831744016982923
60.2,0.09850954623958474,0.06505455960575457,0.1970190924791695,0.08879751744657072
60.2,0.10690606552503165,0.06510044687143184,0.2138121310500633,0.09030030316244053
60.3,0.09723285276825516,0.06513365763223967,0.19446570553651032,0.08167375344794991
60.3,0.08491902171072627,0.06515253676898142,0.16983804342145253,0.07241790727330089
60.4,0.09297769541435888,0.06518048350958808,0.18595539082871776,0.07426741027563666
60.4,0.10091960028868505,0.0652181377912272,0.2018392005773701,0.07695922588905457
60.5,0.09126301147087926,0.06524395531408553,0.18252602294175851,0.08190828802848382
60.5,0.08046842949729334,0.0652579924217689,0.16093685899458668,0.09904367352262544
60.6,0.08805090294208882,0.0652800789435674,0.17610180588417765,0.10138443799009345
60.6,0.0788333593687252,0.06529241102594678,0.1576667187374504,0.09396737624783191
60.7,0.08616862758096815,0.06531235331547597,0.1723372551619363,0.0967545644683456
60.7,0.0775780200093506,0.06532339552066126,0.1551560400187012,0.10206007104344827
60.8,0.08466133285212465,0.06534164977894193,0.1693226657042493,0.1053477459586345
60.8,0.09161690340616035,0.06536757575311135,0.1832338068123207,0.10930624497031352
60.9,0.08385199241143043,0.06538489521262875,0.16770398482286086,0.10226805399350658
60.9,0.07342295433960856,0.0653918941296729,0.14684590867921712,0.12889759525306488
61.0,0.07999305315877032,0.0654051971072131,0.15998610631754065,0.13193175130946844
61.0,0.07129480733453168,0.06541023768626215,0.14258961466906336,0.1371889941926574
61.1,0.0776057483020565,0.06542114710041261,0.155211496604113,0.14025358824206968
61.1,0.08378662686709581,0.0654382694079281,0.16757325373419163,0.1440755618688574
61.2,0.07545464932237608,0.06544707842609046,0.15090929864475217,0.1347024846323983
61.2,0.06557310500141407,0.0654471814038995,0.13114621000282814,0.14116179378902016
61.3,0.07136708953501088,0.06545222822847967,0.14273417907002175,0.14367949114510384
61.3,0.07703261181756466,0.06546250031176931,0.1540652236351293,0.14708759461510912
61.4,0.06936961104301531,0.06546577686505321,0.13873922208603062,0.14898301419883797
61.4,0.060149568299393934,0.0654616267296294,0.12029913659878787,0.16756391366609844
61.5,0.052915557494038146,0.06545240347112474,0.10583111498807629,0.16220465557894315
61.5,0.058078437787256895,0.06544675043684667,0.11615687557451379,0.16286308669833272
61.6,0.06311838171767523,0.06544489411906637,0.12623676343535045,0.1648849641573142
61.6,0.05728654784520295,0.06543868957723487,0.1145730956904059,0.16188120806672934
61.7,0.06208555743880946,0.06543604185469296,0.12417111487761892,0.16341894891489384
61.7,0.05549082465858846,0.0654286005722117,0.11098164931717693,0.17646486062515868
61.8,0.06005569666352372,0.06542443191491167,0.12011139332704744,0.17815501321352034
61.8,0.05347891730838558,0.06541565608041412,0.10695783461677116,0.15582715605077357
61.9,0.05781738861245139,0.06540987473915442,0.11563477722490278,0.15756794368759275
61.9,0.051747966783487184,0.0653999989710391,0.10349593356697437,0.1376337647071617
62.0,0.05586838450925212,0.06539287194577834,0.11173676901850424,0.13991026014965247
62.0,0.0501924430328198,0.06538204608929299,0.1003848860656396,0.13272350480292738
62.1,0.05410384138902732,0.06537374807749845,0.10820768277805463,0.13518206766182606
62.1,0.05791396245061838,0.06536808880737278,0.11582792490123676,0.13855445629931132
62.2,0.05202124967230059,0.06535845444619055,0.10404249934460118,0.13363119324332093
62.2,0.04451738402848164,0.06534438205630368,0.08903476805696328,0.1382216118958084
62.3,0.04803921383477166,0.06533233142481353,0.09607842766954332,0.14111645693755714
62.3,0.04222194053697924,0.06531707470879412,0.08444388107395848,0.13493794228614675
62.4,0.04556356283276654,0.06530363860358747,0.09112712566553308,0.13832050283256117
62.4,0.04081654465181531,0.0652877070399202,0.08163308930363063,0.14571269191322636
62.5,0.043987882578289283,0.06527344521188534,0.08797576515657857,0.14901171941264457
62.5,0.039123224038867414,0.06525672684740849,0.07824644807773483,0.158784234959626
62.6,0.03474942609227245,0.06523805303307016,0.0694988521845449,0.14808828161625232
62.6,0.03768372430001906,0.06522070409866443,0.07536744860003812,0.15004345241832162
62.7,0.040543492139385136,0.06520474623011688,0.08108698427877027,0.15310420430240335
62.7,0.03587359042136329,0.06518662888020552,0.07174718084272658,0.14358983609062737
62.8,0.03859152887907507,0.06516977167455125,0.07718305775815014,0.14702359890056416
62.8,0.03404223642209897,0.06515091954909662,0.06808447284419794,0.14238966649844656
62.9,0.03662732033377629,0.06513320675331011,0.07325464066755258,0.14609553833651856
62.9,0.03914897982519304,0.0651166826905506,0.07829795965038608,0.1505500848302639
63.0,0.03468546209399655,0.06509817176339269,0.0693709241879931,0.14629180771165148
63.0,0.029883536167724996,0.06507779584126276,0.05976707233544999,0.14099707671322312
63.1,0.03222839741643577,0.06505833280169586,0.06445679483287153,0.14470838345193537
63.1,0.028995327413785812,0.06503768992359776,0.057990654827571625,0.15366438787081416
63.2,0.0312319867058438,0.06501789273983176,0.0624639734116876,0.15696632842804537
63.2,0.02797044696823843,0.0649969466329515,0.05594089393647686,0.14690394393799466
63.3,0.030106110489810118,0.06497678078095806,0.060212220979620236,0.15070202704702096
63.3,0.026641104114342746,0.0649554459159775,0.05328220822868549,0.1364335545985793
63.4,0.023291976759145492,0.0649331221594672,0.046583953518290984,0.13016628796686858
63.4,0.025289204027527212,0.06491141488555027,0.050578408055054425,0.1337032319925162
63.5,0.02724328326505503,0.06489035736578043,0.05448656653011006,0.13813391720755133
63.5,0.02915569777109513,0.06486998024989377,0.05831139554219026,0.14324260481738027
63.6,0.026026421826385947,0.06484858208827837,0.052052843652771894,0.13714949724242895
63.6,0.02786026008628518,0.0648278092200075,0.05572052017257036,0.14258752516080328
63.7,0.024508063781450918,0.0648059992052632,0.049016127562901836,0.14307059046017076
63.7,0.02096629078658428,0.06478324112978534,0.04193258157316856,0.15891569037601494
63.8,0.022692934512718105,0.06476096687398603,0.04538586902543621,0.16293294295731475
63.8,0.019913521774957563,0.06473800363866608,0.03982704354991513,0.15875127893160845
63.9,0.02157471107273821,0.06471548486529771,0.04314942214547642,0.16282256453374955
63.9,0.02320475163992108,0.06469343456558087,0.04640950327984216,0.1677073889662507
64.0,0.020801395759801767,0.06467077239474582,0.041602791519603534,0.16974278722906744
64.0,0.017899457486651543,0.06464745960831265,0.035798914973303085,0.16120143880797932
64.1,0.019443307488445537,0.0646245227354059,0.038886614976891075,0.16506997717157879
64.1,0.01716720218842276,0.06460111080335235,0.03433440437684552,0.1576220369519372
64.2,0.01865852473135797,0.06457804904252878,0.03731704946271594,0.16147026601764927
64.2,0.017138380707164776,0.06455468696034324,0.03427676141432955,0.1588435777269834
64.3,0.018580877979735087,0.06453166321096471,0.037161755959470175,0.1628372527016715
64.3,0.016608826549847445,0.0645082491073673,0.03321765309969489,0.16142924896858935
64.4,0.018006003151355057,0.06448515402402827,0.03601200630271011,0.16540043706691077
64.4,0.016083646822235016,0.06446169217999108,0.03216729364447003,0.16038429637263651
64.5,0.01743872462910714,0.0644385314222294,0.03487744925821428,0.16455879026561526
64.5,0.01877376182163757,0.0644156889096935,0.03754752364327514,0.16959692763200895
64.6,0.016823047465690407,0.06439245634642894,0.033646094931380814,0.1631652493076936
64.6,0.014482635399974844,0.06436881119383502,0.028965270799949688,0.16220548613859953
64.7,0.015762459417884615,0.06434542636528845,0.03152491883576923,0.1662588834057427
64.7,0.014024057919600236,0.0643217583487117,0.02804811583920047,0.16149253640679942
64.8,0.01527028450254123,0.06429833721662585,0.03054056900508246,0.1657563887344402
64.8,0.013625474100410514,0.0642746586237686,0.027250948200821027,0.15159126109618437
64.9,0.014840576913101297,0.06425121518376296,0.029681153826202594,0.15611147553659108
64.9,0.013436130199799256,0.06422756130346723,0.026872260399598513,0.15083980883580517
65.0,0.014622432367584723,0.06420413451930662,0.029244864735169445,0.15558182362647624
65.0,0.013074097430319039,0.06418047842666161,0.026148194860638078,0.15806610886871952
65.1,0.014233796135706505,0.06415703953053004,0.02846759227141301,0.16297171850148925
65.1,0.013030767614573242,0.06413343181234774,0.026061535229146483,0.16334821297013324
65.2,0.014165955895784016,0.06411003627997142,0.02833191179156803,0.16792987299056508
65.2,0.012969856983185759,0.06408647403667951,0.025939713966371517,0.1712953090136794
65.3,0.014082422295647518,0.06406311909605716,0.028164844591295035,0.1762428535042531
65.3,0.015184245465467485,0.06403998402807136,0.03036849093093497,0.18208290439478514
65.4,0.013966759267067315,0.06401666406629274,0.02793351853413463,0.17257411276183388
65.4,0.01504863278750086,0.0639935586259288,0.03009726557500172,0.17907471678184916
65.5,0.013181843615869502,0.06397016569771422,0.026363687231739003,0.17567478742741827
65.5,0.01127413385383834,0.06394652166122715,0.02254826770767668,0.17668401717492546
65.6,0.012329649983370607,0.06392305347585181,0.024659299966741214,0.18185336615379166
65.6,0.01337696301732087,0.06389977288413298,0.02675392603464174,0.18802722529034877
65.7,0.012606369455723087,0.06387639998530203,0.025212738911446174,0.1714938303308988
65.7,0.011131805087068401,0.06385284566188001,0.022263610174136802,0.15024908377478874
65.8,0.012157248308619027,0.06382946061635864,0.024314496617238054,0.1567621557715254
65.8,0.010852209819044029,0.06380592386200395,0.021704419638088057,0.13922975283001038
65.9,0.011864861047483174,0.06378255098280862,0.02372972209496635,0.14630739513228175
65.9,0.012871505022490565,0.06375935304030661,0.02574301004498113,0.1541677169643959
66.0,0.011669730068226171,0.0637360065429464,0.023339460136452342,0.14074202381575407
66.0,0.010242392388437556,0.06371250105360514,0.020484784776875112,0.14381298214961047
66.1,0.011233691270964647,0.0636891488944291,0.022467382541929294,0.1518389295779662
66.1,0.010231047220687671,0.06366569573647202,0.020462094441375343,0.14921525880496578
66.2,0.01121369693790014,0.0636423944248622,0.02242739387580028,0.1574903277703641
66.2,0.010486532311605248,0.06361902617254059,0.020973064623210497,0.18275409291404787
66.3,0.01146169522390586,0.06359581150311622,0.02292339044781172,0.18963702167836038
66.3,0.010543399192105979,0.06357250359731366,0.021086798384211958,0.20874776524331162
66.4,0.009390525608854304,0.06354908610849586,0.018781051217708608,0.1870701946738762
66.4,0.010354983143813787,0.06352580803130843,0.020709966287627574,0.191898903310466
66.5,0.011315811579220538,0.06350267971213008,0.022631623158441076,0.19817647436327146
66.5,0.01021916587932314,0.06347943798301853,0.02043833175864628,0.17412730625936276
66.6,0.011173187916973285,0.06345634338598756,0.02234637583394657,0.1808950070381724
66.6,0.012123753436271593,0.06343340599953355,0.024247506872543186,0.18873833796743555
66.7,0.011023544898882411,0.06341034419149486,0.022047089797764822,0.16806981697784115
66.7,0.0096252748537771,0.06338713796364423,0.0192505497075542,0.14994613987549543
66.8,0.010566571336166886,0.06336407025530957,0.021133142672333773,0.15794597421217815
66.8,0.0094757023030411,0.0633408995872935,0.0189514046060822,0.14182484231219675
66.9,0.010411047790216912,0.0633178648740888,0.020822095580433825,0.15084607086104285
66.9,0.011343374485403089,0.0632949758590397,0.022686748970806178,0.16071785263975047
67.0,0.010511810239485907,0.06327200556753237,0.021023620478971813,0.1521318711696943
67.0,0.009251014640959745,0.06324891432464108,0.01850202928191949,0.14441977791388572
67.1,0.010175440998063034,0.0632259549054421,0.02035088199612607,0.15508885661496635
67.1,0.009158675755506782,0.06320290555762498,0.018317351511013564,0.14495618409505936
67.2,0.010078127622142741,0.06317998626791588,0.020156255244285482,0.1563665792165134
67.2,0.00945790641049599,0.06315702144062725,0.01891581282099198,0.1458652064842642
67.3,0.01037262013995507,0.06313418913007175,0.02074524027991014,0.15833109302548867
67.3,0.011284943095837233,0.0631114986910678,0.022569886191674465,0.1711837940790501
67.4,0.010303637738594858,0.06308870922114065,0.020607275477189716,0.1644104369519942
67.4,0.009033788343746558,0.06306580100552203,0.018067576687493116,0.15866760729745888
67.5,0.00994046956724361,0.06304301949145925,0.01988093913448722,0.1716608290476878
67.5,0.009019701365079338,0.06302016096125185,0.018039402730158676,0.17195261274976126
67.6,0.009922981351542627,0.06299742841611178,0.019845962703085255,0.18434588425193665
67.6,0.009005433568165312,0.06297461936874747,0.018010867136330624,0.17389143781776478
67.7,0.009905580791687307,0.06295193562200863,0.019811161583374613,0.18641904693807504
67.7,0.008988232965618155,0.06292917556587939,0.01797646593123631,0.17482121509647344
67.8,0.009885618631304086,0.06290654014093669,0.019771237262608172,0.1874764604760939
67.8,0.010781512750404953,0.06288403843655108,0.021563025500809907,0.2006128938195721
67.9,0.009864084034630915,0.06286145089554711,0.01972816806926183,0.18831819235486275
67.9,0.010757772422201323,0.06283899639824934,0.021515544844402646,0.20160396500942324
68.0,0.0074425831190910174,0.06281621377383184,0.014885166238182035,0.16696964093701805
68.0,0.008335113949497482,0.06279353876892835,0.016670227898994965,0.17856702730007407
68.1,0.007232775928489106,0.06277078852334,0.014465551856978212,0.17247521497138918
68.1,0.008123919524788381,0.06274814343540902,0.016247839049576763,0.1840144088485074
68.2,0.009014284321462182,0.06272561256933734,0.018028568642924365,0.19640778135889125
68.2,0.008294164576709614,0.06270303382396171,0.016588329153419228,0.18197071986748337
68.3,0.009183654810251964,0.06268057080653419,0.018367309620503928,0.1944188298971919
68.3,0.008408616358866056,0.06265805302643392,0.01681723271773211,0.18102584702103036
68.4,0.009297632426890178,0.06263565194371373,0.018595264853780356,0.19350570645286724
68.4,0.008496319787317616,0.06261319241877836,0.016992639574635232,0.17993807801324513
68.5,0.009385244265706484,0.06259085032489095,0.018770488531412968,0.1925449363992465
68.5,0.008565594974480952,0.06256844710192644,0.017131189948961904,0.17893328239609682
68.6,0.009454814018072402,0.06254616189574677,0.018909628036144804,0.19172298695992548
68.6,0.00862076001741776,0.06252381341673836,0.01724152003483552,0.17895801658104324
68.7,0.007776140986156295,0.06250140886106746,0.01555228197231259,0.16697564864890593
68.7,0.008666772524850212,0.06247911411059522,0.017333545049700423,0.17933856046196314
68.8,0.009557773533690682,0.062456938296892764,0.019115547067381364,0.19237220878692604
68.8,0.00873867562474307,0.062434699673711305,0.01747735124948614,0.17941143540700755
68.9,0.009631148273028207,0.06241258073272824,0.019262296546056414,0.19255868378784816
68.9,0.008768660256228283,0.06239039382063142,0.017537320512456565,0.18037324904273266
69.0,0.009663011008456941,0.06236832695128717,0.019326022016913882,0.193554300873231
69.0,0.00879530256729787,0.06234619123587084,0.01759060513459574,0.1813478478624187
69.1,0.009691923004896314,0.062324175934468616,0.019383846009792628,0.1945215286478742
69.1,0.008819037307199984,0.06230209094462179,0.01763807461439997,0.1821113356111383
69.2,0.0097183149412066,0.062280126754908675,0.0194366298824132,0.19524484740373527
69.2,0.00886248802113313,0.06225809434116982,0.01772497604226626,0.18287690057810874
69.3,0.009764807684991189,0.06223618336323173,0.019529615369982378,0.19590021424505702
69.3,0.01066852750619819,0.06221440327811816,0.02133705501239638,0.20936369363696067
69.4,0.009815966481333944,0.062192545809214295,0.019631932962667888,0.19596064154237214
69.4,0.010723291657314322,0.06217082004660825,0.021446583314628644,0.2093089058288474
69.5,0.009762376161217428,0.06214900403101335,0.019524752322434856,0.19739902628045067
69.5,0.01067377089935725,0.0621273195007383,0.0213475417987145,0.21019143242168287
69.6,0.009469459388648242,0.06210551826808442,0.018938918777296483,0.19438901885424412
69.6,0.008273685479686965,0.062083618032219526,0.01654737095937393,0.17932667146296405
69.7,0.009192136148348358,0.06206183421583513,0.018384272296696716,0.19077435656694103
69.7,0.008526582326251954,0.06204000586819951,0.017053164652503908,0.18743735970242514
69.8,0.009449880488695394,0.062018296981150814,0.018899760977390788,0.19867964201283506
69.8,0.008668920574910612,0.061996529898972204,0.017337841149821225,0.19845736425510335
69.9,0.009597437548465058,0.06197488420731297,0.019194875096930117,0.20943299913098712
69.9,0.008788874321586098,0.06195317615123213,0.017577748643172197,0.2082779788884602
70.0,0.009722975260576007,0.06193159123194218,0.019445950521152014,0.2188062169802714
70.0,0.008895085952381634,0.06190994076258446,0.017790171904763268,0.21611623780505423
70.1,0.009835119116287691,0.06188841508143091,0.019670238232575382,0.22608663221407715
70.1,0.010778009782345397,0.06186702457089354,0.021556019564690793,0.23683514657803909
70.2,0.00993778257096548,0.06184555691989655,0.01987556514193096,0.23126112338714905
70.2,0.01088710959512149,0.061824226187203284,0.02177421919024298,0.2414529759703602
70.3,0.007602835265592307,0.0618025690271462,0.015205670531184615,0.2356628348191418
70.3,0.008559426112927261,0.06178102400651892,0.017118852225854523,0.24036225100246128
70.4,0.009519360256873388,0.06175960187655524,0.019038720513746776,0.24690305480842345
70.4,0.010482677845060928,0.06173831348803785,0.020965355690121857,0.25477252171391895
70.5,0.009691643967971848,0.06171695627448971,0.019383287935943697,0.24090115123382855
70.5,0.008650747040910858,0.06169551229473672,0.017301494081821717,0.23367077844627182
70.6,0.00962537032039555,0.0616741935197861,0.0192507406407911,0.23857239466395047
70.6,0.008800168741181311,0.06165281029594021,0.017600337482362623,0.22458371660389725
70.7,0.009782538760537984,0.06163155465129855,0.019565077521075967,0.22928150773211026
70.7,0.009066288958177949,0.061610244302292054,0.018132577916355898,0.22922054174079992
70.8,0.010056729462421412,0.06158906528431652,0.020113458924842825,0.23263068525752045
70.8,0.009239393137766672,0.06156781849977224,0.018478786275533343,0.21861304471141108
70.9,0.010381641580133261,0.06154672276529001,0.020763283160266523,0.2227027778290469
70.9,0.011529315475464855,0.06152579356209061,0.02305863095092971,0.2288542651092046
71.0,0.010831024354977136,0.06150479734012636,0.021662048709954272,0.21372417526063864
71.0,0.009786262027512744,0.061483700242570716,0.01957252405502549,0.20531642290265767
71.1,0.01095132125690188,0.06146276380923212,0.02190264251380376,0.21001886916492896
71.1,0.01009610531437823,0.06144174674450312,0.02019221062875646,0.1975227777298718
71.2,0.011273111397442536,0.06142089580598327,0.022546222794885072,0.20282403727839804
71.2,0.010436821052354522,0.06139996331266714,0.020873642104709045,0.1923974017181293
71.3,0.009537785224727438,0.061378950468477994,0.019075570449454876,0.1851785477450475
71.3,0.010733496650093781,0.06135809830836375,0.021466993300187562,0.18944852739978219
71.4,0.012086609610619902,0.06133744454492416,0.024173219221239804,0.19636384538458418
71.4,0.011340144664102873,0.061316712957322335,0.022680289328205747,0.18831516929094877
71.5,0.012709699563248893,0.06129619125311931,0.025419399126497787,0.19585014914051402
71.5,0.01182925186536185,0.06127556817449531,0.0236585037307237,0.1884012305227606
71.6,0.013215710448802176,0.06125516490058595,0.026431420897604353,0.19634074610343383
71.6,0.012259625245205094,0.0612346445338576,0.024519250490410188,0.19061767100971183
71.7,0.013663446693920072,0.061214353206801644,0.027326893387840143,0.19862592796311945
71.7,0.01278164747138261,0.061193950668664565,0.02556329494276522,0.1939751996462588
71.8,0.01436328051406486,0.06117381412443851,0.02872656102812972,0.20295135249912122
71.8,0.013675325669248206,0.06115358923865779,0.02735065133849641,0.19588442561086938
71.9,0.015279392618035835,0.061133649968935354,0.03055878523607167,0.20508653679141292
71.9,0.014180712244063028,0.06111354789500682,0.028361424488126057,0.20046892006904954
72.0,0.015807808364559778,0.06109374445929499,0.031615616729119556,0.20938534906310613
72.0,0.017611174960323335,0.0610743044951582,0.03522234992064667,0.22027042421720222
72.1,0.017188500480828636,0.06105480178218954,0.03437700096165727,0.23030812699440933
72.1,0.01902042748473819,0.06103569645055028,0.03804085496947638,0.24133930091868866
72.2,0.017499378770102533,0.06101629638088807,0.03499875754020507,0.2407550439537145
72.2,0.01936083522418366,0.06099730623273814,0.03872167044836732,0.2506582838754863
72.3,0.017527303112223218,0.06097795291559737,0.035054606224446436,0.24836104856001417
72.3,0.015994664244043052,0.06095832898601135,0.031989328488086104,0.24281551496733628
72.4,0.018077767314385887,0.06093912803500042,0.036155534628771774,0.24942437380568344
72.4,0.016866117483609763,0.06091970772380328,0.033732234967219527,0.23636540840476244
72.5,0.018985678193285727,0.06090073828588247,0.03797135638657145,0.2425366215238547
72.5,0.01794497128256783,0.060881571560319425,0.03588994256513566,0.23019438868990272
72.6,0.02028412885847805,0.06086293115970665,0.0405682577169561,0.236600627680305
72.6,0.022644902008268446,0.060844883893597754,0.04528980401653689,0.24469369497555749
72.7,0.021526049660708212,0.06082657671185695,0.043052099321416425,0.2323056599486285
72.7,0.01963549342859197,0.06080784942289247,0.03927098685718394,0.2243568906678043
72.8,0.022251560237071432,0.06078976112702315,0.044503120474142864,0.2298619435531365
72.8,0.020845621149483816,0.06077135013065155,0.04169124229896763,0.2159532231405893
72.9,0.02351409871498068,0.06075362700386304,0.04702819742996136,0.22164564354517302
72.9,0.022868820812336786,0.06073575413230498,0.04573764162467357,0.22168653620559586
73.0,0.02578597906271319,0.06071870103423099,0.05157195812542638,0.22810533321518267
73.0,0.02457885688762769,0.06070132373259357,0.04915771377525538,0.21642342107689738
73.1,0.02755739905970661,0.060684840400394124,0.05511479811941322,0.22320265193665134
73.1,0.026826059808610216,0.06066815108001397,0.05365211961722043,0.2328526492016647
73.2,0.030072855748449635,0.060652520238417426,0.06014571149689927,0.24025624897367104
73.2,0.02819505950345395,0.06063629086404328,0.0563901190069079,0.23728621912837633
73.3,0.03151303551200247,0.060621193902207986,0.06302607102400494,0.24419062703531935
73.3,0.02970016514055952,0.060605489693431776,0.05940033028111904,0.2217742346033184
73.4,0.033305477334082415,0.06059107973348166,0.06661095466816483,0.22869196878098363
73.4,0.036950830215871935,0.06057812497686954,0.07390166043174387,0.23685466610818368
73.5,0.035432233114947226,0.060564567758997316,0.07086446622989445,0.2148588766789512
73.5,0.03339996620114287,0.06055024068895571,0.06679993240228574,0.21818250343906653
73.6,0.03739640068640176,0.06053751724947222,0.07479280137280352,0.22439708523561713
73.6,0.03528789544729179,0.06052394890378738,0.07057579089458357,0.21561415927268723
73.7,0.0396047931270626,0.06051220830347293,0.0792095862541252,0.22132552319849758
73.7,0.037320500147238284,0.060499496785567985,0.07464100029447657,0.2017338424393073
73.8,0.034676259813998286,0.0604857336209254,0.06935251962799657,0.1907218387313936
73.8,0.039383712651262115,0.06047393759823733,0.07876742530252423,0.19443425723592356
73.9,0.03651280412048431,0.06046093608991116,0.07302560824096863,0.1855762885477336
73.9,0.04133325190723633,0.0604500480063553,0.08266650381447266,0.18916851711513138
74.0,0.046209715540662506,0.06044155888230894,0.09241943108132501,0.19439803102687975
74.0,0.05139035717804766,0.060435904676503484,0.10278071435609532,0.20110978241278132
74.1,0.04990148143160015,0.060429415590298075,0.0998029628632003,0.20615969496023223
74.1,0.04729339090177589,0.0604215200755826,0.09458678180355178,0.20097072036493635
74.2,0.0529171155211336,0.060416777047226235,0.1058342310422672,0.20640976979338554
74.2,0.05860764843166624,0.06041557700688228,0.11721529686333249,0.21290865491459754
74.3,0.05488746390308789,0.06041202697128159,0.10977492780617577,0.20423639087329792
74.3,0.06071213772411121,0.060412229295211596,0.12142427544822242,0.20998412611310324
74.4,0.056291121456845346,0.06040955413909675,0.11258224291369069,0.19957865939063835
74.4,0.05145830657194659,0.06040398768557165,0.10291661314389318,0.18568700243409667
74.5,0.05776424096915766,0.060402254730356895,0.11552848193831532,0.1888292456898817
74.5,0.05356797307439088,0.06039793019903647,0.10713594614878176,0.17415824707771824
74.6,0.06029880655394406,0.060397863816757755,0.12059761310788812,0.17694523584142421
74.6,0.05744902506242549,0.06039593689228165,0.11489805012485098,0.16953997186161962
74.7,0.06433295365209389,0.06039865794041369,0.12866590730418778,0.17236081010995086
74.7,0.07129224327378268,0.060406601214996226,0.14258448654756536,0.1763109616625269
74.8,0.06733570963440673,0.060411498422780124,0.13467141926881346,0.16294870272143583
74.8,0.06140687141977331,0.06041216880860814,0.12281374283954662,0.16046800800025396
74.9,0.0688943505755431,0.06041822835312235,0.1377887011510862,0.1621156881209378
74.9,0.06422817652833522,0.060420850094133616,0.12845635305667044,0.15262624114361123
75.0,0.07187336891217018,0.06042920812090422,0.14374673782434036,0.154426397376925
75.0,0.07959597428883114,0.060444000711844956,0.15919194857766228,0.157303383870247
75.1,0.07541919204912059,0.06045520491090918,0.15083838409824118,0.14383472266061492
75.1,0.06904926814792273,0.06046132895972819,0.13809853629584545,0.1294333150686049
75.2,0.0773259819542329,0.06047410467521637,0.1546519639084658,0.1308740370627921
75.2,0.0715693463876698,0.06048215269052831,0.1431386927753396,0.12884212617785817
75.3,0.08000509913074394,0.06049720648659081,0.16001019826148788,0.13011210843782173
75.3,0.07429274988392466,0.060507403692177664,0.14858549976784932,0.10340004457758822
75.4,0.0832154129333311,0.06052528506092434,0.1664308258666622,0.10472689247558487
75.4,0.09221944772533293,0.06055178191987741,0.18443889545066586,0.10697761585683582
75.5,0.08664161299677266,0.060572778590128176,0.17328322599354531,0.09154486672586581
75.5,0.09580478340255572,0.060602869268584394,0.19160956680511143,0.09389859079209861
75.6,0.0876096651384261,0.06062470686234045,0.1752193302768522,0.08254343901014982
75.6,0.07847739989872513,0.06063824224041879,0.15695479979745025,0.072217697330627
75.7,0.08786931760604717,0.06066026298654859,0.17573863521209435,0.07404890849524093
75.7,0.08187839022097365,0.06067671556200401,0.1637567804419473,0.06755366322385314
75.8,0.09177322926423566,0.060702478507975284,0.18354645852847132,0.06989356050071782
75.8,0.08582061947368592,0.06072245872114875,0.17164123894737185,0.06596333781858932
75.9,0.07905291319275233,0.06073635514596177,0.15810582638550466,0.05784388466620194
75.9,0.08916993033033009,0.06075945090569497,0.17833986066066018,0.06001856665447258
76.0,0.09935747746670404,0.060792900849846856,0.19871495493340807,0.06261756530953533
76.0,0.09224908653492528,0.060818927101578886,0.18449817306985056,0.04872227586643474
76.1,0.10257276716916536,0.06085576641148251,0.20514553433833072,0.05135169788429651
76.1,0.09453730612528972,0.060883995135019534,0.18907461225057945,0.047113250731709355
76.2,0.10499008935858795,0.06092340622940544,0.2099801787171759,0.049706017073007036
76.2,0.09694203002266054,0.06095399916310384,0.19388406004532108,0.04835236245089192
76.3,0.10789799654553449,0.060996593103470075,0.21579599309106898,0.050923163844994526
76.3,0.11891613034973267,0.06105250617435349,0.23783226069946534,0.053632968324488495
76.4,0.11071156009913315,0.061098205669021584,0.2214231201982663,0.04624302086304288
76.4,0.1218481008507062,0.061157661161972784,0.2436962017014124,0.04880450025471483
76.5,0.11029454346187836,0.061202661795284226,0.22058908692375673,0.04599695817934957
76.5,0.09801467060454531,0.06123392931558059,0.19602934120909063,0.04946315389128375
76.6,0.10931325043903224,0.06127761781008726,0.21862650087806448,0.051232896564246344
76.6,0.12066140246008854,0.061335097717320465,0.24132280492017708,0.05313493940167069
76.7,0.1111909108454956,0.06138079014416883,0.2223818216909912,0.04641091913338701
76.7,0.09961143286047923,0.06141344367458863,0.19922286572095846,0.040736745463739954
76.8,0.11109561602293827,0.061458855324917815,0.22219123204587654,0.04189577112446763
76.8,0.10210199442016414,0.06149403193644245,0.20420398884032828,0.04422765818459707
76.9,0.11406551509068366,0.06154280535390168,0.22813103018136732,0.04521029543569566
76.9,0.12606792075326065,0.06160667804877886,0.2521358415065213,0.04634443735257454
77.0,0.11761083819648555,0.06165955128715957,0.2352216763929711,0.043222707646153324
77.0,0.12968366506989962,0.061728005780104775,0.25936733013979923,0.04398477508148724
77.1,0.11789645814660549,0.06178098127336296,0.23579291629321097,0.025185298416565916
77.1,0.13002966763643115,0.061849605135418366,0.2600593352728623,0.025627829434613288
77.2,0.11660349545469911,0.06190074332552298,0.23320699090939823,0.016150120290689962
77.2,0.10464973946966699,0.061937955663114566,0.20929947893933398,-0.0018986010878330184
77.3,0.11685445127269062,0.06198920354291866,0.23370890254538124,-0.0006152451789371849
77.3,0.10777299194791747,0.06202971468216058,0.21554598389583493,-0.014676729250680864
77.4,0.12001257838620535,0.06208465345333444,0.2400251567724107,-0.012768685441580274
77.4,0.13226584229229543,0.06215552842156309,0.26453168458459086,-0.011102464244198806
77.5,0.12306294985760872,0.06221404900786962,0.24612589971521745,-0.01155118776776587
77.5,0.11029805813492813,0.06225701650391965,0.22059611626985626,-0.017199626198043383
77.6,0.12257688875891079,0.06231468397983412,0.24515377751782158,-0.015238055020367902
77.6,0.11215067846133775,0.06235958994577962,0.2243013569226755,-0.012749605196018754
77.7,0.12443369525366452,0.062419386931741,0.24886739050732903,-0.010685271901643256
77.7,0.1149827618270549,0.06246740395336038,0.2299655236541098,-0.029851042989698984
77.8,0.12725965027434052,0.06253060723161179,0.25451930054868105,-0.02761756346591992
77.8,0.11652260933897711,0.06258023537150181,0.23304521867795422,-0.03601203459784297
77.9,0.12878314200342053,0.0626451699439576,0.25756628400684106,-0.03377621536531383
77.9,0.11759718338822547,0.06269585746983536,0.23519436677645095,-0.0291618649284675
78.0,0.1298311165218537,0.06276189945771532,0.2596622330437074,-0.026965019302888082
78.0,0.14204800588309968,0.06284471896094505,0.28409601176619936,-0.025277139687031935
78.1,0.1305938575017145,0.06291143597256617,0.261187715003429,-0.01949991404740348
78.1,0.14276888464521656,0.06299490043613563,0.2855377692904331,-0.018065049809995237
78.2,0.12802523004374974,0.06305790990390436,0.2560504600874995,-0.015320177181704423
78.2,0.11207031559075453,0.06310138380128856,0.22414063118150906,-0.004542484569531213
78.3,0.12416354401095642,0.06315921590710301,0.24832708802191283,-0.0034770001085508984
78.3,0.1126474000015641,0.06320315488706124,0.2252948000031282,-0.0006144285732534449
78.4,0.12467351674118261,0.06326139520882966,0.24934703348236523,-0.0002323221373472517
78.4,0.11399158838967904,0.06330667589143205,0.2279831767793581,0.0003604132176804331
78.5,0.12594057322153684,0.06336627715457013,0.2518811464430737,7.343208295962356e-05
78.5,0.11531364838062806,0.06341288030662781,0.23062729676125612,0.0003247068318603663
78.6,0.12717558112803146,0.06347380519102383,0.2543511622560629,-0.0006059764793413525
78.6,0.1389903022759299,0.06355032518494531,0.2779806045518598,-0.0017473122356077564
78.7,0.12767970792163974,0.06361159567477738,0.2553594158432795,-0.004941899674031802
78.7,0.13932401255454405,0.06368822888240082,0.2786480251090881,-0.006558571122986301
78.8,0.12415112566714545,0.06374477950473616,0.2483022513342909,-0.007148396711580851
78.8,0.10798171547178936,0.06378255301759007,0.21596343094357873,-0.010076834884577668
78.9,0.11933634732599316,0.06383306984347323,0.23867269465198632,-0.012614758060233822
78.9,0.10773315737967126,0.06387042170800766,0.21546631475934253,-0.015847634371706
79.0,0.11887986764450892,0.0639202113765735,0.23775973528901784,-0.018655069446979144
79.0,0.10857812517583876,0.06395831391004625,0.21715625035167752,-0.02479367141171651
79.1,0.1195054455814909,0.0640086532561869,0.2390108911629818,-0.02765317523838884
79.1,0.10873337220762368,0.06404676569599747,0.21746674441524735,-0.027290665135782044
79.2,0.11943002983593377,0.06409682762955281,0.23886005967186755,-0.03042409486872688
79.2,0.10830901875507094,0.0641343310772691,0.2166180375101419,-0.04311383656165635
79.3,0.1187642906460267,0.06418342767113037,0.2375285812920534,-0.04635574375534457
79.3,0.10737046244084404,0.06421978576758369,0.21474092488168808,-0.04861886655017411
79.4,0.1175740645683453,0.06426732349164202,0.2351481291366906,-0.05187046804367457
79.4,0.10668529821612668,0.06430281804169936,0.21337059643225337,-0.05411389257856691
79.5,0.1166275603735158,0.0643490993047352,0.2332551207470316,-0.05704959071372184
79.5,0.1051310559560488,0.0643828459339969,0.2102621119120976,-0.05605893570417676
79.6,0.1148026459807683,0.06442690265453772,0.2296052919615366,-0.058997844591740956
79.6,0.1243354058206844,0.06448197139682499,0.2486708116413688,-0.06219633233093136
79.7,0.11243900768641735,0.06452323205251105,0.2248780153728347,-0.06068019082829168
79.7,0.09773421322979546,0.06454940734009455,0.19546842645959092,-0.059848514205882
79.8,0.10683959317771081,0.06458457545638335,0.21367918635542163,-0.06309550281677323
79.8,0.09577367416285087,0.0646088163661793,0.19154734832570175,-0.07175862267772692
79.9,0.10458518442548108,0.06464156398225246,0.20917036885096216,-0.0751267553010484
79.9,0.09448628426507,0.06466453320162685,0.18897256853014,-0.07741418477429196
80.0,0.10299802174632444,0.06469558552040257,0.20599604349264888,-0.08084525875790982
80.0,0.09260838773429,0.06471677771975301,0.18521677546858,-0.0821111948255775
80.1,0.10081553722469803,0.0647455894282006,0.20163107444939607,-0.0855386018522919
80.1,0.09017429849061236,0.06476456496819229,0.1803485969812247,-0.08439915911319718
80.2,0.09807312275773257,0.06479066562522766,0.19614624551546514,-0.08794874871695413
80.2,0.10581643852165613,0.06482431086757141,0.21163287704331227,-0.0918858389153603
80.3,0.09519800907907598,0.0648476501025472,0.19039601815815196,-0.08943077371609887
80.3,0.08226365195632157,0.06485994183866851,0.16452730391264314,-0.09771165376901167
80.4,0.08953994037817656,0.0648782076240685,0.17907988075635312,-0.10139645072616066
80.4,0.08002456472604258,0.06488871912717561,0.16004912945208516,-0.10499455395056731
80.5,0.08698944413462373,0.06490478199307445,0.17397888826924746,-0.10834004672851338
80.5,0.09379872149193234,0.06492670588732952,0.1875974429838647,-0.11221549142897358
80.6,0.08488005491307775,0.06494098433713097,0.1697601098261555,-0.09996643753609691
80.6,0.07337391230999839,0.06494655164838121,0.14674782461999678,-0.09937450380842672
80.7,0.07972222166501047,0.06495674690761676,0.15944444333002095,-0.10299034574850274
80.7,0.0859184236088833,0.06497181875964171,0.1718368472177666,-0.10715556315155791
80.8,0.07661521201529396,0.06497966895433864,0.15323042403058793,-0.10119976516554396
80.8,0.06679327148336416,0.06498080618101734,0.1335865429667283,-0.11495629911569105
80.9,0.07254337843797433,0.06498575200300101,0.14508675687594866,-0.11860729682110793
80.9,0.06523369908105903,0.06498590544326924,0.13046739816211805,-0.1409480600005667
81.0,0.07069510545097732,0.0649895843421525,0.14139021090195464,-0.14397168755356982
81.0,0.06311508662321917,0.06498844462543173,0.12623017324643834,-0.1444540730561125
81.1,0.0682960522155731,0.06499053570058268,0.1365921044311462,-0.14740904607092742
81.1,0.061142976966338254,0.06498823518699344,0.12228595393267651,-0.1530038819499956
81.2,0.06605298511214193,0.06498889618869017,0.13210597022428386,-0.15582991127503165
81.2,0.05891711053386346,0.06498533415377018,0.11783422106772692,-0.15317970284345994
81.3,0.06356655712020895,0.06498447111638164,0.1271331142404179,-0.1556827494166817
81.3,0.05616143366076459,0.0649794161692831,0.11232286732152919,-0.14447290225325427
81.4,0.06056128160544298,0.06497679453542565,0.12112256321088596,-0.14706578151685012
81.4,0.06484034681818512,0.06497671086167572,0.12968069363637025,-0.15047797398200657
81.5,0.05805962253220729,0.06497269300162108,0.11611924506441458,-0.13359590714145952
81.5,0.0495025531257278,0.0649643366071912,0.0990051062514556,-0.11566269181133049
81.6,0.053438220420808064,0.06495790024565173,0.10687644084161613,-0.11885052228487059
81.6,0.04725988736482734,0.06494853823031814,0.09451977472965468,-0.10235641555700403
81.7,0.05098145584289688,0.06494090909026665,0.10196291168579376,-0.10608591780954355
81.7,0.04522041933769573,0.06493067816398636,0.09044083867539146,-0.09488958969681938
