Time (s),Error (m),RMS_Err (m),v (m/s),w (rad/s)
0.1,0.10018849984586271,0.10018849984586271,0.010018849984586272,0.2
0.1,0.10127176222173682,0.1007315872129007,0.010127176222173684,0.23422827432941531
0.2,0.10274518166610525,0.10140722801401848,0.02054903633322105,0.43422827432941535
0.2,0.10459386895355202,0.10221320255125341,0.020918773790710405,0.46378824440115796
0.3,0.1067553240449369,0.10313763068354218,0.03202659721348107,0.663788244401158
0.3,0.10923919085687142,0.10417937666523197,0.032771757257061426,0.6745529552419014
0.4,0.11221472835338658,0.10536480870464296,0.044885891341354636,0.8745529552419014
0.4,0.11522326023807149,0.10664696438099655,0.0460893040952286,0.8672065768821567
0.5,0.11894239731884097,0.10808221869042588,0.059471198659420486,1.0672065768821568
0.5,0.12232302968284667,0.10958960606015335,0.061161514841423334,1.033743335351286
0.6,0.1267750832511814,0.11126166508711875,0.07606504995070883,1.225450711726106
0.6,0.13022483938232446,0.11296358118500412,0.07813490362939467,1.1703760907115208
0.7,0.13311982787996113,0.11463995030075774,0.09318387951597279,1.2963150192152384
0.7,0.13856281715541155,0.11651173790117417,0.09699397200878808,1.274384222067339
0.8,0.14442711515761464,0.11857739597840099,0.11554169212609172,1.4318007946663194
0.8,0.1469566989294463,0.12054699651886745,0.11756535914355704,1.343803545500544
0.9,0.15349376701776807,0.12273011769704585,0.13814439031599127,1.4815029296754456
0.9,0.15490666692661484,0.12473564622101493,0.13941600023395337,1.3776439532373879
1.0,0.16209166463991342,0.126976038691283,0.16209166463991342,1.4941430296055291
1.0,0.16972153642794802,0.12944898098485305,0.16972153642794802,1.4591054989575214
1.1,0.1696766061263587,0.13164362502910879,0.1866442667389946,1.4706077952407757
1.1,0.1779402514477915,0.134095226901733,0.19573427659257064,1.4290926232855237
1.2,0.1761647535936978,0.1361948217302233,0.21139770431243735,1.383064635149821
1.2,0.1714813312110798,0.1378455543768176,0.20577759745329577,1.221667486977489
1.3,0.16492295821087527,0.13902994020280354,0.21439984567413786,1.1526191216453008
1.3,0.17409095463283988,0.14054027171335456,0.22631824102269185,1.0848892864588031
1.4,0.1656691615442777,0.14155054566291148,0.23193682616198874,0.9898679448556886
1.4,0.1755213289391985,0.1429029110100653,0.24572986051487788,0.9135002399647527
1.5,0.18554465750061258,0.14458282380354934,0.2783169862509189,0.9057832483161328
1.5,0.17395467129793277,0.14565734023128957,0.26093200694689916,0.7284207812741108
1.6,0.18399832059364335,0.14705026624438616,0.29439731294982935,0.7009877763679908
1.6,0.17039706334456353,0.14783567356140542,0.27263530135130165,0.5305094650668699
1.7,0.18050070514584812,0.1489308227285091,0.3068511987479418,0.48544698132731906
1.7,0.1907077589100189,0.15032536457160983,0.32420319014703214,0.415639915284117
1.8,0.17455917656358627,0.1510717165610454,0.3142065178144553,0.25751953931330424
1.8,0.18482868941713343,0.15211060198423093,0.33,0.18653709590495302
1.9,0.1638761434549506,0.1524405297325194,0.31136467256440614,0.01630102345141471
1.9,0.141313618657551,0.1521581412205168,0.2684958754493469,-0.13885748070414528
2.0,0.1517446296454848,0.15214755239857342,0.3034892592909696,-0.2263113449678289
2.0,0.13459924444238772,0.15173358123192857,0.26919848888477543,-0.34840712951456365
2.1,0.145151543119224,0.1515764443222597,0.290303086238448,-0.416689658899678
2.1,0.12913237100738134,0.15108081459701742,0.2582647420147627,-0.4906282263332087
2.2,0.13972939763561162,0.15082653144051078,0.27945879527122325,-0.5450716368200392
2.2,0.12473672966524121,0.15028388915510726,0.24947345933048243,-0.5845008156904841
2.3,0.13523827759293686,0.1499659424053064,0.2704765551858737,-0.6241100630560044
2.3,0.14563675527071043,0.14987315935366133,0.29127351054142087,-0.6581957177861486
2.4,0.1314675698468296,0.14950514550849306,0.2629351396936592,-0.6577888324334173
2.4,0.14168871800948057,0.1493464759297436,0.28337743601896115,-0.6800079962529909
2.5,0.12520654193376435,0.14889295100085578,0.2504130838675287,-0.68025013608162
2.5,0.10748133934889663,0.14817818127765311,0.21496267869779326,-0.6730711988887704
2.6,0.11736018151989688,0.14763575225534187,0.23472036303979377,-0.671508278613572
2.6,0.12710387000584236,0.14726790581444107,0.2542077400116847,-0.6709200969349363
2.7,0.11515621929992285,0.1467270879004108,0.2303124385998457,-0.6144576690638186
2.7,0.12461746233935232,0.1463480088235806,0.24923492467870464,-0.606425294335095
2.8,0.11035396885916275,0.14577292063784547,0.2207079377183255,-0.5206353053134004
2.8,0.09585842793314862,0.14503231042270204,0.19171685586629725,-0.4332162366438497
2.9,0.10486294446543307,0.14442390194661023,0.20972588893086613,-0.4105033192951165
2.9,0.09444967716682695,0.1437095825258364,0.1888993543336539,-0.31847637867184536
3.0,0.10315843614814844,0.14311802770014817,0.2063168722962969,-0.2956360676109133
3.0,0.11172529655063884,0.14265143784784007,0.22345059310127768,-0.2775527821865961
3.1,0.1016322688412305,0.14207450604092753,0.203264537682461,-0.20992436064618414
3.1,0.08854671363050083,0.14137205555919258,0.17709342726100166,-0.14618541934978002
3.2,0.07889368051555976,0.1405973545435852,0.1577873610311195,-0.09966028432403007
3.2,0.0868548263400306,0.13991646924659842,0.1737096526800612,-0.07958471662764854
3.3,0.0946666639976501,0.13933166588695647,0.1893333279953002,-0.06426164141507884
3.3,0.0850704033062695,0.13866803209425346,0.170140806612539,-0.03173981505146928
3.4,0.09257744451120872,0.13809324718298022,0.18515488902241745,-0.02046740867282004
3.4,0.08286130760085882,0.1374419078231451,0.16572261520171763,-0.0015062120730577888
3.5,0.09006072687136414,0.13687240648311635,0.18012145374272828,0.005867428178787158
3.5,0.08046477059167087,0.1362311281611119,0.16092954118334174,0.016116651867332913
3.6,0.08735524336139205,0.13566504724619521,0.1747104867227841,0.0198825652890815
3.6,0.09409127401131487,0.13517522198527132,0.18818254802262974,0.021951873145178876
3.7,0.08450655551660224,0.13461003463157617,0.1690131110332045,0.023771914071180733
3.7,0.07280733012832119,0.13396504138771723,0.14561466025664238,0.02268146981243946
3.8,0.07908339197792633,0.13338190652526954,0.15816678395585265,0.02033270399803777
3.8,0.07021226485277524,0.13274603454576023,0.14042452970555047,0.014487746313518235
3.9,0.062064458566022836,0.1320707569742339,0.12412891713204567,0.007131408926171812
3.9,0.06789028248026537,0.13144638293351735,0.13578056496053073,0.0008451533178489568
4.0,0.0735692552175356,0.1308738042777843,0.1471385104350712,-0.005618754247154301
4.0,0.06568210852225513,0.13026043136851714,0.13136421704451026,-0.017120749619544018
4.1,0.07107329051536379,0.12969450386946377,0.14214658103072758,-0.02481534586939549
4.1,0.0631208176116963,0.12908959115553323,0.1262416352233926,-0.03573088553575665
4.2,0.06823311106994487,0.12852798701890342,0.13646622213988974,-0.04430951725464549
4.2,0.07320934058271347,0.1280101099830113,0.14641868116542694,-0.052716627593879295
4.3,0.06535263092190238,0.1274521538843165,0.13070526184380477,-0.06398965039535266
4.3,0.055720254189694424,0.12685136544698916,0.11144050837938885,-0.07823735112572106
4.4,0.06030574030790637,0.12628584203051216,0.12061148061581274,-0.08763066505646179
4.4,0.05320227972096387,0.12569427156784366,0.10640455944192774,-0.09276230738512681
4.5,0.057541033266917584,0.12513486487044478,0.11508206653383517,-0.10215741080409113
4.5,0.05113641856051268,0.12455441896126519,0.10227283712102536,-0.10052445406086385
4.6,0.05524025259216,0.12400344646736924,0.11048050518432,-0.10966492463202648
4.6,0.04894846364161885,0.12343321258043956,0.0978969272832377,-0.10653694294065055
4.7,0.05282936568087688,0.12288996192186402,0.10565873136175376,-0.11542935323338321
4.7,0.05660276574681313,0.12237388419145782,0.11320553149362626,-0.12418203122705407
4.8,0.050654701709990785,0.12183899845905943,0.10130940341998157,-0.12463126543845351
4.8,0.043176540652433364,0.12128284179303449,0.08635308130486673,-0.1335146456660482
4.9,0.04664816362963646,0.12074898183839441,0.09329632725927292,-0.1416846839114413
4.9,0.04130410862747438,0.12020377006233078,0.08260821725494875,-0.13622334520102394
5.0,0.044588957963572186,0.11967907069239155,0.08917791592714437,-0.1440309776736174
5.0,0.03947986376816858,0.11914460020751273,0.07895972753633716,-0.14446161782334943
5.1,0.04258963574851062,0.11862902709140548,0.08517927149702124,-0.1518293140583976
5.1,0.045615622145696734,0.11813245465294761,0.09123124429139347,-0.1593431722890265
5.2,0.040621536536569705,0.11762571655728526,0.08124307307313941,-0.15849588765681188
5.2,0.03498473047096134,0.11710909930300904,0.06996946094192268,-0.15251329569676075
5.3,0.03777792129800056,0.1166083983682973,0.07555584259600112,-0.15880120946752865
5.3,0.04049813630952606,0.11612369579650644,0.08099627261905212,-0.16542894306717837
5.4,0.0362191368206519,0.11563281293709057,0.0724382736413038,-0.16420763665926486
5.4,0.038801801773974624,0.11515677536674104,0.07760360354794925,-0.17043542329489225
5.5,0.03356964828245427,0.11467240439238892,0.06713929656490854,-0.1701307990768461
5.5,0.029116228552788052,0.11418372876602627,0.058232457105576105,-0.1475416080729145
5.6,0.03151077443122361,0.11370756547546859,0.06302154886244722,-0.15233968418313715
5.6,0.02837003083372529,0.11323054146121697,0.05674006166745058,-0.14310776735765762
5.7,0.030649778955626938,0.11276527532831042,0.061299557911253875,-0.14795970051598584
5.7,0.027186656385201763,0.1122984721830848,0.054373312770403526,-0.14368521645871035
5.8,0.029359840179304972,0.11184266672996422,0.058719680358609944,-0.14861250205327192
5.8,0.031482412747698266,0.11139789990430733,0.06296482549539653,-0.15413189530308036
5.9,0.02809081173011686,0.1109512165712953,0.05618162346023372,-0.14985192713126336
5.9,0.03011816000549106,0.11051486905191175,0.06023632001098212,-0.15543210727475243
6.0,0.026180205631792616,0.1100757067357324,0.05236041126358523,-0.1551392333832401
6.0,0.02206337665783998,0.10963460056709175,0.04412675331567996,-0.15829867377274354
6.1,0.023961114456447358,0.10920235262150618,0.047922228912894715,-0.1625414449682474
6.1,0.025818487846080925,0.10877899863233545,0.05163697569216185,-0.16755682596682897
6.2,0.022904906180186365,0.10835558899705222,0.04580981236037273,-0.16227481352820863
6.2,0.019721630127195983,0.10793231838799529,0.03944326025439197,-0.16167424947565465
6.3,0.02146747664410107,0.10751686886351577,0.04293495328820214,-0.1654225869450221
6.3,0.01898896914954615,0.10710272539720579,0.0379779382990923,-0.15928083098085177
6.4,0.020667035371556917,0.10669598962189446,0.041334070743113835,-0.16303818755495258
6.4,0.01849911704425176,0.10629096860551561,0.03699823408850352,-0.15607049258589464
6.5,0.020114331316832885,0.10589299657076527,0.04022866263366577,-0.1599341571484164
6.5,0.017990860676586208,0.1054967304743408,0.035981721353172416,-0.15334783626174817
6.6,0.019547800355207225,0.10510717666389983,0.03909560071041445,-0.15736504059603829
6.6,0.017458825580993365,0.10471931261603334,0.03491765116198673,-0.15136040604189047
6.7,0.015458783438254242,0.10433349938083084,0.030917566876508484,-0.14663690158656728
6.7,0.01693628961472184,0.10395376258622098,0.03387257922944368,-0.1499591119036091
6.8,0.018389110585476886,0.10358012524466857,0.03677822117095377,-0.1543589789903319
6.8,0.016581539771660405,0.10320840794988788,0.03316307954332081,-0.1479155846955258
6.9,0.017987942174446842,0.1028425282743376,0.035975884348893684,-0.15234715360017334
6.9,0.016355897558717355,0.10247869151362206,0.03271179511743471,-0.1510782846152453
7.0,0.017719222167726447,0.102120457734327,0.035438444335452894,-0.15602980716407047
7.0,0.019062074605068903,0.10176784080522147,0.038124149210137806,-0.16171211958925635
7.1,0.01712645069396872,0.10141657628912581,0.03425290138793744,-0.15580894415122715
7.1,0.015284368994581115,0.10106698400562007,0.03056873798916223,-0.1545827546057953
7.2,0.0165709282516374,0.10072251579914615,0.0331418565032748,-0.15964520222019096
7.2,0.015014127012447847,0.10037997344894493,0.030028254024895694,-0.15451073660507597
7.3,0.01626650951427592,0.10004235742082196,0.03253301902855184,-0.1596571522060178
7.3,0.014586447309335681,0.0997064661002366,0.029172894618671362,-0.14684209681757698
7.4,0.01580720365559658,0.0993753024207357,0.03161440731119316,-0.1522600734641424
7.4,0.014224644493342355,0.09904590793350902,0.02844928898668471,-0.13021809114423866
7.5,0.015416099869073727,0.09872105825599665,0.030832199738147454,-0.13651077378017645
7.5,0.014106948228750641,0.09839817952661277,0.028213896457501282,-0.14146211487183047
7.6,0.01280885603954409,0.09807735583670169,0.02561771207908818,-0.15478176205103505
7.6,0.013960777234752237,0.09776075893868771,0.027921554469504475,-0.16080335582490324
7.7,0.015100382088315668,0.09744840269572194,0.030200764176631336,-0.16755393264924012
7.7,0.013433500352765268,0.09713752838141425,0.026867000705530535,-0.16661657117718975
7.8,0.01455029341772637,0.09683072765186015,0.02910058683545274,-0.17334545327165557
7.8,0.012958384075770876,0.0965254497278025,0.02591676815154175,-0.1704591856161749
7.9,0.014054250596603719,0.096224090346869,0.028108501193207437,-0.1771404684981169
7.9,0.012539042146472855,0.09592428748896246,0.02507808429294571,-0.17359783174211146
8.0,0.013615765820371006,0.09562825955510953,0.02723153164074201,-0.18022405546268974
8.0,0.012167854051624724,0.0953338062000105,0.024335708103249448,-0.1763464291767713
8.1,0.013227130277311731,0.09504299431507249,0.026454260554623462,-0.18291379608537528
8.1,0.012459295432886788,0.09475425420434301,0.024918590865773575,-0.18418874088669085
8.2,0.0135026877990377,0.0944690701591868,0.0270053755980754,-0.1908472172156267
8.2,0.014538563639494722,0.09418745644832181,0.029077127278989444,-0.19822779560240106
8.3,0.010663033014300608,0.093905275303929,0.021326066028601216,-0.20448363217849796
8.3,0.011685887152683061,0.09362639419050252,0.023371774305366123,-0.20707485236917078
8.4,0.012702424751186788,0.09335082986804216,0.025404849502373577,-0.21120489002174458
8.4,0.011516152536294157,0.09307682610659367,0.023032305072588313,-0.19766756755060277
8.5,0.012521354533133225,0.09280604060107873,0.02504270906626645,-0.20116052311633714
8.5,0.013521270706027464,0.09253849001545246,0.027042541412054928,-0.20598154657724244
8.6,0.012213742034013734,0.09227224017025207,0.02442748406802747,-0.1780666236063207
8.6,0.01320431752200542,0.09200912468442864,0.02640863504401084,-0.1833599109722437
8.7,0.011556966945190988,0.09174702451644519,0.023113933890381976,-0.15743889129726732
8.7,0.009893025228314905,0.09148607794866351,0.01978605045662981,-0.133810691360067
8.8,0.010871648080302885,0.09122801638903374,0.02174329616060577,-0.1390216068437234
8.8,0.011846287300005514,0.09097285918380382,0.023692574600011028,-0.14553204630373795
8.9,0.011029917090707239,0.09071929805763641,0.022059834181414478,-0.12852358240479878
8.9,0.011996954091675229,0.09046857859766935,0.023993908183350458,-0.13626348015593465
9.0,0.010708574914209137,0.09021906964916535,0.021417149828418275,-0.1362896574430887
9.0,0.00927716835851585,0.08997076934048456,0.0185543367170317,-0.12874940146342184
9.1,0.01023370937540567,0.08972511148582277,0.02046741875081134,-0.13643185614199702
9.1,0.009276235092504163,0.08948091630831687,0.018552470185008326,-0.12496991780629343
9.2,0.010225951502883742,0.0892392997016955,0.020451903005767484,-0.13397678771100846
9.2,0.011172238830447587,0.08900028232670953,0.022344477660895173,-0.14380983592960328
9.3,0.010262926896365323,0.08876262222986556,0.020525853792730645,-0.13595281580426533
9.3,0.00902943125427874,0.08852616723521087,0.01805886250855748,-0.1312961636431609
9.4,0.009966554020433716,0.08829215713848923,0.019933108040867432,-0.14194889720432433
9.4,0.010900557025542821,0.08806061317441136,0.021801114051085643,-0.15321871820332877
9.5,0.010013729169647895,0.0878303600048136,0.02002745833929579,-0.1460357180940567
9.5,0.010942069775833644,0.08760251928249806,0.02188413955166729,-0.15792034685345419
9.6,0.007848045036557541,0.08737473771069937,0.015696090073115083,-0.13508064785918744
9.6,0.008771549488014483,0.0871492014143047,0.017543098976028966,-0.14657023920203682
9.7,0.009692371969733816,0.08692593288849855,0.01938474393946763,-0.15867285866704564
9.7,0.01061057384074601,0.08670495417790694,0.02122114768149202,-0.1712383356566257
9.8,0.009761606114583226,0.08648517318544102,0.01952321222916645,-0.1642686690083594
9.8,0.0106752455416903,0.08626763561629724,0.0213504910833806,-0.17703084479733988
9.9,0.009582364875964162,0.08605111197653854,0.019164729751928324,-0.16721172815165627
9.9,0.010491830026888397,0.08583677461062308,0.020983660053776793,-0.18030852790764373
10.0,0.00927061283218031,0.0856233547139631,0.01854122566436062,-0.17223597354983128
10.0,0.008076553383044792,0.08541093742421708,0.016153106766089585,-0.16538734639149252
10.1,0.008980843023375585,0.08520056238217787,0.01796168604675117,-0.17779091698084593
10.1,0.008288307509833436,0.0849914089403209,0.01657661501966687,-0.1653537924383131
10.2,0.009189304965230054,0.0847842652368347,0.01837860993046011,-0.17796628958726343
10.2,0.00844263060731957,0.08457827095611221,0.01688526121463914,-0.1671040893396929
10.3,0.00934072890065165,0.0843742524728788,0.0186814578013033,-0.17984677102444652
10.3,0.01023729576033404,0.08417223358269318,0.02047459152066808,-0.1930894426316136
10.4,0.009454566475216664,0.08397124420167541,0.018909132950433328,-0.18196382340541253
10.4,0.009254608083912189,0.08377160477061879,0.018509216167824378,-0.18828537635523904
10.5,0.010147936978505771,0.08357390185572632,0.020295873957011542,-0.2013532914147027
10.5,0.011040090747073987,0.08337815951104466,0.022080181494147973,-0.21485750742576928
10.6,0.010057511058468268,0.08318322792386841,0.020115022116936537,-0.2001278580011192
10.6,0.010948163629463544,0.08299021559002416,0.021896327258927088,-0.21368759579121732
10.7,0.007524523602278521,0.08279677892272165,0.015049047204557043,-0.21125100447779732
10.7,0.008414848893199314,0.0826051048262242,0.016829697786398628,-0.2221305279859724
10.8,0.00930454139449818,0.08241521901585615,0.01860908278899636,-0.23397545230363093
10.8,0.008555494405123647,0.08222628236368969,0.017110988810247293,-0.22511220793035538
10.9,0.007804454908772798,0.08203831284253352,0.015608909817545596,-0.24874017207342014
10.9,0.008693888748863418,0.0818520532567193,0.017387777497726836,-0.2569602361152498
11.0,0.009583099428484777,0.08166753001495808,0.019166198856969553,-0.2666190848861964
11.0,0.008745033903079943,0.08148384366025964,0.017490067806159887,-0.26082099996180785
11.1,0.009634545285602704,0.08130186518778384,0.01926909057120541,-0.2698566400795612
11.1,0.008783882125770142,0.0811206884258269,0.017567764251540285,-0.2602877733694752
11.2,0.009674069140890147,0.0809411916214322,0.019348138281780294,-0.2688434254382642
11.2,0.010564494652957923,0.08076340192555821,0.021128989305915846,-0.27864453488941765
11.3,0.009707324903354353,0.08058632639594976,0.019414649806708706,-0.26662602069587843
11.3,0.008550085443671161,0.08040985180498904,0.017100170887342322,-0.26364057270455965
11.4,0.009442842512279422,0.08023498999660844,0.018885685024558844,-0.27067209973168993
11.4,0.008571235865139006,0.08006085508243076,0.01714247173027801,-0.25739570995685807
11.5,0.009465795917177292,0.07988830737529115,0.018931591834354583,-0.2642508182679664
11.5,0.008636701137328175,0.07971648216642573,0.01727340227465635,-0.25215184170299515
11.6,0.009533438515908587,0.07954622163957693,0.019066877031817173,-0.2588791062622677
11.6,0.010431212854298624,0.07937755503135285,0.020862425708597247,-0.2671506012112089
11.7,0.009613109872514873,0.07920953740751145,0.019226219745029745,-0.2533681713165294
11.7,0.008457382459437886,0.07904203867743581,0.016914764918875773,-0.24812515915849745
11.8,0.009359642605349836,0.07887604793594445,0.01871928521069967,-0.25412605094858387
11.8,0.008517006807450931,0.07871071282140334,0.017034013614901863,-0.24027014645649608
11.9,0.007726677133993687,0.0785460844966778,0.015453354267987374,-0.23001287809612225
11.9,0.008634104933358231,0.07838289609188893,0.017268209866716462,-0.23428526401216304
12.0,0.009543272441500081,0.07822117909194973,0.019086544883000163,-0.2406561286857702
12.0,0.010454221549741119,0.07806096506198551,0.020908443099482237,-0.2485738310527318
12.1,0.009652201019890045,0.07790132573676746,0.01930440203978009,-0.23591316094061915
12.1,0.008505099442939063,0.07774212844847248,0.017010198885878125,-0.23098173293858804
12.2,0.009422653790726784,0.07758435504873028,0.018845307581453568,-0.23705862206194123
12.2,0.008586241064740829,0.07742715867132613,0.017172482129481657,-0.22444869208617269
12.3,0.00950847592405489,0.07727137037986315,0.01901695184810978,-0.2308061007950329
12.3,0.008723638614847394,0.07711616062756275,0.017447277229694788,-0.22025835156146012
12.4,0.009650893219038182,0.07696234655113281,0.019301786438076365,-0.22680864922663324
12.4,0.008845465611695831,0.07680907757188525,0.017690931223391663,-0.21703248304937356
12.5,0.009778071866547474,0.07665719186927719,0.019556143733094947,-0.2237492243810526
12.5,0.008936471456748887,0.07650581159043039,0.017872942913497773,-0.21506719141813435
12.6,0.008078383384671999,0.0763549600779729,0.016156766769343998,-0.20821954052748531
12.6,0.009019763675124122,0.07620542980988831,0.018039527350248243,-0.21334781427943778
12.7,0.009964051856905638,0.07605725689356302,0.019928103713811277,-0.22018529053173547
12.7,0.010911288218268861,0.07591047765003812,0.021822576436537722,-0.22828156921785786
12.8,0.010067394454728023,0.07576411042236575,0.020134788909456046,-0.21824810967211905
12.8,0.011021090068022802,0.07561912615592288,0.022042180136045603,-0.22634127568551687
12.9,0.009859989698828864,0.07547436993746981,0.019719979397657728,-0.22220351504433944
12.9,0.008626293207130644,0.07532987418966701,0.01725258641426129,-0.22109908975037096
13.0,0.009590531360265647,0.07518667076205594,0.019181062720531293,-0.22631502896480238
13.0,0.008763962620494723,0.07504390999874158,0.017527925240989447,-0.21416700373544073
13.1,0.009735384020914234,0.07490243383028693,0.019470768041828467,-0.2194314559087579
13.1,0.010710370776578704,0.07476228181666966,0.02142074155315741,-0.22614851134253944
13.2,0.009928714450222193,0.07462252436152292,0.019857428900444386,-0.21283450117556968
13.2,0.008814871234096647,0.07448303554876615,0.017629742468193293,-0.21764604618296784
13.3,0.009801559516846995,0.0743448068986785,0.01960311903369399,-0.22126228788827984
13.3,0.010792107961407183,0.07420787968837834,0.021584215922814367,-0.2265611529759961
13.4,0.010115727876783127,0.07407137034144291,0.020231455753566253,-0.21152273770338315
13.4,0.011258525459850146,0.0739362468625649,0.022517050919700292,-0.21806502429967567
13.5,0.010310924887327773,0.07380136860148774,0.020621849774655546,-0.20837227254679658
13.5,0.009231507751995306,0.07366671495071672,0.018463015503990612,-0.20205382932856364
13.6,0.010391068853696582,0.07353338210856995,0.020782137707393164,-0.20644659583605685
13.6,0.009655147787287497,0.07340042066243402,0.019310295574574993,-0.19318356148138438
13.7,0.01082617668157664,0.07326879418677419,0.02165235336315328,-0.1983523373868279
13.7,0.012002934852802493,0.0731385644597409,0.024005869705604987,-0.20515853067192286
13.8,0.011271031911227846,0.07300862787463915,0.02254206382245569,-0.19369360074466468
13.8,0.010131976190873648,0.07287879770051799,0.020263952381747295,-0.18934016621709648
13.9,0.011477243818737463,0.07275039701667022,0.022954487637474926,-0.19553275456298735
13.9,0.010858048096238712,0.07262235299386183,0.021716096192477424,-0.1770714453556981
14.0,0.012218973192302604,0.07249577948954686,0.024437946384605207,-0.18508684505167028
14.0,0.011441403699967198,0.07236943711505543,0.022882807399934396,-0.17915351261568857
14.1,0.012818496255966393,0.07224459821164811,0.025636992511932785,-0.18750556183217515
14.1,0.011914203321238838,0.07211988103999842,0.023828406642477675,-0.18298589358055262
14.2,0.013307883539191986,0.07199669411799323,0.02661576707838397,-0.19139681378955975
14.2,0.012540114282299371,0.07187367968794768,0.025080228564598742,-0.1868318207534736
14.3,0.014109478590032205,0.07175234243114693,0.02821895718006441,-0.19634378617892
14.3,0.013666797379974043,0.0716313502046466,0.027333594759948086,-0.20534073950506715
14.4,0.015257691872394268,0.0715121195876732,0.030515383744788536,-0.21373873383000253
14.4,0.014551587323704153,0.07139300806216074,0.029103174647408307,-0.2047680765472365
14.5,0.016164285755984328,0.07127572624802885,0.032328571511968655,-0.21361095017192833
14.5,0.017787800338518515,0.0711603975203092,0.03557560067703703,-0.22337534030110784
14.6,0.017075103446357907,0.07104507523190497,0.03415020689271581,-0.20118963822292313
14.6,0.015425281406350728,0.07092906279946407,0.030850562812701456,-0.19826829565337278
14.7,0.017252239376219235,0.07081509280351422,0.03450447875243847,-0.20855287101579045
14.7,0.019092791487708462,0.07070332535878929,0.038185582975416923,-0.21962852221883822
14.8,0.017805748561263886,0.07059100025266886,0.03561149712252777,-0.2121148989151842
14.8,0.019845570241562686,0.07048109759717015,0.03969114048312537,-0.2237036984094174
14.9,0.0184038827492352,0.07037044590229267,0.0368077654984704,-0.2332497571737388
14.9,0.01679629342767226,0.07025901297480353,0.03359258685534452,-0.23873678056109016
15.0,0.018888364355147375,0.07014992982682204,0.03777672871029475,-0.24637827576843652
15.0,0.017548924118862903,0.07004024434793277,0.035097848237725805,-0.22443579039390882
15.1,0.019854239026300912,0.06993316551450802,0.039708478052601824,-0.23282616480667995
15.1,0.019234545021963555,0.06982605888980581,0.03846909004392711,-0.254054514180173
15.2,0.021581407843731342,0.06972176349071844,0.043162815687462684,-0.26148344487124664
15.2,0.023948816391635316,0.0696205460163774,0.04789763278327063,-0.270235009769893
15.3,0.023145369548579837,0.06951895408784174,0.046290739097159674,-0.2455488627742184
15.3,0.025741466458276845,0.06942086624829295,0.05148293291655369,-0.2547788266301292
15.4,0.02409605997222776,0.06932135339780135,0.04819211994445552,-0.25380073275232085
15.4,0.026742032780025158,0.06922549961938307,0.053484065560050316,-0.2606390880706035
15.5,0.02452423444192347,0.0691274732575173,0.04904846888384694,-0.24745392971755514
15.5,0.022111051185891583,0.06902731189959183,0.044222102371783166,-0.23851155591837658
15.6,0.02503003815755904,0.06893086002216789,0.05006007631511808,-0.24190746415663406
15.6,0.023626752124407815,0.06883330292415697,0.04725350424881563,-0.22110692098973794
15.7,0.026603513304760223,0.0687397069251382,0.053207026609520446,-0.2248156037955985
15.7,0.025139808941356548,0.06864482383253152,0.050279617882713096,-0.20902666718023033
15.8,0.02838037466912419,0.06855442891721521,0.05676074933824838,-0.21346563974873023
15.8,0.02674285146708875,0.06846240174882481,0.0534857029341775,-0.18712334675337194
15.9,0.030049716631667053,0.06837516495026488,0.060099433263334105,-0.1920897235212795
15.9,0.02871181543410713,0.06828655624829263,0.05742363086821426,-0.17199455600796387
16.0,0.026794877151870164,0.06819594354664942,0.05358975430374033,-0.16228204682021796
16.0,0.0304204913621563,0.06811053673919035,0.0608409827243126,-0.16679620987439825
16.1,0.03430029490335844,0.06803130530537704,0.06860058980671688,-0.17347414389140936
16.1,0.03219023577048427,0.0679492683948569,0.06438047154096854,-0.16719880310786883
16.2,0.03615421070237591,0.06787382022029985,0.07230842140475181,-0.17430285350820582
16.2,0.03377567481081926,0.06779496852661586,0.06755134962163852,-0.16904052977764342
16.3,0.03805016476525649,0.06772348594955155,0.07610032953051298,-0.17663433682847507
16.3,0.03566635903276835,0.06764838309303736,0.0713327180655367,-0.17168639666023178
16.4,0.04003427195783745,0.06758113847062963,0.0800685439156749,-0.17919170618042513
16.4,0.03780005266435965,0.06751031096848047,0.0756001053287193,-0.1721816852542377
16.5,0.04249721255264448,0.06744833929046537,0.08499442510528896,-0.18022429121531336
16.5,0.040141655288519054,0.06738230974840803,0.08028331057703811,-0.17581943571167605
16.6,0.044941240336784496,0.06732577796250797,0.08988248067356899,-0.1834573443065337
16.6,0.04290188618774356,0.06726552888836189,0.08580377237548711,-0.16193699743255907
16.7,0.04804948446335842,0.06721604739214536,0.09609896892671684,-0.1702481033008878
16.7,0.045040565508076565,0.0671605829324041,0.09008113101615313,-0.17262199121712496
16.8,0.05029900511522081,0.06711655383267855,0.10059801023044163,-0.18080013947937346
16.8,0.04700969380339435,0.06706565643543831,0.0940193876067887,-0.17840405288450767
16.9,0.05263509134910067,0.06702743175108644,0.10527018269820133,-0.18656800818655772
16.9,0.04915414459377223,0.06698158685733288,0.09830828918754446,-0.17270614498707282
17.0,0.05489851249597085,0.06694915063345475,0.1097970249919417,-0.17997063327319052
17.0,0.05140956256888913,0.06690873802815575,0.10281912513777826,-0.15857050400390094
17.1,0.057270978992722966,0.0668825052273679,0.11454195798544593,-0.1652680938490052
17.1,0.053514427759880634,0.06684731435664737,0.10702885551976127,-0.15536840563042362
17.2,0.05976681389341191,0.06682776188952988,0.11953362778682382,-0.16221076188423056
17.2,0.05605920420480933,0.06679897388523154,0.11211840840961866,-0.13869315783201253
17.3,0.06243470629395622,0.06678673595464937,0.12486941258791244,-0.14563205283000547
17.3,0.06887031424596392,0.06679285151134152,0.13774062849192784,-0.15304630812766562
17.4,0.051844046873688335,0.0667545812672987,0.10368809374737667,-0.11113460802218514
17.4,0.05868932741016188,0.06673280175471093,0.11737865482032377,-0.11790874771785043
17.5,0.06559789567310026,0.06672957744883264,0.13119579134620052,-0.1251915340276497
17.5,0.07256888853981885,0.06674698889628589,0.1451377770796377,-0.1328107265308569
17.6,0.06798000477575136,0.06675053411444022,0.13596000955150273,-0.11282775611911133
17.6,0.06142934616147204,0.06673601807025539,0.12285869232294408,-0.09597774653727287
17.7,0.0688845554217736,0.06674220226805189,0.1377691108435472,-0.10329326027541019
17.7,0.0764037974318904,0.0667714639353592,0.1528075948637808,-0.11086498784015708
17.8,0.07174855216089975,0.0667860048371085,0.1434971043217995,-0.09622142164580857
17.8,0.06466919980445104,0.06678015273069532,0.1293383996089021,-0.09481778694898124
17.9,0.05985703823672675,0.06676176293245338,0.1197140764734535,-0.06796665111121136
17.9,0.06762440042182598,0.06676418805772374,0.13524880084365196,-0.07619574744040847
18.0,0.07545058044152986,0.0667899531875095,0.15090116088305972,-0.0843332061113873
18.0,0.08333442591370115,0.06684158206660216,0.1666688518274023,-0.09238083637614869
18.1,0.07842057901753217,0.06687642593303754,0.15684115803506435,-0.09462333697055025
18.1,0.07091294336024236,0.06688791206043719,0.1418258867204847,-0.07840329853271566
18.2,0.07929293086436984,0.06692524416291316,0.15858586172873967,-0.08635584788765094
18.2,0.0877301678363235,0.06699125204336653,0.175460335672647,-0.0941976403585647
18.3,0.08167291869661641,0.06703586860719908,0.16334583739323283,-0.08635806041974114
18.3,0.09022152935334025,0.06711013148065231,0.1804430587066805,-0.09398834925225974
18.4,0.08153728475292553,0.067153653902977,0.16307456950585106,-0.07881410404242062
18.4,0.07348419682874571,0.06717166488862344,0.14696839365749143,-0.07358108258379638
18.5,0.08110708929896471,0.06721333474156743,0.16221417859792941,-0.07955836637264224
18.5,0.07580355275645097,0.06723803062504491,0.15160710551290194,-0.07693114316893725
18.6,0.08372503522168397,0.06728789984234217,0.16745007044336793,-0.08326009755190444
18.6,0.0786641312431102,0.06732105809666843,0.1573282624862204,-0.0861377904355447
18.7,0.08699456539898352,0.06738148176284905,0.17398913079796705,-0.0921679756757654
18.7,0.09628120460818047,0.06747525935780266,0.19256240921636095,-0.09846190627343332
18.8,0.09087721371160457,0.0675484466512267,0.18175442742320913,-0.09991165082300935
18.8,0.08193843733002765,0.06759078114041929,0.1638768746600553,-0.098955127854218
18.9,0.09135623280730966,0.06766486126505934,0.18271246561461932,-0.10388141650562788
18.9,0.08380916836025873,0.06771264931023047,0.16761833672051746,-0.10152617657804999
19.0,0.09330543858978703,0.06779289025364119,0.18661087717957406,-0.10588277082999897
19.0,0.08618411661131689,0.06784783078767208,0.17236823322263378,-0.1030154511446657
19.1,0.09575187536780286,0.06793607300455241,0.19150375073560572,-0.10683019984054454
19.1,0.08816161964186364,0.0679968737154676,0.17632323928372728,-0.1005832616247817
19.2,0.09779378498023182,0.06809165247490404,0.19558756996046364,-0.1039744513326335
19.2,0.0898968440546349,0.06815749710289681,0.1797936881092698,-0.09944050685577
19.3,0.09958628190554628,0.06825787774325427,0.19917256381109255,-0.10246774687589988
19.3,0.09142001011919439,0.06832802813920327,0.18284002023838877,-0.09661601194054947
19.4,0.10115946489883243,0.06843316468380226,0.20231892979766486,-0.09953460094431144
19.4,0.09255637903962004,0.06850625715241557,0.18511275807924008,-0.09519606369322631
19.5,0.10233867036665202,0.06861462036706267,0.20467734073330404,-0.09784340505572886
19.5,0.09387778366792728,0.06869128004420748,0.18775556733585455,-0.09245006480975569
19.6,0.08510098684781996,0.06873824549718169,0.1702019736956399,-0.0900413080410505
19.6,0.09493398264338569,0.06881775883771114,0.18986796528677138,-0.09189361761378634
19.7,0.10477994540282574,0.06893307847546666,0.2095598908056515,-0.0944088829399472
19.7,0.09593293587453589,0.06901497789086018,0.19186587174907177,-0.08979773213732711
19.8,0.10579973724894186,0.06913282117582245,0.21159947449788372,-0.09220326318350058
19.8,0.09635961122730534,0.0692150656760268,0.19271922245461068,-0.08730789368343728
19.9,0.1062398708929542,0.06933317029069785,0.2124797417859084,-0.08963852717625076
19.9,0.11612383485370911,0.06949022708007759,0.23224766970741823,-0.09247603247755976
20.0,0.10701826454485143,0.06960957697562051,0.21403652908970286,-0.09474008669712397
20.0,0.09459446731632716,0.069683210006609,0.18918893463265432,-0.09735046213888543
20.1,0.10447958050365287,0.06979156508696092,0.20895916100730574,-0.09908139999758014
20.1,0.11436104468015829,0.06993768253125315,0.22872208936031657,-0.1014288485184962
20.2,0.10454792560718705,0.07004473230001754,0.2090958512143741,-0.10186378735130175
20.2,0.11441698065613587,0.07018920413277051,0.22883396131227174,-0.1041344041818533
20.3,0.10245157431965504,0.07028710387490766,0.20490314863931008,-0.10223597127383632
20.3,0.11230092501378167,0.07042138598184786,0.22460185002756333,-0.1041707263455447
20.4,0.09973762618534367,0.07050835531962373,0.19947525237068733,-0.10115947870801767
20.4,0.10955990091945945,0.07063047023809066,0.2191198018389189,-0.10274729945590932
20.5,0.09680970172266538,0.07070629971929021,0.19361940344533077,-0.0986482613023123
20.5,0.08455701659384182,0.07074338104749667,0.16911403318768364,-0.09505722920957882
20.6,0.09432498074693409,0.07081028844695515,0.18864996149386817,-0.09517663236198426
20.6,0.08610120691657001,0.07085139761723906,0.17220241383314003,-0.08619768635425219
20.7,0.09582376007825946,0.07092248364125785,0.19164752015651892,-0.08672212310612148
20.7,0.08825500957117782,0.0709694498465174,0.17651001914235565,-0.0789726900820289
20.8,0.09792489197628103,0.07104669580061367,0.19584978395256206,-0.0801846818074281
20.8,0.08981256919896292,0.07109774531922967,0.17962513839792585,-0.07361994737735178
20.9,0.09942261042233597,0.0711791545463487,0.19884522084467193,-0.07532922985432532
20.9,0.0911106206520302,0.0712334927857235,0.1822212413040604,-0.07716816217813394
21.0,0.10065372780632911,0.07131815769627571,0.20130745561265823,-0.07927628359767591
21.0,0.11016052532652311,0.07143572703825284,0.22032105065304622,-0.0820266597275552
21.1,0.10177516056306808,0.07152304221921586,0.20355032112613616,-0.08548917000220602
21.1,0.09032503364538663,0.07157343519409336,0.18065006729077326,-0.0873539742214593
21.2,0.09971347478113822,0.07165299346733037,0.19942694956227644,-0.08961088879626877
21.2,0.10905868381094357,0.07176415562026778,0.21811736762188713,-0.0925246084618414
21.3,0.10008700646884594,0.07184390396809656,0.20017401293769188,-0.09411898457100817
21.3,0.08839964615223721,0.07188723197936588,0.17679929230447441,-0.09739129192234164
21.4,0.09760614067341426,0.07195820304058213,0.19521228134682853,-0.0997426003264541
21.4,0.08909544440350556,0.07200299728859483,0.17819088880701112,-0.09088145814672788
21.5,0.09814561160914934,0.07207496249517098,0.19629122321829867,-0.09349814420455438
21.5,0.10709994463262558,0.07217613617014657,0.21419988926525116,-0.0967593261208306
21.6,0.0981138943693898,0.07224709514504184,0.1962277887387796,-0.08798392656097187
21.6,0.10686955550348107,0.0723463750742194,0.21373911100696213,-0.09144790013578108
21.7,0.0953255994508585,0.07240784698436677,0.190651198901717,-0.08532762209953093
21.7,0.08288840600002906,0.07243373879514346,0.16577681200005812,-0.08177460882512368
21.8,0.09132861105217634,0.07248282401492383,0.18265722210435267,-0.08500914073098742
21.8,0.09965872729305847,0.07255680098558728,0.19931745458611694,-0.08884708145667684
21.9,0.09086263513786383,0.07260395976527971,0.18172527027572766,-0.09900022427891852
21.9,0.07997398960450214,0.07262163819702432,0.15994797920900428,-0.1123890972241115
22.0,0.08796304706512467,0.0726602654058532,0.17592609413024934,-0.11583591454695097
22.0,0.09583416183089358,0.07272130653608262,0.19166832366178715,-0.11988700875402047
22.1,0.08721446634911155,0.07275743675260819,0.1744289326982231,-0.11859718481591375
22.1,0.07692882158880965,0.07276714416688328,0.1538576431776193,-0.11670797757724594
22.2,0.06831334909923471,0.07275739747509068,0.13662669819846943,-0.1122121765850479
22.2,0.07569918081013587,0.07276415674572095,0.15139836162027173,-0.11412138782182568
22.3,0.08295982803761451,0.07278866941919758,0.16591965607522902,-0.11704094835279169
22.3,0.09009408589505173,0.0728320703527321,0.18018817179010346,-0.12070884677447169
22.4,0.0819107163438016,0.0728536431770558,0.1638214326876032,-0.11488665778803875
22.4,0.07137896905419644,0.0728503847353419,0.14275793810839288,-0.12222978715227861
22.5,0.07813031733013238,0.07286256916809603,0.15626063466026477,-0.12529951027979847
22.5,0.06999562152104791,0.07285632324643943,0.13999124304209581,-0.11990265383449294
22.6,0.07648850974901597,0.07286457716071137,0.15297701949803194,-0.12318956709733397
22.6,0.06882733312004691,0.07285589213593804,0.13765466624009381,-0.11824795748549444
22.7,0.07506084723924053,0.07286083307469948,0.15012169447848106,-0.12177671378946539
22.7,0.08116434735548815,0.07288016237257039,0.1623286947109763,-0.12600693086550163
22.8,0.07352556097757965,0.07288158709777759,0.1470511219551593,-0.12856770518012287
22.8,0.06411560151647062,0.07286351728767376,0.12823120303294125,-0.1355815808402803
22.9,0.06983294627858505,0.07285702346088663,0.1396658925571701,-0.1388309893638584
22.9,0.06266961851965726,0.07283633238744265,0.12533923703931452,-0.14524899100294641
23.0,0.06813266778155916,0.0728264149656614,0.13626533556311832,-0.14771847825556872
23.0,0.061081773673648934,0.07280293809861414,0.12216354734729787,-0.14044781038895437
23.1,0.06629439496205711,0.07278944961909314,0.13258878992411421,-0.14285276789133608
23.1,0.059544248066422716,0.07276338409998225,0.11908849613284543,-0.1456324589363207
23.2,0.06451161843504037,0.07274657034745666,0.12902323687008074,-0.14797546989107357
23.2,0.06935831338750041,0.0727394377759485,0.13871662677500082,-0.1512505154794448
23.3,0.06224707618895767,0.07271849794082609,0.12449415237791533,-0.1484580727503102
23.3,0.06685812288741796,0.07270642777258929,0.13371624577483593,-0.15196760335003923
23.4,0.05830748056548759,0.0726786427054857,0.11661496113097518,-0.14069943509416905
23.4,0.049769672355088654,0.0726373950771249,0.09953934471017731,-0.12847591295313876
23.5,0.05404211104302986,0.07260281312761373,0.10808422208605972,-0.1312559040542494
23.5,0.04834201496985566,0.0725598060698106,0.09668402993971131,-0.1319308836751647
23.6,0.052399136767882576,0.072522939255099,0.10479827353576515,-0.1345699842721193
23.6,0.05635168934623941,0.07249249153351585,0.11270337869247882,-0.1381506427181105
23.7,0.051149492142728924,0.07245400112110587,0.10229898428545785,-0.15139300515145493
23.7,0.04445079388715714,0.07240632374980022,0.08890158777431428,-0.1604276756400207
23.8,0.04810508819484687,0.07236373605172387,0.09621017638969374,-0.16228089459916673
23.8,0.04330996613969885,0.07231493539531368,0.0866199322793977,-0.171817959470711
23.9,0.046777259279413744,0.07227083720836157,0.09355451855882749,-0.1735703769783912
23.9,0.04202126540566584,0.07222078019837308,0.08404253081133169,-0.16485852624318298
24.0,0.045311329867850574,0.07217505335898135,0.09062265973570115,-0.1668986862258628
24.0,0.04051049616712978,0.07212353781173547,0.08102099233425956,-0.14334915501347045
24.1,0.04363312462089089,0.0720759894200804,0.08726624924178178,-0.14570273494895258
24.1,0.039185149538321765,0.07202330167860534,0.07837029907664353,-0.1364834819956726
24.2,0.04214999899421904,0.071974262236595,0.08429999798843808,-0.13923064060404
24.2,0.037317006251133135,0.07191987572829155,0.07463401250226627,-0.11674509457914928
24.3,0.040133480693924445,0.07186880174637088,0.08026696138784889,-0.1202108216733282
24.3,0.03539577895064967,0.07181277560133953,0.07079155790129935,-0.10309856241118531
24.4,0.038073034432091826,0.07175975031062247,0.07614606886418365,-0.10734748194350185
24.4,0.04068380683637641,0.07170984127078739,0.08136761367275282,-0.11225697009292812
24.5,0.036325460924914406,0.07165531261128974,0.07265092184982881,-0.10406136721367654
24.5,0.03115513674840396,0.07159599283589234,0.06231027349680792,-0.095236984767185
24.6,0.03358009895396776,0.07153910038827771,0.06716019790793552,-0.1011165799285969
24.6,0.03594693567694014,0.07148473369352645,0.07189387135388028,-0.10743372959984132
24.7,0.03198843633721287,0.07142672806223675,0.06397687267442574,-0.09829282893004798
24.7,0.027269470898704382,0.071364944536685,0.054538941797408765,-0.0953079244116104
24.8,0.02947445130617454,0.07130512987891917,0.05894890261234908,-0.10264984234882624
24.8,0.025902706652652412,0.07124270783285659,0.051805413305304825,-0.09980849996318497
24.9,0.028008797687756656,0.07118208731715935,0.05601759537551331,-0.10760352348482807
24.9,0.024854345874983363,0.07111930480947355,0.04970869174996673,-0.10247070147856974
25.0,0.022072921142143008,0.07105487818326937,0.044145842284286016,-0.1070484714635298
25.0,0.024043641556176977,0.0709919313416006,0.048087283112353954,-0.11484736700116471
25.1,0.025972062104254578,0.07093053735431366,0.051944124208509156,-0.122858389864406
25.1,0.023014682738434437,0.07086729899330935,0.04602936547686887,-0.12680142355221546
25.2,0.024863468157056003,0.07080549862235393,0.04972693631411201,-0.134813706228452
25.2,0.02198238731716714,0.07074199711927885,0.04396477463433428,-0.1363131340683239
25.3,0.02375715587115734,0.07067982754903977,0.04751431174231468,-0.1441788081241473
25.3,0.0210581194302163,0.07061615673672918,0.0421162388604326,-0.15339425531961304
25.4,0.02276413989865622,0.07055372499000066,0.04552827979731244,-0.1607930184665589
25.4,0.024437316720696208,0.07049258678565733,0.048874633441392416,-0.16846328638518848
25.5,0.021859857793886255,0.07042997173527289,0.04371971558777251,-0.16349686377112072
25.5,0.018805434312638987,0.07036581628780479,0.037610868625277974,-0.1609251795696456
25.6,0.020388160573565437,0.07030271711204222,0.040776321147130874,-0.16740269281910125
25.6,0.02194251628306995,0.07024072285072716,0.0438850325661399,-0.17433013738792935
25.7,0.019801669877744434,0.07017767466797316,0.03960333975548887,-0.16515979831454386
25.7,0.01702953080332035,0.07011339889410578,0.0340590616066407,-0.1546831534501778
25.8,0.018505682202613442,0.07005004112011096,0.037011364405226885,-0.16064248775879753
25.8,0.016581028878821256,0.06998593691649714,0.03316205775764251,-0.1517890243714186
25.9,0.01800946773967052,0.06992270567911686,0.03601893547934104,-0.15758149523272147
25.9,0.016501465938998844,0.06985894260148078,0.03300293187799769,-0.14246187606651883
26.0,0.017885346675147275,0.06979602417070219,0.03577069335029455,-0.14963399972095281
26.0,0.01605141719776143,0.06973243310385373,0.03210283439552286,-0.14732236780073737
26.1,0.01739418714385984,0.06966964706945694,0.03478837428771968,-0.15427402459218698
26.1,0.015520214431443935,0.06960619650029101,0.03104042886288787,-0.1471515250568749
26.2,0.01682475286071425,0.06954351107726266,0.0336495057214285,-0.15445511590247296
26.2,0.015876733263192805,0.0694805829264896,0.03175346652638561,-0.17853678512277282
26.3,0.017145835415274115,0.0694184127525091,0.03429167083054823,-0.18565871444463244
26.3,0.018398017743693335,0.06935703355302253,0.03679603548738667,-0.1931957416688736
26.4,0.013333547826628449,0.06929363291981781,0.026667095653256898,-0.18524601848513142
26.4,0.01455470672334416,0.06923088054227947,0.02910941344668832,-0.19026200649796854
26.5,0.015760818531960034,0.0691688084459437,0.03152163706392007,-0.1961286022053233
26.5,0.01403354789401818,0.06910621260846041,0.02806709578803636,-0.194412645702561
26.6,0.015211561441338313,0.06904426595016301,0.030423122882676627,-0.20026711787011164
26.6,0.013549442327287223,0.06898184554900247,0.027098884654574447,-0.19410189979672587
26.7,0.014701551053824721,0.06892004617702001,0.029403102107649442,-0.199509654403915
26.7,0.013113916199632166,0.06885782261400597,0.026227832399264333,-0.18764296139799974
26.8,0.01424209202816286,0.0687961949576886,0.02848418405632572,-0.19306111590179276
26.8,0.013239092950406558,0.06873436822741423,0.026478185900813116,-0.18674295673436836
26.9,0.014345260804447871,0.06867313011978154,0.028690521608895743,-0.19184352550979655
26.9,0.015440949559546913,0.06861250737807603,0.030881899119093826,-0.19779903959178124
27.0,0.013912023454318247,0.0685514489718658,0.027824046908636494,-0.19781635118306973
27.0,0.012373070777638624,0.06849001570979604,0.024746141555277247,-0.21861462915643415
27.1,0.013440699706486394,0.06842912693459573,0.026881399412972788,-0.22161363130749162
27.1,0.014499595993262273,0.06836880812083095,0.028999191986524547,-0.22586272201195
27.2,0.013001103926286254,0.06830810299303103,0.02600220785257251,-0.2153428716993715
27.2,0.014043961800857395,0.06824794718282245,0.02808792360171479,-0.21947573253180153
27.3,0.012274548588686327,0.06818733279606026,0.024549097177372654,-0.21224099745644764
27.3,0.013302937028703332,0.06812724037350855,0.026605874057406664,-0.21587270796010216
27.4,0.011510721844677493,0.06806671769625565,0.023021443689354985,-0.2099278963155391
27.4,0.009877283463334337,0.0680058936156631,0.019754566926668674,-0.20638731086024764
27.5,0.010886758938726745,0.067945517924946,0.02177351787745349,-0.2073479520918724
27.5,0.01189054828324126,0.0678856145570209,0.02378109656648252,-0.21023122841872643
27.6,0.010826231879124872,0.06782555253002998,0.021652463758249745,-0.19453875098301238
27.6,0.011819758693818268,0.06776595591394417,0.023639517387636536,-0.1980716380757923
27.7,0.01091070272773432,0.06770624672364245,0.02182140545546864,-0.16281097330319882
27.7,0.011895188458989975,0.06764700022187531,0.02379037691797995,-0.16856388170693304
27.8,0.011011999048174723,0.06758764589574298,0.022023998096349445,-0.16796156240829996
27.8,0.01198873136657802,0.06752875236044223,0.02397746273315604,-0.17372599172635406
27.9,0.01101323788078891,0.06746972062700327,0.02202647576157782,-0.17533116408842456
27.9,0.009958833120906877,0.06741055512238547,0.019917666241813754,-0.20439273234111477
28.0,0.010924770797991368,0.06735181750016533,0.021849541595982735,-0.20753381665357118
28.0,0.011887076626758282,0.06729352992132515,0.023774153253516565,-0.21232733453021257
28.1,0.010778355211938874,0.06723506676380715,0.02155671042387775,-0.20431698233312856
28.1,0.011733798299358653,0.06717704591440907,0.023467596598717305,-0.20963169545326155
28.2,0.010388659963350661,0.06711878754290025,0.020777319926701322,-0.2038023035132457
28.2,0.00898847085957499,0.06706032674454886,0.01797694171914998,-0.2014496777225454
28.3,0.009934358886184406,0.06700225855533858,0.019868717772368812,-0.2051507974702682
28.3,0.010877050127801333,0.06694460433856053,0.021754100255602666,-0.2106298927878525
28.4,0.009949567106193031,0.06688684938898647,0.019899134212386062,-0.19887575810815283
28.4,0.010886278134007183,0.06682950523406617,0.021772556268014366,-0.20511131722052678
28.5,0.01007515959857613,0.06677208990018733,0.02015031919715226,-0.2129659133145596
28.5,0.009221472141662294,0.06671461027355567,0.01844294428332459,-0.20432977341318237
28.6,0.010150033445054985,0.06665751896884543,0.02030006689010997,-0.2088548909899543
28.6,0.009236566870803977,0.0666003461713133,0.018473133741607955,-0.19613507484458254
28.7,0.010160016782239501,0.06654355894632676,0.020320033564479003,-0.20059083703905856
28.7,0.011080889860334116,0.06648717760455518,0.022161779720668233,-0.20674723381644133
28.8,0.010134982536547132,0.06643068208004495,0.020269965073094264,-0.1784117590693599
28.8,0.011051154291632984,0.06637458873254413,0.022102308583265968,-0.1856001020575859
28.9,0.007594827822110189,0.06631780052234758,0.015189655644220378,-0.13449553907426237
28.9,0.00850694708584702,0.06626135213179697,0.01701389417169404,-0.14048871205810798
29.0,0.007746500561163032,0.06620488962803084,0.015493001122326064,-0.1297043148159429
29.0,0.008654564271800122,0.06614876796953562,0.017309128543600245,-0.13806922094474894
29.1,0.009560620523926066,0.06609300698763074,0.019121241047852133,-0.14772970064879143
29.1,0.010464725399132103,0.06603762631777377,0.020929450798264207,-0.15835564802851113
29.2,0.00966595938904388,0.06598218038675485,0.01933191877808776,-0.14978023645195337
29.2,0.00884635120646046,0.06592668090357626,0.01769270241292092,-0.1511042652119969
29.3,0.009745878902261432,0.06587154164266859,0.019491757804522863,-0.16195302298200254
29.3,0.008794442418536413,0.06581631592881564,0.017588884837072827,-0.1510267557566829
29.4,0.009691232784611896,0.0657614469636464,0.01938246556922379,-0.16278889337525815
29.4,0.010586597166492217,0.06570695400745293,0.021173194332984435,-0.17519864535215213
29.5,0.009700761807983784,0.06565236871558874,0.01940152361596757,-0.1653243961835904
29.5,0.008551080544969709,0.06559765217818797,0.017102161089939418,-0.15746533998620826
29.6,0.009443646564366064,0.06554328267973986,0.01888729312873213,-0.17021892886928924
29.6,0.010335162505484056,0.06548927936179681,0.02067032501096811,-0.18349277515719642
29.7,0.009433810260748673,0.06543518423128816,0.018867620521497347,-0.17320511680339523
29.7,0.010323951050964942,0.06538145313377619,0.020647902101929884,-0.18691624844911028
29.8,0.009170007296970227,0.06532756931346125,0.018340014593940454,-0.17971596090387942
29.8,0.008017265388078933,0.06527356741486273,0.016034530776157865,-0.17271458051216862
29.9,0.008906540600176474,0.0652198952018119,0.017813081200352947,-0.18591285712635974
29.9,0.008526743686505871,0.06516627355807575,0.017053487373011742,-0.19561032500817221
30.0,0.0094158412843024,0.06511299152218325,0.0188316825686048,-0.2067286856398533
30.0,0.008609900792035542,0.06505965759346603,0.017219801584071083,-0.1917284342842973
30.1,0.009499029885297475,0.0650066636706653,0.01899805977059495,-0.20295884591907054
30.1,0.008654592889559207,0.06495360676655176,0.017309185779118413,-0.18456472333549415
30.2,0.009544134708192351,0.06490088950834541,0.019088269416384702,-0.19603172141919778
30.2,0.008862227034854408,0.06484814394334441,0.017724454069708816,-0.20026715694245428
30.3,0.009752738175999935,0.06479574145188924,0.01950547635199987,-0.21032977763989535
30.3,0.008867922093037328,0.06474325973524098,0.017735844186074656,-0.1918430455043878
30.4,0.009759618701738927,0.06469112007347522,0.019519237403477854,-0.20228029747855736
30.4,0.008864739457522485,0.06463889803392799,0.01772947891504497,-0.18222317352033593
30.5,0.009758001402555358,0.06458701693985307,0.019516002805110715,-0.19310818672344654
30.5,0.008864965026549904,0.06453505321145109,0.017729930053099807,-0.17522448550641512
30.6,0.00976017170082973,0.06448342950196441,0.01952034340165946,-0.18659831668215832
30.6,0.00886886857080743,0.06443172279864275,0.01773773714161486,-0.17047838964488984
30.7,0.009766402810375354,0.06438035537695908,0.019532805620750708,-0.18233001028996032
30.7,0.008903661400408817,0.06432891055682119,0.017807322800817635,-0.17940381364077806
30.8,0.009803949629892294,0.06427780509040718,0.019607899259784588,-0.19132952213551446
30.8,0.010705509576491164,0.06422705876354438,0.021411019152982328,-0.20388739325529004
30.9,0.00981531526517062,0.06417620632941859,0.01963063053034124,-0.1899776125476338
30.9,0.010720183977001817,0.06412571278011066,0.021440367954003635,-0.2026835556687896
31.0,0.009564008934959907,0.06407504713323645,0.019128017869919814,-0.1890755444577219
31.0,0.010472658000337993,0.06402473434942406,0.020945316000675986,-0.20163165146347994
31.1,0.009265452259837603,0.06397424433803274,0.018530904519675206,-0.1886721770084073
31.1,0.010178257015908977,0.06392410017575757,0.020356514031817954,-0.20104792598490193
31.2,0.009126303698927194,0.0638738226526023,0.01825260739785439,-0.19041606416107443
31.2,0.008026694634301463,0.06382343005850727,0.016053389268602926,-0.17883993300447348
31.3,0.008946572369437912,0.06377335495271935,0.017893144738875825,-0.19045912751416058
31.3,0.008200695007444603,0.06372324036004547,0.016401390014889206,-0.18147697840394184
31.4,0.009125511433046228,0.06367344704779952,0.018251022866092457,-0.19311259211041776
31.4,0.008404468497623807,0.0636236153560457,0.016808936995247614,-0.19286758056260078
31.5,0.009334607945291147,0.06357410954705876,0.018669215890582295,-0.20412529369848853
31.5,0.01026731660150456,0.0635249509204085,0.02053463320300912,-0.2160138283219824
31.6,0.009515526547849065,0.06347572455602725,0.01903105309569813,-0.21381178264356393
31.6,0.008502849421983951,0.06342638834892929,0.017005698843967902,-0.21871929346141172
31.7,0.009444776144443182,0.06337738049456777,0.018889552288886363,-0.22831460251576674
31.7,0.010389621216315098,0.06332872287109229,0.020779242432630195,-0.2387746583227317
31.8,0.009570946454736011,0.06327997792690326,0.019141892909472023,-0.23235243369475705
31.8,0.00851635804772846,0.06323111171020607,0.01703271609545692,-0.23886254710950133
31.9,0.009471416802222236,0.06318257472669692,0.018942833604444473,-0.24598090756499724
31.9,0.010429742669031714,0.06313438949945839,0.02085948533806343,-0.2543494520480185
32.0,0.009614244018071967,0.06308611571432274,0.019228488036143934,-0.24305863919331827
32.0,0.008579669250456182,0.06303772271076455,0.017159338500912363,-0.23760099951853908
32.1,0.009549017150942113,0.06298966130959713,0.019098034301884226,-0.24281062609846638
32.1,0.008732662608711922,0.06294152843660274,0.017465325217423843,-0.22948513685672323
32.2,0.009709559683842031,0.06289373136065703,0.019419119367684062,-0.2343767270039585
32.2,0.008937334977823466,0.06284586864807543,0.017874669955646932,-0.22050594570611448
32.3,0.009922061514783418,0.06279834728548077,0.019844123029566837,-0.22521629600874699
32.3,0.009118784181259856,0.0627507485712397,0.01823756836251971,-0.21167588229119394
32.4,0.010111614222972487,0.06270349633705229,0.020223228445944975,-0.216346812943276
32.4,0.009409758109731563,0.062656185744008,0.018819516219463126,-0.21239091439618735
32.5,0.010555541414928375,0.06260926685303458,0.02111108282985675,-0.2175842682028537
32.5,0.009825734008234263,0.06256227441605497,0.019651468016468526,-0.20665332797467473
32.6,0.010982837397544345,0.06251568699956124,0.02196567479508869,-0.21231935430250193
32.6,0.010184893542945637,0.06246900055577419,0.020369787085891274,-0.2024065675253386
32.7,0.01135370010638982,0.062422731144016405,0.02270740021277964,-0.20842430365968978
32.7,0.010492631169331957,0.062376338502551185,0.020985262338663914,-0.19955700677074795
32.8,0.011673513352683419,0.062330373718592194,0.023347026705366838,-0.2058042533390343
32.8,0.010760173889857774,0.06228426456720168,0.021520347779715548,-0.19749346397891188
32.9,0.011953491455121016,0.06223859320250402,0.02390698291024203,-0.203862680542787
32.9,0.013303815770716028,0.06219344397309439,0.026607631541432055,-0.21251620579801944
33.0,0.012535533100625756,0.06214815675814171,0.02507106620125151,-0.21177279302873941
33.0,0.01212211313220922,0.06210284954918763,0.02424422626441844,-0.21769561563172557
33.1,0.013497439821807794,0.06205807598522335,0.026994879643615587,-0.2247430329035498
33.1,0.012419161592814311,0.06201306515031914,0.024838323185628623,-0.2156323662264379
33.2,0.013811600537342827,0.06196860205036813,0.027623201074685653,-0.22258881600712366
33.2,0.012880977475106397,0.06192393902461985,0.025761954950212794,-0.22846216513180773
33.3,0.014448573284741608,0.06187989878803559,0.028897146569483216,-0.2360953835323638
33.3,0.013456605518466986,0.061835623503079674,0.026913211036933973,-0.22652218734441076
33.4,0.015046387705868525,0.06179199911621009,0.03009277541173705,-0.23394793019990257
33.4,0.014052911439387016,0.06174812422369357,0.028105822878774032,-0.21175895476057338
33.5,0.015665286101483687,0.061704929822038894,0.03133057220296737,-0.21993232378383132
33.5,0.014504147647881046,0.061661410269989864,0.029008295295762092,-0.2118433661447532
33.6,0.016139732285481673,0.06161859594814512,0.03227946457096335,-0.21971765985837077
33.6,0.015361994696615174,0.0615755833678308,0.030723989393230348,-0.21016629260549857
33.7,0.017189439139282458,0.061533386903904065,0.034378878278564916,-0.21911727610513498
33.7,0.016079323531298862,0.0614908412681241,0.032158647062597724,-0.2017502695016158
33.8,0.01793586783115182,0.061449153623458506,0.03587173566230364,-0.2111518418592948
33.8,0.019806865891823143,0.061408411700442846,0.039613731783646286,-0.2214596482215243
33.9,0.018682788801461386,0.06136724251438211,0.03736557760292277,-0.21635192739919207
33.9,0.017089405908563515,0.06132548182674829,0.03417881181712703,-0.22160512302441893
34.0,0.019184634484497698,0.06128472904071304,0.038369268968995396,-0.22958346770134064
34.0,0.018038587408116435,0.06124355694642194,0.03607717481623287,-0.22868401883875844
34.1,0.020170532014627745,0.06120345541562808,0.04034106402925549,-0.2357457824135909
34.1,0.019389814890248498,0.061163075097238256,0.038779629780496996,-0.22444562557044367
34.2,0.021742505518495422,0.06112394548064081,0.043485011036990845,-0.2322783330596172
34.2,0.024116851341471564,0.061086208331061334,0.04823370268294313,-0.2414027043494098
34.3,0.023378626448953155,0.06104813891348924,0.04675725289790631,-0.22014725713207467
34.3,0.025984611416902635,0.06101169362202799,0.05196922283380527,-0.23046875498189712
34.4,0.02405413818184035,0.06097417973094161,0.0481082763636807,-0.2169742676155475
34.4,0.02163819306479057,0.06093543534822821,0.04327638612958114,-0.2087904975910866
34.5,0.024323716064672297,0.060898249771024295,0.048647432129344595,-0.2161928603146812
34.5,0.027230396759565692,0.06086293352187226,0.054460793519131384,-0.22550311409443546
34.6,0.025758579773244267,0.06082677132019728,0.051517159546488535,-0.2366444107193173
34.6,0.02355969154733979,0.06078940324627378,0.04711938309467958,-0.23443757915348717
34.7,0.026559377344223343,0.06075390558144102,0.053118754688446686,-0.24041191890710806
34.7,0.024946739342792103,0.06071750397909284,0.049893478685584206,-0.2280398739127532
34.8,0.028216429191840354,0.06068324621237016,0.05643285838368071,-0.23395226261687307
34.8,0.028381075476965313,0.06064917799900494,0.056762150953930626,-0.23991886211863855
34.9,0.031931994865961925,0.06061772301572278,0.06386398973192385,-0.2474898872056568
34.9,0.030634147628833753,0.06058538182337743,0.061268295257667506,-0.2426743861061973
35.0,0.034266119422062376,0.06055590039093912,0.06853223884412475,-0.24933892173810168
35.0,0.03793819750162466,0.060529617782981174,0.07587639500324932,-0.25723055195952327
35.1,0.036131552539284004,0.0605018212120992,0.07226310507856801,-0.22731940824071817
35.1,0.033349151192647614,0.060471814150166545,0.06669830238529523,-0.2113998533772694
35.2,0.037374062661752694,0.060445227146416515,0.07474812532350539,-0.21727530997445266
35.2,0.03534812093914264,0.06041697211142794,0.07069624187828528,-0.19910182800355258
35.3,0.039697662983643356,0.060392617437859786,0.07939532596728671,-0.20512748062383457
35.3,0.037973139107533437,0.06036675056628027,0.07594627821506687,-0.18188114892434015
35.4,0.04242467316137847,0.060345140298886914,0.08484934632275694,-0.18811453400306238
35.4,0.04050049506990193,0.060321715320857366,0.08100099013980386,-0.161937079914567
35.5,0.045298054854512715,0.06030316130767585,0.09059610970902543,-0.1688452409161214
35.5,0.042494778137779424,0.060281778856945765,0.08498955627555885,-0.15598166986168893
35.6,0.04765229438276233,0.06026587451044768,0.09530458876552465,-0.16323835491461436
35.6,0.045594754370808635,0.06024777438798159,0.09118950874161727,-0.13285766849967162
35.7,0.05087585593944104,0.06023565116522117,0.10175171187888209,-0.14033591153466718
35.7,0.05621800101775893,0.0602302116146053,0.11243600203551786,-0.1484755765687136
35.8,0.05318184690810382,0.060220929848090944,0.10636369381620764,-0.15254487603413924
35.8,0.04886050976837669,0.060206558199093076,0.09772101953675338,-0.10877628343818024
35.9,0.05465791403055502,0.06019917565122735,0.10931582806111004,-0.11652580193692019
35.9,0.05092366712517244,0.0601872511807303,0.10184733425034488,-0.08522865102215604
36.0,0.05712519983670566,0.06018310060677003,0.11425039967341132,-0.09368557551560874
36.0,0.0536652544980488,0.060174537631120864,0.1073305089960976,-0.09784045512880946
36.1,0.06001029037518048,0.06017431013679579,0.12002058075036096,-0.10657746771847168
36.1,0.05618660679251951,0.06016896977185684,0.11237321358503902,-0.10304926466804565
36.2,0.06295738817408084,0.0601729157426326,0.12591477634816167,-0.11231232670882996
36.2,0.06075751425468309,0.06017372711601569,0.12151502850936619,-0.08793318230552492
36.3,0.06768037636651003,0.060184725938463864,0.13536075273302006,-0.09732613431614776
36.3,0.06342549480821552,0.060189309815916234,0.12685098961643104,-0.0987499843125095
36.4,0.07079536048006299,0.06020518187020717,0.14159072096012598,-0.10776074916014045
36.4,0.06592366462976182,0.06021340941619432,0.13184732925952364,-0.11299335732265137
36.5,0.07345375206062853,0.06023356523871237,0.14690750412125705,-0.1213574654966898
36.5,0.08106216063603054,0.060267021467626816,0.16212432127206108,-0.1296593109985289
36.6,0.07578056863033819,0.06029097053362394,0.15156113726067638,-0.12933169368301245
36.6,0.06876955496115644,0.06030336645414415,0.13753910992231289,-0.1117626595051755
36.7,0.06296895282364925,0.06030708325604471,0.1259379056472985,-0.09326050629170801
36.7,0.07121123715013583,0.060323279918481264,0.14242247430027166,-0.09857515694251928
36.8,0.07953364451187732,0.060353570546298314,0.15906728902375464,-0.10422791444473223
36.8,0.07394919706065192,0.06037411996214621,0.14789839412130384,-0.09815522335271654
36.9,0.08242952951432642,0.06040950167858848,0.16485905902865283,-0.10331261563906402
36.9,0.07688387035334251,0.060434863216595226,0.15376774070668503,-0.09783222820409865
37.0,0.0858546770413864,0.06047648054086162,0.1717093540827728,-0.1025577739950134
37.0,0.09490592526442702,0.06053622108629504,0.18981185052885405,-0.1075416490043768
37.1,0.08890256615606561,0.060583452812171305,0.17780513231213121,-0.10105644126104574
37.1,0.09811158268697485,0.06064965847037189,0.1962231653739497,-0.10553771764040265
37.2,0.08939803471981352,0.060697502110026724,0.17879606943962703,-0.09832268273052502
37.2,0.08101376292642119,0.06072937052099811,0.16202752585284239,-0.10138955508391545
37.3,0.09044940576561575,0.060779004336346136,0.1808988115312315,-0.1049264051682024
37.3,0.08458269310850813,0.06081714915764841,0.16916538621701627,-0.08813871543538054
37.4,0.09452122190587636,0.06087474337528042,0.18904244381175273,-0.09134338669566412
37.4,0.08837794580958278,0.06091980179897327,0.17675589161916555,-0.07912132084339606
37.5,0.09846438498533663,0.06098533911922565,0.19692876997067327,-0.08196195601214429
37.5,0.09142981548323681,0.061036042796444215,0.18285963096647362,-0.07392855154904021
37.6,0.08356412461230839,0.06107156585464096,0.16712824922461678,-0.06572174812090559
37.6,0.09385983193301509,0.061126846675752335,0.18771966386603017,-0.06755013670253218
37.7,0.1042216127209147,0.06120420249740873,0.2084432254418294,-0.06977649301606892
37.7,0.09625044656200249,0.06126396137294046,0.19250089312400498,-0.07055830965663601
37.8,0.10711540425305888,0.06134736104591172,0.21423080850611775,-0.07248115205540362
37.8,0.11804540481328026,0.061456917434398683,0.2360908096265605,-0.07469846497811483
37.9,0.08816460908646039,0.06149984953319514,0.1860908096265605,-0.06044423209444316
37.9,0.09921905833806469,0.061564836593643806,0.19843811667612937,-0.0616844374625698
38.0,0.11033243139589696,0.06165447203633041,0.22066486279179393,-0.06328977561055593
38.0,0.10091753012113586,0.061722546153004695,0.2018350602422717,-0.057433846113843945
38.1,0.09208430879405949,0.06177223619990903,0.18416861758811898,-0.04263444991715825
38.1,0.10336214938417017,0.0618451468569443,0.20672429876834034,-0.043488383306031775
38.2,0.11469046324310003,0.061943918437520375,0.22938092648620007,-0.04466854322539726
38.2,0.12606708032490876,0.06207116039257599,0.25213416064981753,-0.04606632914712572
38.3,0.11718602119486406,0.06217510465006802,0.2343720423897281,-0.04464854299176668
38.3,0.10439518364250422,0.06224889229698692,0.20879036728500844,-0.0437537976271396
38.4,0.09418026713057079,0.0623011795688967,0.18836053426114158,-0.039525110055853574
38.4,0.10612781002281274,0.06237826970809308,0.21225562004562548,-0.039749931839075714
38.5,0.11811523193955177,0.0624830430096427,0.23623046387910354,-0.04029760297376139
38.5,0.10906616718507449,0.0625660368973812,0.21813233437014898,-0.0449896380609629
38.6,0.12112594319784005,0.06267743584536785,0.2422518863956801,-0.045283384464168464
38.6,0.11149317165634524,0.0627652313191497,0.2229863433126905,-0.04073592150310823
38.7,0.1236152907675923,0.0628820007359454,0.2472305815351846,-0.04073057293781357
38.7,0.1357647985284189,0.06303055892414773,0.2715295970568378,-0.04094267245300598
38.8,0.12597651980712876,0.06315221789949425,0.2519530396142575,-0.036778945784199824
38.8,0.11211212788229552,0.06323970683612354,0.22422425576459104,-0.026262068557726614
38.9,0.12432858379225845,0.0633561947578134,0.2486571675845169,-0.02566564888118572
38.9,0.11408752018070883,0.06344744321278711,0.22817504036141767,-0.0020373315862487473
39.0,0.12633589593912756,0.06356806750465546,0.2526717918782551,-0.0017656666703631534
39.0,0.11590096079391098,0.06366270810356613,0.23180192158782195,0.013178197661837032
39.1,0.12817100054365171,0.0637870308183254,0.25634200108730343,0.013158119192673734
39.1,0.14044801941367677,0.06394377891410315,0.28089603882735353,0.013088865193206622
39.2,0.10275175097152588,0.06400834963361736,0.23089603882735354,-0.009788493999332015
39.2,0.11503500811151593,0.06409931250784265,0.23007001622303186,-0.010218962697032818
39.3,0.12731753378307842,0.0642194455913503,0.25463506756615684,-0.01056025069872435
39.3,0.11587664425151305,0.06431153395825767,0.2317532885030261,-0.009249648369866303
39.4,0.12814999495800228,0.06443279561506497,0.25629998991600456,-0.009394567729312351
39.4,0.117973263617591,0.06452889806918886,0.235946527235182,-0.008124909219219045
39.5,0.13022715201076643,0.06465443205158686,0.26045430402153286,-0.008466692274957666
39.5,0.14246747223531284,0.06481200951723086,0.2849349444706257,-0.008648274806513978
39.6,0.13135231311310494,0.06493918896634475,0.2627046262262099,-0.019586941045666606
39.6,0.11601488661878696,0.06502897742224888,0.23202977323757393,-0.02265914938677005
39.7,0.1281991120743095,0.06514722092621761,0.256398224148619,-0.021820617029081557
39.7,0.11620345657514858,0.06523665923326946,0.23240691315029716,-0.016989204153492032
39.8,0.12833752831030146,0.06535431209767521,0.2566750566206029,-0.015655966054481052
39.8,0.1170444116904207,0.06544486681491062,0.2340888233808414,-0.010851736281774826
39.9,0.12911820205062072,0.06556351486452261,0.25823640410124143,-0.009056915023699652
39.9,0.11773727570422733,0.06565484602613021,0.23547455140845466,-0.0043070947860441855
40.0,0.12974078252049553,0.0657740909234432,0.25948156504099107,-0.002224600873380833
40.0,0.141705415732809,0.06592362079762744,0.283410831465618,-0.00020294173238166735
40.1,0.13035100593184012,0.06604325000644966,0.26070201186368025,0.015667491007134608
40.1,0.14223054542949737,0.06619287106343925,0.28446109085899474,0.017762654230810245
40.2,0.12703184653226804,0.06630336170558332,0.2540636930645361,0.025803112846999987
40.2,0.11065767652220158,0.06637694022295469,0.22131535304440317,0.023484881673944358
40.3,0.12233798523667856,0.06647568770624421,0.24467597047335712,0.025489180721382183
40.3,0.11108307313339129,0.06654955968921177,0.22216614626678258,0.02852043974669405
40.4,0.12257578087544595,0.06664813560252002,0.2451515617508919,0.030479482360004972
40.4,0.11187227622273038,0.06672305336865517,0.22374455244546076,0.0300653702921041
40.5,0.12316534328512257,0.0668222566164201,0.24633068657024515,0.0321114882898752
40.5,0.1343540738174377,0.06694764055453621,0.2687081476348754,0.034305032307654144
40.6,0.12296849824018236,0.06704554627218769,0.2459369964803647,0.033051199828854294
40.6,0.13394005337955334,0.06716891357303503,0.2678801067591067,0.035413935374219996
40.7,0.11909703041632841,0.0672574172146778,0.23819406083265682,0.02270106679658923
40.7,0.10386625131847256,0.06731460677935523,0.20773250263694512,0.022624118838499907
40.8,0.11449121170505668,0.06739273098235624,0.22898242341011335,0.025197915716606012
40.8,0.10309103680907958,0.06744804296748685,0.20618207361815916,0.02626535960136689
40.9,0.09442069775629473,0.06748764685260299,0.18884139551258947,0.05350750722294739
40.9,0.10467501674161724,0.06754560845662132,0.20935003348323447,0.056373152353983436
41.0,0.11480056605849606,0.06762344487799048,0.22960113211699212,0.05945153853223406
41.0,0.10484453062418937,0.06768130383644765,0.20968906124837874,0.06482008887154178
41.1,0.11470582215181753,0.06775843489134195,0.22941164430363506,0.06769772254617701
41.1,0.12443129850444708,0.06785614222238465,0.24886259700889415,0.07082128460106984
41.2,0.11333961346480594,0.0679298896184731,0.22667922692961187,0.07231652555594703
41.2,0.09874261663528086,0.06797574912894698,0.19748523327056172,0.05926263449045566
41.3,0.10804906773066238,0.06803861146234355,0.21609813546132475,0.061911162395580366
41.3,0.09613769994349564,0.06807964191524608,0.19227539988699127,0.06119922574102697
41.4,0.10515494449640865,0.06813665633701928,0.2103098889928173,0.06411806094248584
41.4,0.1140248127865403,0.06821069866690631,0.2280496255730806,0.06740359245581606
41.5,0.10369658091286894,0.06826461759313543,0.2073931618257379,0.06986734124640347
41.5,0.09023460895545538,0.06829534002344513,0.18046921791091075,0.06735934438798362
41.6,0.0986546990547605,0.06833997909200328,0.197309398109521,0.070647508339861
41.6,0.10692203962480551,0.06839941600526886,0.21384407924961102,0.07432265787273849
41.7,0.07561928822914428,0.06840854014766609,0.16384407924961103,0.07456693381457535
41.7,0.08357954272473073,0.06842874489015188,0.16715908544946145,0.07754444263002291
41.8,0.09138459049531653,0.06846084078039473,0.18276918099063305,0.0810846644931087
41.8,0.08192961684345636,0.06847853428217358,0.16385923368691271,0.08543244486802681
41.9,0.08942335949791744,0.06850737876207166,0.17884671899583487,0.08923127610202906
41.9,0.09676077507351587,0.06854803429194058,0.19352155014703173,0.093443823611993
42.0,0.08776889234759237,0.06857415043832978,0.17553778469518475,0.10130415568518147
42.0,0.09479450710121834,0.0686113227802671,0.18958901420243668,0.1056531956071356
42.1,0.08352504287362786,0.06863098058564483,0.16705008574725572,0.10289266341919445
42.1,0.0902404317352146,0.06866067899892377,0.1804808634704292,0.10724168767078224
42.2,0.0780833832007796,0.06867262252768486,0.1561667664015592,0.10400041611273281
42.2,0.0664127009594642,0.06866998890359126,0.1328254019189284,0.0964283028620887
42.3,0.07266906615125725,0.06867485917197559,0.1453381323025145,0.10016692344805689
42.3,0.06515608161374818,0.06867080629871031,0.13031216322749636,0.09368836193499996
42.4,0.07111188204680662,0.06867373948615256,0.14222376409361323,0.09777855317356776
42.4,0.0649306047426397,0.06866944557480524,0.1298612094852794,0.09049292837021429
42.5,0.07059228804936733,0.06867174207779576,0.14118457609873467,0.09459780126926276
42.5,0.07610930382869553,0.06868096537374135,0.15221860765739106,0.09924305440523673
42.6,0.06949353628736961,0.068681925857877,0.13898707257473922,0.10888889314797456
42.6,0.060384076668597096,0.06867277431589063,0.12076815333719419,0.11343358655991942
42.7,0.06548170976105334,0.06866912014613641,0.1309634195221067,0.11730029306152948
42.7,0.0704437024436967,0.06867122492901566,0.1408874048873934,0.12177889968805289
42.8,0.05014852025550994,0.06865248010393882,0.10029704051101988,0.1271152920879013
42.8,0.05484854694091458,0.06863797371518733,0.10969709388182916,0.1299036954966617
42.9,0.05942097098254481,0.0686279401308107,0.11884194196508963,0.13359880618048603
42.9,0.05351506101946,0.06861226370133879,0.10703012203892,0.13508595239079124
43.0,0.05784135934728835,0.0686007080318412,0.1156827186945767,0.13875605032984817
43.0,0.05165333828953275,0.06858343376431938,0.1033066765790655,0.1282656360129799
43.1,0.055745163866916324,0.06856991714873764,0.11149032773383265,0.13212445087709576
43.1,0.05027692625091997,0.0685515238453163,0.10055385250183994,0.11179724840964411
43.2,0.054146310251358964,0.06853658400275571,0.10829262050271793,0.11570254606340402
43.2,0.04833217303701274,0.06851664324719711,0.09666434607402548,0.10883936551877538
43.3,0.05199109810787249,0.06849984044108402,0.10398219621574498,0.1132779277449805
43.3,0.04599709738164023,0.06847812039489551,0.09199419476328045,0.10990114707258411
43.4,0.049457691307152885,0.06845922634733556,0.09891538261430577,0.11480012871306355
43.4,0.04413157681352654,0.06843617509722065,0.08826315362705307,0.1083731622970121
43.5,0.04740576308316612,0.06841568976082181,0.09481152616633225,0.11371621216094319
43.5,0.042795131396424047,0.068391750724293,0.08559026279284809,0.11780355888238647
43.6,0.04589461117234849,0.06837016640409,0.09178922234469698,0.12341701301204289
43.6,0.0402701915564747,0.06834455901268854,0.0805403831129494,0.12166239616850125
43.7,0.04320632213737114,0.06832105541647294,0.08641264427474228,0.12754731896173022
43.7,0.038090633892440905,0.06829411382890274,0.07618126778488181,0.13823788955858607
43.8,0.04087433337855553,0.06826906315338867,0.08174866675711107,0.14420258385689655
43.8,0.0435853668958757,0.06824597555388968,0.0871707337917514,0.1505184472392056
43.9,0.03899821986661519,0.06821976699715723,0.07799643973323038,0.14613467531343716
43.9,0.03371029788805779,0.06819039730929456,0.06742059577611557,0.14645920642536225
44.0,0.03621992064695825,0.06816254641555727,0.0724398412939165,0.15192059589274856
44.0,0.031660748748603196,0.06813216664612669,0.06332149749720639,0.15279587984432252
44.1,0.03404747756707414,0.0681031492718619,0.06809495513414827,0.1581426520526077
44.1,0.03637573909552531,0.06807555077702893,0.07275147819105061,0.1639701851259323
44.2,0.02581199510408741,0.06804253682798211,0.05162399020817482,0.15395963834783985
44.2,0.028030862223528717,0.06801057518181153,0.05606172444705743,0.15810745260997638
44.3,0.030197476436025734,0.06797971928461136,0.06039495287205147,0.16301857672148976
44.3,0.026625329244749505,0.06794723325541502,0.05325065848949901,0.1453065100782145
44.4,0.023301174680399616,0.06791342746626909,0.04660234936079923,0.14000607163773182
44.4,0.02532308054309649,0.06788049654556508,0.05064616108619298,0.1444479276517301
44.5,0.027300004690648708,0.06784848615750458,0.054600009381297415,0.14962531025993675
44.5,0.02923357360606203,0.0678174381844445,0.05846714721212406,0.15535696625672202
44.6,0.026053803044388188,0.06778499035265773,0.052107606088776376,0.14101484258842545
44.6,0.023195948341617516,0.06775143531950045,0.04639189668323503,0.1495480491324157
44.7,0.025009761863370006,0.06771866180876616,0.05001952372674001,0.15485530643910742
44.7,0.021921857425824,0.06768474832404173,0.043843714851648,0.15177838434546365
44.8,0.019702420728400054,0.06765013078367625,0.03940484145680011,0.15260677103547013
44.8,0.021409319387806103,0.06761615199514569,0.042818638775612206,0.15715183814447498
44.9,0.023082950490116175,0.06758284610916056,0.04616590098023235,0.16244668568244736
44.9,0.024724514877797796,0.0675502449122935,0.04944902975559559,0.16831190979357613
45.0,0.022467617488710942,0.06751682319585581,0.044935234977421884,0.15869087854419386
45.0,0.01942255716353498,0.06748240912618733,0.03884511432706996,0.14568281340105527
45.1,0.02097579398280861,0.06744857021494137,0.04195158796561722,0.15044831068269768
45.1,0.018414908941438525,0.06741395994681605,0.03682981788287705,0.1410971272071735
45.2,0.019914378846050625,0.06737988092035872,0.03982875769210125,0.1461218865057683
45.2,0.021388282990927893,0.06734636006340008,0.04277656598185579,0.15181380478917775
45.3,0.01934063987576462,0.06731221213374522,0.03868127975152924,0.1426149517006046
45.3,0.017093177781701965,0.06727745062358807,0.03418635556340393,0.1398619741952989
45.4,0.018496598211157986,0.06724315733080236,0.03699319642231597,0.14526999849644717
45.4,0.016588215860154874,0.06720837354900916,0.03317643172030975,0.13671656965154844
45.5,0.017948731419063786,0.06717403310998205,0.03589746283812757,0.1428682833856687
45.5,0.0161746397248139,0.06713925521232213,0.0323492794496278,0.13909085055127335
45.6,0.017495512711886946,0.06710489945229997,0.03499102542377389,0.1451567105806295
45.6,0.015578165474378083,0.06707008313781997,0.031156330948756167,0.1544157805205093
45.7,0.016862344347384744,0.06703566540378395,0.03372468869476949,0.1603308923020874
45.7,0.015018314902400094,0.06700082536451876,0.030036629804800187,0.15851063245129193
45.8,0.016268513653110026,0.06696636259035967,0.03253702730622005,0.16440101689829678
45.8,0.014485275407305164,0.06693151012576709,0.02897055081461033,0.15781207372699413
45.9,0.015704053492379796,0.06689701547448347,0.03140810698475959,0.16362530164932435
45.9,0.01406166507814655,0.06686218000368938,0.0281233301562931,0.1507158022185644
46.0,0.0152513972431661,0.06682768617371235,0.0305027944863322,0.15654574463927196
46.0,0.01358566722716546,0.06679285872805212,0.02717133445433092,0.13985292875959576
46.1,0.014748566634533345,0.06675835675519358,0.02949713326906669,0.14598701346782628
46.1,0.015898694196589368,0.06672419832147404,0.031797388393178735,0.152790812124997
46.2,0.014281488877981157,0.0666897000085998,0.028562977755962313,0.1383622323753331
46.2,0.015407885432159556,0.06665553006105342,0.030815770864319112,0.1455427465644621
46.3,0.013438529168723908,0.06662095559871489,0.026877058337447815,0.1322805203482504
46.3,0.012007997898803685,0.06658614272792354,0.02401599579760737,0.14531963266199674
46.4,0.013102658818054743,0.06655160959105197,0.026205317636109487,0.15185170326308217
46.4,0.01176409456760365,0.06651686339142376,0.0235281891352073,0.1671056526490791
46.5,0.01283978674891233,0.06648238815357552,0.02567957349782466,0.1727918912525861
46.5,0.011681020276392185,0.06644773932803946,0.02336204055278437,0.18842357434720425
46.6,0.012739460747373225,0.06641335593664643,0.02547892149474645,0.19264938851187097
46.6,0.011442142977867416,0.06637877503127829,0.022884285955734832,0.2023710558530012
46.7,0.012484923697717776,0.06634445183008843,0.024969847395435552,0.20491927547907496
46.7,0.012004728685422648,0.0663100894781706,0.024009457370845297,0.21086681078051273
46.8,0.013033289515811008,0.06627599066359924,0.026066579031622017,0.21364209301884424
46.8,0.014055203675885732,0.06624217044681976,0.028110407351771463,0.21777394040337272
46.9,0.01326200791572224,0.06620823056141716,0.02652401583144448,0.21547575341586045
46.9,0.011543790574967993,0.06617400236228638,0.023087581149935987,0.19307666239362264
47.0,0.01254836906419628,0.0661400242596511,0.02509673812839256,0.19535573884576474
47.0,0.013547732963124722,0.06610631088731543,0.027095465926249444,0.1991463411715575
47.1,0.01237026799538154,0.06607240660255859,0.02474053599076308,0.1926972473954831
47.1,0.01072790588127661,0.06603825204212033,0.02145581176255322,0.1759089534638476
47.2,0.01171402250402288,0.0660043300790499,0.02342804500804576,0.17871709964360874
47.2,0.012696062280491955,0.0659706550598326,0.02539212456098391,0.18309455935209762
47.3,0.011414589358878182,0.06593678623735319,0.022829178717756363,0.15802050438859094
47.3,0.009932484133993214,0.0659027179266201,0.01986496826798643,0.1355132948013442
47.4,0.010903047696027604,0.06586886609573268,0.02180609539205521,0.14044911007617022
47.4,0.00989044150669509,0.06583489964732604,0.01978088301339018,0.1260771620873351
47.5,0.010853573412638848,0.06580114727851724,0.021707146825277697,0.1329402911345974
47.5,0.009889103015663104,0.06576728860064054,0.01977820603132621,0.13028809271549857
47.6,0.010845143198498167,0.06573364229411148,0.021690286396996335,0.13824675251585553
47.6,0.011797603391307409,0.06570022189858925,0.023595206782614817,0.14713286057369993
47.7,0.010771478509841214,0.0656666696534126,0.021542957019682427,0.1381597645458097
47.7,0.009437190558266376,0.0656329553291532,0.01887438111653275,0.13083248643237377
47.8,0.010380027301424283,0.06559944346147223,0.020760054602848566,0.14060961718579487
47.8,0.009336571994414412,0.06556582051569607,0.018673143988828824,0.13215242180004427
47.9,0.010273267860836767,0.06553239708546892,0.020546535721673535,0.14289637600260807
47.9,0.00931993939481064,0.06549887759101342,0.01863987878962128,0.13597891730036027
48.0,0.010250834708539703,0.06546555598618169,0.020501669417079406,0.14747311207600378
48.0,0.009299092250863538,0.06543213877952743,0.018598184501727077,0.14094919774138326
48.1,0.010224540011229112,0.06539891784126697,0.020449080022458224,0.153049691139433
48.1,0.009272082971331388,0.06536560148247843,0.018544165942662776,0.14619742566724359
48.2,0.010192441585274157,0.06533247974885317,0.020384883170548315,0.15879404487976556
48.2,0.009244270128565591,0.06529926360038561,0.018488540257131182,0.15165253897274633
48.3,0.010159906285788637,0.06526624049124019,0.020319812571577275,0.16462894846637657
48.3,0.00920897704256029,0.06523312294482009,0.01841795408512058,0.15733364693506147
48.4,0.010120267364278561,0.06520019681480833,0.020240534728557122,0.17056608317014052
48.4,0.011029283157496461,0.065167474512527,0.022058566314992922,0.18410362370815656
48.5,0.010079672130917074,0.06513464456202298,0.020159344261834147,0.17622479551331519
48.5,0.010984900182930864,0.06510201677608501,0.021969800365861727,0.18991613209067504
48.6,0.00976012679910339,0.06506923881606691,0.01952025359820678,0.18180402230148918
48.6,0.00848456460344035,0.06503632776053717,0.0169691292068807,0.173228423526953
48.7,0.009385288841293592,0.0650035949849597,0.018770577682587185,0.18620345691560788
48.7,0.008489891960616395,0.06497078652068998,0.01697978392123279,0.17435880922498592
48.8,0.009387774974817843,0.06493815559522574,0.018775549949635685,0.18739562483449745
48.8,0.010284135970356241,0.06490571435870333,0.020568271940712483,0.2008794294775238
48.9,0.009469493314952742,0.06487319641157166,0.018938986629905483,0.18913904286245825
48.9,0.010363579428501312,0.06484086851986881,0.020727158857002624,0.2025993218262759
49.0,0.009276829172256676,0.06480842239068565,0.018553658344513353,0.18980833510683656
49.0,0.008121467163601365,0.06477586794864473,0.01624293432720273,0.17724673687294495
49.1,0.009013287784534859,0.06474348385607273,0.018026575569069718,0.18968469891464576
49.1,0.009904171393007526,0.06471128216790784,0.01980834278601505,0.20273662224495298
49.2,0.009365971678848098,0.06467904845289969,0.018731943357696196,0.19831957736541167
49.2,0.008353500705335599,0.0646467232167262,0.016707001410671198,0.18611835268150534
49.3,0.009243070263636903,0.06461457046668545,0.018486140527273806,0.19869926183189612
49.3,0.010132083585393616,0.06458260222462851,0.02026416717078723,0.2118698668318979
49.4,0.009288788449756011,0.06455055444834415,0.018577576899512022,0.19621598315758249
49.4,0.00894176980664981,0.06451850605276468,0.01788353961329962,0.19248611341744892
49.5,0.009830451340587035,0.06448663737530858,0.01966090268117407,0.2061065030185683
49.5,0.009149508474573345,0.06445471609861987,0.01829901694914669,0.19684840911194273
49.6,0.010038325786388292,0.06442297704081955,0.020076651572776584,0.21102325878943784
49.6,0.009096326306672866,0.06439114528368461,0.018192652613345732,0.21383066510159576
49.7,0.009985881192278044,0.06435949474621538,0.01997176238455609,0.22759569661686246
49.7,0.009264843535513566,0.0643277838262592,0.01852968707102713,0.2103878586620911
49.8,0.010155293293517824,0.06429625620639678,0.020310586587035648,0.22484641380560744
49.8,0.0110461280409575,0.06426492401088654,0.022092256081915,0.23954239955352108
49.9,0.010083975414531952,0.06423348070112367,0.020167950829063905,0.2408953010263266
49.9,0.008847742774089312,0.0642019024169283,0.017695485548178624,0.24887401037181567
50.0,0.009741858557185231,0.06417050149777155,0.019483717114370462,0.261165256016802
50.0,0.008913102247659314,0.06413902753086224,0.017826204495318628,0.2694012305077047
50.1,0.009809497879516474,0.06410773180807271,0.019618995759032948,0.2809661145315685
50.1,0.008920715497230336,0.0640763536713716,0.017841430994460672,0.27526771621649043
50.2,0.009819837098105934,0.06404515393059017,0.01963967419621187,0.285532213528799
50.2,0.008927533998626006,0.06401387103855617,0.017855067997252012,0.27668964550543906
50.3,0.009829717943924324,0.06398276673637142,0.019659435887848648,0.2858276450895967
50.3,0.010733286407490984,0.06395185358853775,0.021466572814981967,0.29603959095413845
50.4,0.009845347287349586,0.06392084499413385,0.019690694574699172,0.283910491970627
50.4,0.008677136168207231,0.06388971492380567,0.017354272336414463,0.27869180301710283
50.5,0.009586540330854612,0.06385876031341461,0.019173080661709224,0.2851720865660363
50.5,0.008684262942132205,0.0638277241712337,0.01736852588426441,0.27101998638717273
50.6,0.009597734248947854,0.06379686383300047,0.019195468497895708,0.2768864217506639
50.6,0.010513183858293314,0.06376619224064567,0.021026367716586628,0.2843593342299573
50.7,0.009715415765130995,0.06373544151322255,0.01943083153026199,0.2800272991601749
50.7,0.008675780367156313,0.0637045886417741,0.017351560734312627,0.2637551221333654
50.8,0.00959840579866485,0.06367391209735004,0.0191968115973297,0.2686558329096367
50.8,0.008719544357105312,0.06364315671086401,0.017439088714210623,0.2534711393989397
50.9,0.009647238021598531,0.06361257866853372,0.019294476043197062,0.25816349218226264
50.9,0.008824264910348344,0.06358192860940735,0.017648529820696687,0.24352092542303616
51.0,0.009757346953740809,0.06355145783587939,0.019514693907481617,0.24817561554123513
51.0,0.008920788203239141,0.06352091165317882,0.017841576406478283,0.23427559967514222
51.1,0.009859575395915901,0.06349054664317301,0.019719150791831803,0.23901556098303578
51.1,0.010801196727556145,0.06346037655142485,0.02160239345511229,0.2454101154770889
51.2,0.009954994731417742,0.06343011579701925,0.019909989462835485,0.23097149487036717
51.2,0.008824513219214987,0.06339973623998886,0.017649026438429975,0.22357645614649524
51.3,0.009775681042756449,0.06336953762723822,0.019551362085512898,0.2279278727862546
51.3,0.01073000096912698,0.06333953408771137,0.02146000193825396,0.23396582108452035
51.4,0.009786887928440454,0.0633094259989366,0.019573775856880908,0.2284591114736867
51.4,0.008685682054144477,0.06327920584788793,0.017371364108288954,0.22345699000984803
51.5,0.0096504410814784,0.0632491659390199,0.0193008821629568,0.22698885230095112
51.5,0.01061866157956764,0.06321932082024984,0.02123732315913528,0.23232153903349317
51.6,0.009772105610743665,0.06318938706003747,0.01954421122148733,0.21718075721400343
51.6,0.010747654830039456,0.06315965072347177,0.021495309660078912,0.22272082215735045
51.7,0.00790564682524387,0.06312955153465853,0.01581129365048774,0.21600536053131503
51.7,0.008888990442221164,0.06309962280950837,0.017777980884442327,0.217115431524467
51.8,0.009876186841932269,0.06306987965070365,0.019752373683864538,0.22056753627385772
51.8,0.009140483023986087,0.06304007280838009,0.018280966047972174,0.2078844362473391
51.9,0.010279325576995266,0.063010478627486,0.020558651153990533,0.21249010992811845
51.9,0.009592161750481219,0.0629808231652016,0.019184323500962438,0.2004907993073788
52.0,0.01074181032528417,0.06295138956272331,0.02148362065056834,0.20581531693290867
52.0,0.00998318918596099,0.0629218787038837,0.01996637837192198,0.19569373986072947
52.1,0.011144004101702581,0.06289259802931324,0.022288008203405162,0.20155115325779477
52.1,0.012310381393608948,0.06286356877405502,0.024620762787217896,0.20891221547757777
52.2,0.01148777230040719,0.06283443245435719,0.02297554460081438,0.19898558439451408
52.2,0.010305519340237513,0.0628051419986102,0.020611038680475025,0.19483263045353372
52.3,0.011489757486443998,0.062776090699708,0.022979514972887995,0.20071959224244829
52.3,0.012829528476111742,0.06274732974975714,0.025659056952223484,0.20897218479598223
52.4,0.012034215311734013,0.06271846002056154,0.024068430623468026,0.19941874954208888
52.4,0.010935564577042327,0.06268944007225907,0.021871129154084654,0.19568584280241685
52.5,0.012299161280724693,0.06266070305477338,0.024598322561449386,0.20263150322979184
52.5,0.013670640656944597,0.06263227842234662,0.027341281313889194,0.21102947917803144
52.6,0.012778646791634462,0.06260371572711917,0.025557293583268925,0.20921278783652397
52.6,0.014166635048447354,0.06257547839941664,0.028333270096894708,0.21721272814009795
52.7,0.012949133563310376,0.06254703136663063,0.02589826712662075,0.21282845437203646
52.7,0.011757274893767532,0.06251840196895513,0.023514549787535064,0.20913800618838607
52.8,0.013330080295280038,0.06249011301793618,0.026660160590560075,0.2152976218827125
52.8,0.012523843718170821,0.06246170686022454,0.025047687436341642,0.20943152318761715
52.9,0.014118097966314695,0.06243366337439295,0.02823619593262939,0.21646590988068137
52.9,0.013233688661406576,0.062405477145264655,0.02646737732281315,0.20721991535919754
53.0,0.014849906364948498,0.0623776750044194,0.029699812729896996,0.21418541585367118
53.0,0.01401088553606129,0.062349729764956854,0.02802177107212258,0.21745862836699725
53.1,0.015815699079577885,0.06232223175844823,0.03163139815915577,0.2240600018593164
53.1,0.017633987305861572,0.06229523310437072,0.035267974611723145,0.23231584032960573
53.2,0.016680838831111783,0.06226802650807608,0.03336167766222357,0.22052909967948775
53.2,0.015429818209450101,0.062240555896438225,0.030859636418900202,0.23346692462859986
53.3,0.01729038662104084,0.06221358418499818,0.03458077324208168,0.23952601680988472
53.3,0.01635258227554727,0.0621864134413852,0.03270516455109454,0.23423817418259585
53.4,0.018415903832939257,0.06215982260072632,0.03683180766587851,0.24103039901669066
53.4,0.017215488017189487,0.06213294792260636,0.034430976034378974,0.22471316865470925
53.5,0.01931328583004025,0.06210668903264189,0.0386265716600805,0.2314991701125071
53.5,0.021428189282059543,0.06208111671793742,0.042856378564119085,0.2396982201172304
53.6,0.02073341679446404,0.062055361274869686,0.04146683358892808,0.23494360534372394
53.6,0.019210364523056897,0.062029185771169185,0.038420729046113794,0.2326501516077064
53.7,0.021563390783309568,0.06200376908207723,0.043126781566619136,0.24077420572108998
53.7,0.02039541458232765,0.06197802121458502,0.0407908291646553,0.2519784520424473
53.8,0.022976073077600037,0.0619531508819862,0.045952146155200074,0.25945705980425826
53.8,0.021652109675355368,0.06192787345804995,0.043304219350710736,0.24105806206079944
53.9,0.02428206636970972,0.06190353867798071,0.04856413273941944,0.24802370120801953
53.9,0.023633175390887506,0.06187900645076041,0.04726635078177501,0.26047232300524126
54.0,0.02650549101384718,0.061855588885872684,0.05301098202769436,0.26763717181171254
54.0,0.024992198979878897,0.061831622338299426,0.049984397959757794,0.27513804475958636
54.1,0.027922375545018193,0.061808851155381136,0.055844751090036386,0.2797228172439148
54.1,0.030881084136765578,0.06178741491923404,0.061762168273531155,0.28603691920726915
54.2,0.02914898584527627,0.06176523364495144,0.05829797169055254,0.2663614295548222
54.2,0.027012254021587117,0.06174218886552032,0.054024508043174234,0.26812257713966486
54.3,0.03026729193831865,0.06172057008558278,0.0605345838766373,0.2703852775468536
54.3,0.028296479619985323,0.061698122294749,0.056592959239970646,0.24381054343538988
54.4,0.03182696359452348,0.06167729072384375,0.06365392718904696,0.24615961189066793
54.4,0.035394734952096406,0.061658277995148496,0.07078946990419281,0.2507269476096381
54.5,0.033737413737015075,0.06163844089346579,0.06747482747403015,0.228049116008735
54.5,0.037380332846696965,0.061620562465870596,0.07476066569339393,0.23282973393724538
54.6,0.03491062878277913,0.06160138339066439,0.06982125756555826,0.22269725265004525
54.6,0.03885145926275959,0.06158439473655482,0.07770291852551918,0.2268244979500995
54.7,0.035610973403806444,0.06156563960864531,0.07122194680761289,0.2106510379565132
54.7,0.03220766470867906,0.06154519909982058,0.06441532941735811,0.2042001082198172
54.8,0.029972239550444667,0.061523757533282375,0.059944479100889334,0.19985041670580084
54.8,0.034313915082498384,0.06150441794839126,0.06862783016499677,0.19968246985875004
54.9,0.03870212700412443,0.061487482705475494,0.07740425400824887,0.20225329448764606
54.9,0.04313656060581002,0.061473262018840846,0.08627312121162004,0.2067110192467076
55.0,0.04163700372427314,0.0614581228792217,0.08327400744854628,0.192933690009766
55.0,0.03813808306579542,0.06144094257632033,0.07627616613159084,0.18158786345501765
55.1,0.03511623862885545,0.0614221520343824,0.0702324772577109,0.17003489323829135
55.1,0.03998797158433225,0.06140609340954975,0.0799759431686645,0.1713291169132729
55.2,0.045157808255486424,0.061393310024341737,0.09031561651097285,0.17493733407764345
55.2,0.050382737021936956,0.06138423034177929,0.10076547404387391,0.1801312535059154
55.3,0.04816155412386002,0.061373552002361165,0.09632310824772004,0.16256210474494284
55.3,0.044421852294208086,0.061360340250180084,0.08884370458841617,0.13453402278566995
55.4,0.05006977694587651,0.06135107865917174,0.10013955389175302,0.13952249687195328
55.4,0.05577663390879544,0.061346275949680736,0.11155326781759088,0.14569108179947185
55.5,0.05239081304886094,0.06133878965527533,0.10478162609772187,0.12692226996622247
55.5,0.04754360524642819,0.06132775811758143,0.09508721049285639,0.11804088199773144
55.6,0.05369533740972687,0.06132131540107965,0.10739067481945375,0.124034483643497
55.6,0.05035318670065597,0.06131233342022395,0.10070637340131194,0.11592348898648908
55.7,0.056629842618858596,0.061308286847068086,0.11325968523771719,0.12253761086282466
55.7,0.053238381787568026,0.061301519156520747,0.10647676357513605,0.11758821921924012
55.8,0.05963751641133736,0.06130004701468787,0.11927503282267472,0.12470670396461836
55.8,0.06609653388582455,0.06130451292724229,0.1321930677716491,0.13226939590980535
55.9,0.06282706486607255,0.06130589291072789,0.1256541297321451,0.13538194134531478
55.9,0.05741807634226119,0.06130252560863862,0.11483615268452238,0.12684388300971805
56.0,0.06435041261357725,0.061305317015703895,0.1287008252271545,0.13354556588303068
56.0,0.05992624336957475,0.06130409953718912,0.1198524867391495,0.10835543240377454
56.1,0.06698293013814473,0.06130939980438635,0.13396586027628946,0.1152400053019611
56.1,0.06224120885198595,0.06131023659910654,0.1244824177039719,0.11214185108998787
56.2,0.06971972039521082,0.061318238052024264,0.13943944079042164,0.11894563777516054
56.2,0.06512366282319941,0.06132172861776649,0.13024732564639882,0.09855548189936594
56.3,0.07272949953251172,0.06133281105905499,0.14545899906502344,0.10526796635161384
56.3,0.0673901040546586,0.0613384559194592,0.1347802081093172,0.10196008726871408
56.4,0.07511913601372829,0.06135205574885676,0.15023827202745657,0.10848288953323992
56.4,0.06947414781316269,0.06135973231970968,0.13894829562632538,0.10670706009547182
56.5,0.07732212505048215,0.0613757077923256,0.1546442501009643,0.11283703313327753
56.5,0.07188104728100649,0.06138579936076785,0.14376209456201297,0.10572124928825066
56.6,0.08016577054067135,0.061404941099693584,0.1603315410813427,0.11165507275462705
56.6,0.08850987681058917,0.06143416309560024,0.17701975362117833,0.11789144215236247
56.7,0.08270552325090694,0.0614561837972859,0.16541104650181387,0.10678902349053687
56.7,0.07426859566290828,0.06146865870439737,0.14853719132581655,0.0884119881968608
56.8,0.06753809685988267,0.06147426997906628,0.13507619371976534,0.08413122758664593
56.8,0.0761091857325864,0.06148868461967545,0.1522183714651728,0.0892921149724979
56.9,0.08473297369476393,0.06151298742975429,0.16946594738952786,0.09479933636142346
56.9,0.07880227933647806,0.061530312775095075,0.1576045586729561,0.08336724885262137
57.0,0.08752770490128899,0.06155795320212913,0.17505540980257797,0.08927152307878505
57.0,0.0963015297221903,0.06159701825348432,0.1926030594443806,0.09529899317737223
57.1,0.09034179619954485,0.06162808121578646,0.1806835923990897,0.083868982639979
57.1,0.09955271287135693,0.06167149293465663,0.19910542574271387,0.09028664826217603
57.2,0.09019834978476772,0.061702215439163585,0.18039669956953544,0.0828506274657832
57.2,0.08004568780731931,0.061720630646460516,0.16009137561463863,0.07735068653893283
57.3,0.08939588945928605,0.061750213068770585,0.1787917789185721,0.08281142705841772
57.3,0.08198518706536458,0.06177075972108755,0.16397037413072915,0.0799019664664915
57.4,0.09141919636298601,0.06180280345393269,0.18283839272597202,0.08515176032299765
57.4,0.08453982861601113,0.06182624801353098,0.16907965723202226,0.08006374161664143
57.5,0.07733878829183669,0.061841440777342875,0.15467757658367337,0.06724930130359752
57.5,0.08688589942877675,0.06186762279431349,0.1737717988575535,0.07182175102324795
57.6,0.09646676839503235,0.06190607638830017,0.1929335367900647,0.07665373027777056
57.6,0.0890956900757692,0.06193485490306525,0.1781913801515384,0.07084213968782405
57.7,0.09873940591593443,0.061976246131072485,0.19747881183186886,0.07558341949570946
57.7,0.09114943781903939,0.06200746818974228,0.18229887563807878,0.07136018090930539
57.8,0.10084864314412097,0.06205161363206606,0.20169728628824193,0.07647461878478733
57.8,0.092350796473937,0.06208421456368297,0.184701592947874,0.07670360783567111
57.9,0.10209865150260108,0.06212992760744896,0.20419730300520217,0.08156063476653075
57.9,0.09371191289115205,0.06216412276392839,0.1874238257823041,0.07548516714684794
58.0,0.10350110438780505,0.06221162903770597,0.2070022087756101,0.08021102086421106
58.0,0.09455792238913535,0.06224675304804501,0.1891158447782707,0.07828542621066803
58.1,0.10438124315431212,0.0622953084377926,0.20876248630862423,0.08274429685413232
58.1,0.09572637964494592,0.06233178789644244,0.19145275928989183,0.07512950907292693
58.2,0.10557629727513586,0.06238184998000359,0.21115259455027172,0.07971045282924605
58.2,0.09639667529762434,0.06241902826797819,0.19279335059524869,0.07662233820583597
58.3,0.10626596000485815,0.062469863628271415,0.2125319200097163,0.08110021891473873
58.3,0.11614181492553059,0.06253563389048789,0.23228362985106119,0.08572352718187393
58.4,0.10681532353962156,0.06258698922093425,0.21363064707924312,0.08555255237394177
58.4,0.11669950748322297,0.06265331133825323,0.23339901496644594,0.09003891133831819
58.5,0.10446072474283277,0.06270098872900796,0.20892144948566554,0.09479245682792592
58.5,0.09130069032481368,0.06273100058030004,0.18260138064962736,0.09829795763807159
58.6,0.10118429831142448,0.06277388855529802,0.20236859662284895,0.10141244466622767
58.6,0.11106344316528549,0.0628309131743965,0.22212688633057098,0.10491523838686947
58.7,0.10171424398382674,0.06287430393374406,0.20342848796765348,0.10310927956160176
58.7,0.0902339716713569,0.06290267268609806,0.1804679433427138,0.101231631223057
58.8,0.10009002582310635,0.06294366335218576,0.2001800516462127,0.10329114017256891
58.8,0.10993429284963588,0.06299851281361679,0.21986858569927176,0.1059380367949394
58.9,0.10090105380942846,0.06304038880085172,0.20180210761885692,0.0996679257065185
58.9,0.11071671982039555,0.06309614064527731,0.2214334396407911,0.10215665256378093
59.0,0.09972651290484733,0.06313621547327461,0.19945302580969465,0.10166485238167902
59.0,0.08777240603689171,0.06316116206770604,0.17554481207378342,0.09874030125610611
59.1,0.0975317373020568,0.06319817267906444,0.1950634746041136,0.09977726637889539
59.1,0.10726839143114181,0.06324843699170386,0.21453678286228361,0.10162397904234854
59.2,0.0984953111261996,0.063286521893284,0.1969906222523992,0.09393037091972875
59.2,0.08774453618257702,0.06331116582424662,0.17548907236515404,0.089071023755531
59.3,0.09740294483565502,0.06334767061216195,0.19480588967131005,0.09013851453112443
59.3,0.10703148240840972,0.06339718392168468,0.21406296481681944,0.09203217594153967
59.4,0.09827645970223264,0.06343464046763048,0.1965529194044653,0.0793206065436014
59.4,0.08790235057411683,0.06345920346869668,0.17580470114823366,0.08503515677334315
59.5,0.09743119163050387,0.06349541281883463,0.19486238326100774,0.08679962188347967
59.5,0.08896166539671391,0.06352109935184612,0.17792333079342781,0.09722633327373353
59.6,0.09841517106353749,0.06355843368599794,0.19683034212707498,0.09934599723415594
59.6,0.09007949959465103,0.06358531918797791,0.18015899918930206,0.10331513229705003
59.7,0.09945083987026306,0.06362384947261945,0.1989016797405261,0.10541239454661477
59.7,0.09082006233724155,0.06365148900157462,0.1816401246744831,0.1067059125383365
59.8,0.08204702755910173,0.06366910474906837,0.16409405511820346,0.10928565114218203
59.8,0.0912825692334273,0.06369719343773385,0.1825651384668546,0.11041996758421257
59.9,0.10046925918008578,0.0637367686365466,0.20093851836017157,0.11251697921262882
59.9,0.09166242746683277,0.06376517911570904,0.18332485493366554,0.0992711563105022
60.0,0.10067441883061591,0.06380485929595207,0.20134883766123182,0.10149975193997496
60.0,0.0917640839316644,0.06383325720684015,0.1835281678633288,0.09947136724389294
60.1,0.1005804077278677,0.06387264916658171,0.2011608154557354,0.10194800213880995
60.1,0.09093281823689588,0.06389992479022924,0.18186563647379175,0.09694861347142969
60.2,0.09954370617096941,0.063937806283619,0.19908741234193883,0.0995851325989141
60.2,0.08992922728063095,0.06396377635835639,0.1798584545612619,0.09344464753922144
60.3,0.09832544950503475,0.06399994149368858,0.1966508990100695,0.09623160739098657
60.3,0.08874165026124575,0.06402441786785877,0.1774833005224915,0.09113484616450053
60.4,0.09691460981363485,0.0640586574743231,0.1938292196272697,0.09407949122311621
60.4,0.08750868299843616,0.06408161876834248,0.17501736599687231,0.09176348203772644
60.5,0.09545045873068884,0.06411390722671001,0.1909009174613777,0.09498063008722646
60.5,0.08595473388316603,0.06413502848958862,0.17190946776633206,0.09316253146485054
60.6,0.09365824422126018,0.06416501191229448,0.18731648844252036,0.09665604224412072
60.6,0.10123985667478466,0.0642044270789132,0.20247971334956932,0.1007164374131522
60.7,0.09192226549022571,0.06423220417309418,0.18384453098045142,0.10741223419499724
60.7,0.07995864007719736,0.06424674259739262,0.15991728015439471,0.10804870940411693
60.8,0.08716824308334957,0.06426896952314763,0.17433648616669914,0.11162826896449562
60.8,0.07817691541454502,0.06428164327424907,0.15635383082909005,0.12084678355129763
60.9,0.08513280689883136,0.06430155221273186,0.17026561379766272,0.12434313970377289
60.9,0.07651758162916092,0.06431253356732239,0.15303516325832184,0.1136805694019749
61.0,0.08321659166678495,0.06433031814047978,0.1664331833335699,0.11739032513695705
61.0,0.07499451867893149,0.06433978311333972,0.14998903735786298,0.11922937036042458
61.1,0.08143495139270295,0.06435564215230175,0.1628699027854059,0.12267568960397024
61.1,0.07316320929339402,0.06436334239454833,0.14632641858678805,0.13576143688791742
61.2,0.07934426176286388,0.06437701581112704,0.15868852352572776,0.13937100818092515
61.2,0.0707091324026052,0.0643824433027263,0.1414182648052104,0.12870952610614173
61.3,0.0766314934863877,0.06439339279506906,0.1532629869727754,0.13228369478742996
61.3,0.06823139989209773,0.06439661651902631,0.13646279978419545,0.12750842198243006
61.4,0.07389684510715913,0.06440492975413732,0.14779369021431826,0.13127979137313495
61.4,0.0665916163425543,0.06440674064721014,0.1331832326851086,0.15022976661300588
61.5,0.07200339947562466,0.06441328601431952,0.14400679895124932,0.15371416675669614
61.5,0.07728940654326458,0.06442479968387774,0.15457881308652915,0.15789802554400922
61.6,0.06897584558087522,0.06442862718317452,0.13795169116175043,0.15129362945016434
61.6,0.05977197851430165,0.064424983925531,0.1195439570286033,0.15293580938477994
61.7,0.06469040951879593,0.06442519963673433,0.12938081903759185,0.15586272487520736
61.7,0.06948878204536402,0.06442946414051555,0.13897756409072803,0.15961934202374842
61.8,0.06178472830684774,0.06442736657232014,0.12356945661369548,0.15272913017102185
61.8,0.05321462797905177,0.06441908365840589,0.10642925595810354,0.15443328710881032
61.9,0.05766517837920967,0.06441390976054943,0.11533035675841934,0.15686568695690317
61.9,0.06200324544128973,0.06441199894444148,0.12400649088257946,0.16024938881568482
62.0,0.05556841205300308,0.06440535091206287,0.11113682410600616,0.14791413734526881
62.0,0.048633709681502886,0.06439418820739373,0.09726741936300577,0.17389253241738992
62.1,0.05264859796130272,0.06438558619515519,0.10529719592260545,0.17544363563733145
62.1,0.047021512366748223,0.06437348954721717,0.09404302473349645,0.16898006233459473
62.2,0.05083200018388574,0.06436374045185743,0.10166400036777148,0.17107416980601942
62.2,0.046582692461808115,0.06435142017082707,0.09316538492361623,0.16706755361938133
62.3,0.05019836992353811,0.06434130155729405,0.10039673984707621,0.1692965618825839
62.3,0.045261054523453116,0.06432825758018113,0.09052210904690623,0.17811952871462977
62.4,0.04008251695340179,0.06431247653333419,0.08016503390680357,0.17309109455731567
62.4,0.043424500500868754,0.06429845586635573,0.08684900100173751,0.17349302924811583
62.5,0.0466800070716616,0.06428628127159614,0.0933600141433232,0.17522805748275647
62.5,0.0414134536735589,0.06427123647697408,0.0828269073471178,0.15802850509413102
62.6,0.044503475929224524,0.06425786354488505,0.08900695185844905,0.16022285331381236
62.6,0.03930693177914147,0.06424180180478332,0.07861386355828294,0.14361062852001094
62.7,0.03431163732829077,0.06422347680182494,0.06862327465658154,0.1316127009971442
62.7,0.03717158724510095,0.06420644538948304,0.0743431744902019,0.13358078230318005
62.8,0.039959328366360784,0.06419077117382582,0.07991865673272157,0.1366418584781406
62.8,0.0356495883610788,0.06417309673354785,0.0712991767221576,0.13210128390532017
62.9,0.03830003246988335,0.06415666076830043,0.0766000649397667,0.1354488433189971
62.9,0.034264053887866706,0.06413843190370247,0.06852810777573341,0.15393518709466703
63.0,0.03678608608789121,0.0641213366684953,0.07357217217578242,0.15696032198365484
63.0,0.032699652872489354,0.06410250626452968,0.06539930574497871,0.14994980107479686
63.1,0.028909786373592868,0.06408225548735239,0.057819572747185737,0.14114831366962477
63.1,0.031254782271192674,0.06406290296614485,0.06250956454238535,0.14404509668363885
63.2,0.0335445038945371,0.06404449240733055,0.0670890077890742,0.14787648074031257
63.2,0.029836701455066728,0.0640246537605417,0.059673402910133455,0.14817477659937617
63.3,0.0320218361119227,0.06400567506633936,0.0640436722238454,0.1523126787476643
63.3,0.028783235403150035,0.06398550525856252,0.05756647080630007,0.14679596154378505
63.4,0.030870926947047152,0.0639661292837348,0.061741853894094305,0.15114147349840823
63.4,0.03291221241867438,0.06394758087178289,0.06582442483734877,0.15612848041070126
63.5,0.02983251438246804,0.06392786535763421,0.05966502876493608,0.1617943131149786
63.5,0.031786235530086276,0.0639089164460624,0.06357247106017255,0.167042561643753
63.6,0.028172656086965845,0.0638886576482334,0.05634531217393169,0.16416849637344777
63.6,0.023838769989541327,0.06386703696975782,0.04767753997908265,0.16763627501384892
63.7,0.025672913318975428,0.06384600161904777,0.051345826637950856,0.17194687568791567
63.7,0.022449059663239374,0.0638240384108029,0.04489811932647875,0.1656595514897965
63.8,0.02421019910503147,0.06380260718545137,0.04842039821006294,0.16997492020663252
63.8,0.02148687697379994,0.06378043779818969,0.04297375394759988,0.16480513980898526
63.9,0.023180163905780503,0.06375875991251934,0.046360327811561006,0.16890281924936568
63.9,0.020954785301724458,0.06373650570963878,0.041909570603448916,0.16956277581127588
64.0,0.02258489561895976,0.0637147140266013,0.04516979123791952,0.1741363212937641
64.0,0.020162747752834477,0.06369231394025966,0.040325495505668954,0.15300900705327405
64.1,0.02173417944109303,0.06367034457522892,0.04346835888218606,0.1578242103197819
64.1,0.019610314667026695,0.06364786384582977,0.03922062933405339,0.14335891504880005
64.2,0.021127162902896412,0.06362578872007188,0.042254325805792824,0.14872541600206488
64.2,0.022618031336007715,0.06360413962748189,0.04523606267201543,0.1546779524370989
64.3,0.02016387044479062,0.06358187434434595,0.04032774088958124,0.1616877954022068
64.3,0.017622383234167562,0.06355904845626337,0.035244766468335124,0.14899184884079097
64.4,0.015286604861209016,0.06353577983695828,0.030573209722418032,0.14400586561856465
64.4,0.01668365748776626,0.06351281183789144,0.03336731497553252,0.14954816813213345
64.5,0.01805911468087715,0.06349016314610002,0.0361182293617543,0.15578015396224998
64.5,0.019413736593985372,0.06346785150555338,0.038827473187970744,0.16253686292705694
64.6,0.017635819225828485,0.06344516449784472,0.03527163845165697,0.1601730448018358
64.6,0.01520311706228273,0.06342201704735798,0.03040623412456546,0.1625877165538302
64.7,0.01650050220314706,0.06339914784977324,0.03300100440629412,0.16850400371351482
64.7,0.01456561003165123,0.06337593928261251,0.02913122006330246,0.16532096341755265
64.8,0.01582814618778036,0.06335299193960725,0.03165629237556072,0.17108884187804274
64.8,0.014142842581742669,0.06332976400802003,0.028285685163485338,0.16284768551192152
64.9,0.015373039869820276,0.06330678450283447,0.030746079739640553,0.16880752646118036
64.9,0.016587821009757742,0.06328406840987474,0.033175642019515485,0.17542480710296815
65.0,0.014953313931640606,0.06326106547310814,0.029906627863281212,0.16610852044858904
65.0,0.016139287124011643,0.0632383138514985,0.03227857424802329,0.17299401037893447
65.1,0.014100288590677156,0.06321521418169666,0.02820057718135431,0.17215860217517787
65.1,0.012047815430741517,0.06319181542267213,0.024095630861483034,0.17503995694969132
65.2,0.010614325105022226,0.06316824658844439,0.021228650210044452,0.1727709351926631
65.2,0.011749623649281598,0.06314485930071194,0.023499247298563196,0.17637700446229587
65.3,0.012873289944550377,0.06312166715184621,0.025746579889100753,0.18128874939422002
65.3,0.013985766677269128,0.0630986833107377,0.027971533354538256,0.18717811248500826
65.4,0.012755851691133224,0.06307552680597164,0.025511703382266448,0.17918919983963488
65.4,0.01114780566357638,0.06305216418710385,0.02229561132715276,0.17691447196955756
65.5,0.012229992517206993,0.06302898194289017,0.024459985034413986,0.18142935772767155
65.5,0.01330277012369794,0.06300599251131561,0.02660554024739588,0.18705093915357462
65.6,0.012022079435636327,0.0629828333818352,0.024044158871272654,0.17916354417031322
65.6,0.01307751869712527,0.06295986140798925,0.02615503739425054,0.18490074173278814
65.7,0.011558464683922026,0.06293668962501896,0.02311692936784405,0.18153187714249094
65.7,0.012598198059152214,0.06291369650704658,0.025196396118304428,0.187051739201737
65.8,0.011156398360976944,0.06289052290537073,0.02231279672195389,0.1875228234136893
65.8,0.010374854763066124,0.06286727430153391,0.020749709526132247,0.17969539561695136
65.9,0.011393975801241874,0.06284418644540386,0.022787951602483748,0.18318582764195335
65.9,0.012406794809603234,0.0628212707278584,0.024813589619206468,0.1880839180917525
66.0,0.011920637933621206,0.06279831002224302,0.023841275867242412,0.2026718177475373
66.0,0.012922167167442282,0.0627755258575921,0.025844334334884565,0.20676874911324888
66.1,0.011766123874398269,0.06275259578738976,0.023532247748796538,0.19858246635325627
66.1,0.012757648361500633,0.06272983865166595,0.025515296723001266,0.20333166282447224
66.2,0.011415857253070212,0.06270691219082512,0.022831714506140424,0.19412008386914337
66.2,0.012398745785133766,0.06268415301310605,0.024797491570267532,0.19918538592548185
66.3,0.01092923659670838,0.06266121349636769,0.02185847319341676,0.22278526071374494
66.3,0.00941265953950777,0.06263811448391783,0.01882531907901554,0.2197312575699525
66.4,0.010384435862309358,0.0626151575510668,0.020768871724618717,0.2209838088093924
66.4,0.009660903826154124,0.06259213954953598,0.01932180765230825,0.21124030215802359
66.5,0.010625455281237029,0.06256926539475359,0.021250910562474058,0.21373080087478513
66.5,0.011586419025317823,0.06254654558503536,0.023172838050635646,0.21803172862141318
66.6,0.010771207438412474,0.06252374217029741,0.02154241487682495,0.1845635076863228
66.6,0.009877453012330258,0.0625008538556299,0.019754906024660516,0.1767916539716634
66.7,0.01082833158913588,0.06247810971910398,0.02165666317827176,0.18206646218035116
66.7,0.009983255393656132,0.06245528587076092,0.019966510787312264,0.1933666569650656
66.8,0.010927823637815932,0.062432606381902844,0.021855647275631863,0.19834070578904495
66.8,0.009848703575074879,0.06240981817370401,0.019697407150149757,0.18192071132917398
66.9,0.010787172582258154,0.062387171836653245,0.02157434516451631,0.1881368143076127
66.9,0.01017436752355378,0.06236447417546088,0.02034873504710756,0.17455271367707811
67.0,0.011106996159709986,0.06234192105380413,0.02221399231941997,0.1821021942400256
67.0,0.010452609089962676,0.06231930897693274,0.020905218179925352,0.18177235168479733
67.1,0.011379732332119983,0.06229684358222663,0.022759464664239965,0.1902489272213781
67.1,0.010463668113166666,0.06227428386510794,0.020927336226333332,0.19686153169713105
67.2,0.011385730947654568,0.0622518700742297,0.022771461895309136,0.20531040833238973
67.2,0.012305164819490975,0.06222961180174468,0.02461032963898195,0.21468599320033088
67.3,0.011755460615013098,0.062207299641524945,0.023510921230026197,0.23724410477686186
67.3,0.012670485001359628,0.06218514615952721,0.025340970002719256,0.24549066591004431
67.4,0.011645402036422085,0.062162868853071186,0.02329080407284417,0.24567634270858074
67.4,0.010169414484129469,0.06214042443653816,0.020338828968258938,0.2443399372934752
67.5,0.011078553327547213,0.06211812046650116,0.022157106655094426,0.2514230067841897
67.5,0.009851138953111075,0.0620956883213671,0.01970227790622215,0.22276364348042804
67.6,0.010756631673419937,0.06207339255240608,0.021513263346839874,0.22991318358867874
67.6,0.011660211313377154,0.06205124249332783,0.02332042262675431,0.23832460723597243
67.7,0.01056355322997924,0.06202897208453825,0.02112710645995848,0.2094443002364088
67.7,0.011463981404584928,0.0620068447115191,0.022927962809169856,0.21827655964196935
67.8,0.010208052206831549,0.06198458008133822,0.020416104413663098,0.22039777658316806
67.8,0.01110589568796938,0.061962454187078235,0.02221179137593876,0.2281615603778605
67.9,0.010272425575559612,0.0619402470228368,0.020544851151119224,0.2388388877370154
67.9,0.008960803757604323,0.061917914609250106,0.017921607515208646,0.22064184340403054
68.0,0.009855488373382739,0.06189570708949401,0.019710976746765477,0.22616700190477962
68.0,0.010749048044098363,0.06187363367347777,0.021498096088196725,0.2333908288620729
68.1,0.009917390973851636,0.06185148274716412,0.019834781947703273,0.2400088949264934
68.1,0.01080951073949882,0.06182946621772664,0.02161902147899764,0.24509652227426526
68.2,0.00963194330579276,0.06180733130221926,0.01926388661158552,0.22106170167679168
68.2,0.008386597066979098,0.061785087798449885,0.016773194133958197,0.19190527458288298
68.3,0.009277113845770076,0.061762962182320254,0.01855422769154015,0.19600209274919517
68.3,0.010167116986414851,0.06174096364491619,0.020334233972829702,0.20217029414934382
68.4,0.009282604476348714,0.061718887515797724,0.018565208952697428,0.17177551817724435
68.4,0.008215677769592465,0.06169672518078631,0.01643135553918493,0.1481508743885144
68.5,0.009105121551673376,0.061674678508580695,0.018210243103346752,0.1555219963715872
68.5,0.008432361760414949,0.061652586311406986,0.016864723520829898,0.13563398578883562
68.6,0.00763075475148773,0.061630442244877605,0.01526150950297546,0.12578504324334708
68.6,0.008520423517117306,0.06160840751442642,0.017040847034234613,0.13542930145123488
68.7,0.009410193103366857,0.0615864913527849,0.018820386206733715,0.1462715934137701
68.7,0.008619000809865262,0.06156451499139854,0.017238001619730523,0.13847969082992115
68.8,0.00950952846697258,0.061542658154835096,0.01901905693394516,0.15056240196443033
68.8,0.008757877576240341,0.06152074423829874,0.017515755152480682,0.15355478178024345
68.9,0.00964968049275671,0.06149895128320547,0.01929936098551342,0.16570156512613593
68.9,0.008830148406068784,0.06147709286308437,0.017660296812137568,0.16692815384149698
69.0,0.009723651041176548,0.06145535619525227,0.019447302082353096,0.1789431735502388
69.0,0.008841457104639487,0.06143354676240815,0.017682914209278974,0.16951439898678883
69.1,0.00973698676902019,0.061411859273602855,0.01947397353804038,0.18193146489611828
69.1,0.008851688622130352,0.061390098541210796,0.017703377244260705,0.1706860721587025
69.2,0.009749635305692004,0.06136845997876039,0.01949927061138401,0.18344877988535419
69.2,0.008864867971313584,0.06134674808096833,0.017729735942627167,0.17275348981501762
69.3,0.009765633375285628,0.06132515865690024,0.019531266750571256,0.1856978125306856
69.3,0.00888119515910758,0.06130349575007435,0.01776239031821516,0.17418879390049377
69.4,0.009785160898088266,0.061281955698778666,0.019570321796176533,0.18727519135211906
69.4,0.008901137675984779,0.061260341989909886,0.017802275351969557,0.17556401600729538
69.5,0.009808687851214292,0.061238851602082756,0.019617375702428583,0.1887061792182124
69.5,0.010717919299055682,0.06121749427365672,0.021435838598111365,0.20224151281019465
69.6,0.009840291258566428,0.061196054237719476,0.019680582517132856,0.19391684870598092
69.6,0.008690155427088585,0.06117451236885315,0.01738031085417717,0.18378903048868567
69.7,0.007788659725803106,0.06115290666177827,0.015577319451606212,0.16897532029518428
69.7,0.00870717552749371,0.06113141323361643,0.01741435105498742,0.18042458144376566
69.8,0.009627867789056947,0.061110042087257316,0.019255735578113893,0.19256967560567928
69.8,0.008835380429770308,0.06108860831061023,0.017670760859540616,0.17721744152878743
69.9,0.009761095459538613,0.06106729860840454,0.019522190919077226,0.1893009692638818
69.9,0.008916676582666531,0.06104591956583549,0.017833353165333063,0.1753026918139285
70.0,0.009847774604611935,0.061024665937049895,0.01969554920922387,0.1872690879043001
70.0,0.009563297253376752,0.06100340295321694,0.019126594506753504,0.1906840373313065
70.1,0.01049998789599295,0.06098227290871553,0.0209999757919859,0.20279712082356094
70.1,0.010148229595850223,0.060961123207721686,0.020296459191700447,0.19776294293781194
70.2,0.011090937437184263,0.06094011342265609,0.022181874874368526,0.20944081193234948
70.2,0.012036547452999357,0.060919254182299376,0.024073094905998713,0.22154332774754998
70.3,0.010983900047596843,0.060898275898199634,0.021967800095193685,0.22056978355764378
70.3,0.009613792393469251,0.060877155386166955,0.019227584786938503,0.2259375458770579
70.4,0.010569875339833003,0.06085617026710976,0.021139750679666006,0.23594667408049375
70.4,0.009509780888578576,0.06083508347812444,0.019019561777157152,0.2319249998579742
70.5,0.010472973154953668,0.06081413163582931,0.020945946309907336,0.241082816683493
70.5,0.01143958177617093,0.06079332585591311,0.02287916355234186,0.25101375297938716
70.6,0.010742834423852876,0.06077245233923046,0.021485668847705752,0.2455553930495229
70.6,0.00951462978532545,0.060751456209771376,0.0190292595706509,0.24270639904501545
70.7,0.010492922199517037,0.06073059660217717,0.020985844399034073,0.2497240936380986
70.7,0.009493607552588986,0.060709643014117354,0.018987215105177972,0.23875660138184918
70.8,0.010479843051632232,0.06068882651680387,0.020959686103264465,0.2449997811711498
70.8,0.00955779475434536,0.06066792475946325,0.01911558950869072,0.23365202125103504
70.9,0.010552235770177784,0.06064716166922556,0.02110447154035557,0.23920307100249785
70.9,0.011694191001024699,0.06062656852268207,0.023388382002049398,0.24706747973553836
71.0,0.00867798597202637,0.06060564016904418,0.01735597194405274,0.2237887602315527
71.0,0.00983150682932453,0.06058485816809109,0.01966301365864906,0.22677301863363286
71.1,0.010990677180974235,0.060564238528532016,0.02198135436194847,0.23210778455284647
71.1,0.010099739644364062,0.06054353175453104,0.020199479288728124,0.21958914870734503
71.2,0.011270704796332043,0.06052299229297632,0.022541409592664086,0.22493088232408903
71.2,0.0104237966732114,0.0605023680924159,0.0208475933464228,0.2129870362593952
71.3,0.011606913345195402,0.06048191703205778,0.023213826690390803,0.21841320405153292
71.3,0.010708434866621137,0.0604613714775877,0.021416869733242274,0.20721199288374742
71.4,0.009777310197201038,0.06044073716951161,0.019554620394402075,0.19799023276238414
71.4,0.011130590765797206,0.060420288696459,0.022261181531594412,0.20240540646026633
71.5,0.010311703784525212,0.0603997602164378,0.020623407569050425,0.19438017048492562
71.5,0.011681463841219384,0.06037942793546376,0.023362927682438767,0.19947375693257252
71.6,0.013059475621661541,0.0603593145952209,0.026118951243323082,0.20650128016458708
71.6,0.012183491766057486,0.060339094698682115,0.024366983532114972,0.1957494641844565
71.7,0.013578624437509207,0.06031910416451032,0.027157248875018414,0.2031961469085577
71.7,0.014982270212732796,0.06029936671093728,0.02996454042546559,0.21183468775834752
71.8,0.01412021871806395,0.06027950530241426,0.0282404374361279,0.20445878151542596
71.8,0.015701641696153946,0.0602599375260263,0.03140328339230789,0.21413808315924276
71.9,0.014419636354868665,0.060240167597483726,0.02883927270973733,0.21086957971397113
71.9,0.012945394558731596,0.060220185754592696,0.025890789117463193,0.20975184675044278
72.0,0.014561199268352134,0.06020048159357135,0.02912239853670427,0.21685506182870795
72.0,0.013490403491434776,0.06018062505504709,0.026980806982869553,0.20782259022323102
72.1,0.015294400410341651,0.060161089031367285,0.030588800820683302,0.21561271637600893
72.1,0.015015408605622137,0.06014152501726872,0.030030817211244273,0.2268780001881766
72.2,0.016848040977867188,0.060122318306400045,0.033696081955734376,0.23495883294520686
72.2,0.015778551089308774,0.06010293104542179,0.03155710217861755,0.22622464712746776
72.3,0.01764051664929594,0.06008392272837103,0.03528103329859188,0.23384593503998163
72.3,0.016482518745463085,0.06006470722254642,0.03296503749092617,0.22107273538522293
72.4,0.018547461567772004,0.060045928401845895,0.03709492313554401,0.22887855253937445
72.4,0.01755465342251537,0.06002696347343142,0.03510930684503074,0.21595419777726382
72.5,0.016708224720466847,0.06000785197445752,0.03341644944093369,0.20478026424857632
72.5,0.01882783173669252,0.05998919372745973,0.03765566347338504,0.21053786440365796
72.6,0.02114491039654176,0.05997108759595652,0.04228982079308352,0.21863595835230665
72.6,0.020112579769871998,0.05995275631421472,0.040225159539743996,0.2074765492970203
72.7,0.022473251261192137,0.05993502186987116,0.044946502522384274,0.2162011166358666
72.7,0.02086532408232063,0.05991690664042973,0.04173064816464126,0.20851714004374167
72.8,0.023270392691958897,0.05989941982606046,0.046540785383917795,0.21696899313441764
72.8,0.021790856117081422,0.05988156960196589,0.043581712234162844,0.21155612209686753
72.9,0.02443252444681907,0.05986443854642632,0.04886504889363814,0.2201836384378199
72.9,0.023252118550607517,0.05984700356021459,0.04650423710121503,0.19760584480980103
73.0,0.025946213880883202,0.05983034660901943,0.051892427761766405,0.20727596866499487
73.0,0.02886204637447861,0.059814622847711836,0.05772409274895722,0.21847341301747636
73.1,0.027201154543740995,0.05979838358271389,0.05440230908748199,0.20878560756306508
73.1,0.02483688936877328,0.05978145829588425,0.04967377873754656,0.19860678935734383
73.2,0.02804777384200902,0.05976552239401389,0.05609554768401804,0.20897385839996002
73.2,0.031293452957729014,0.05975070493137671,0.06258690591545803,0.2201421968598044
73.3,0.029545825144124134,0.059735296549187855,0.05909165028824827,0.2035056514101048
73.3,0.03286274904094497,0.05972108742450237,0.06572549808188995,0.21391373874053665
73.4,0.03042738615372896,0.059706014427293445,0.06085477230745792,0.20501740187750744
73.4,0.02778439866230307,0.059690080267963075,0.05556879732460614,0.1912363361567584
73.5,0.031430115415005816,0.059675394869521545,0.06286023083001163,0.19939455844973697
73.5,0.0297523882839998,0.059660140629620426,0.0595047765679996,0.17426946215149586
73.6,0.03370275870566149,0.059646331746946835,0.06740551741132297,0.1827378290694941
73.6,0.03225411100540271,0.05963199417859462,0.06450822201080542,0.17178515464487754
73.7,0.036295915013989884,0.05961925013635981,0.07259183002797977,0.17995355411297942
73.7,0.03443546510590607,0.059605771787843195,0.06887093021181213,0.1685496294464589
73.8,0.038802792045063546,0.05959412810066716,0.07760558409012709,0.17702543773870694
73.8,0.04322059460183493,0.05958455808232328,0.08644118920366986,0.18629059247049476
73.9,0.041358119260984656,0.059574104370428455,0.08271623852196931,0.16924606911088047
73.9,0.03816559138968448,0.05956222102146633,0.07633118277936896,0.1558766965519226
74.0,0.042985041833013486,0.0595525716098669,0.08597008366602697,0.16391501712733758
74.0,0.04001625348859276,0.059541535548346625,0.08003250697718552,0.15822389261719058
74.1,0.04519677088828633,0.05953301583539935,0.09039354177657266,0.16632043502668215
74.1,0.04292887642361048,0.0595233735977353,0.08585775284722096,0.14585257074893665
74.2,0.04823303679076282,0.059516482054727884,0.09646607358152565,0.1536324031800942
74.2,0.05385550424222539,0.059512848687324024,0.10771100848445078,0.16243507056599338
74.3,0.051315759658130455,0.05950770868756616,0.10263151931626091,0.1627935337438805
74.3,0.0467886728751634,0.059500063669153495,0.0935773457503268,0.16233164043551074
74.4,0.052613369104307035,0.05949570025935873,0.10522673820861407,0.16894722871095716
74.4,0.04977827173068165,0.05948970274263718,0.0995565434613633,0.15870948679116115
74.5,0.05601145912216809,0.059487435029397885,0.11202291824433618,0.16529213077264704
74.5,0.052631465257241695,0.05948309870219372,0.10526293051448339,0.16428700485954917
74.6,0.05900824867088919,0.059482781494988736,0.11801649734177838,0.170102408807129
74.6,0.06573781718757413,0.059487194143876675,0.13147563437514825,0.1768827226871544
74.7,0.06210200592811099,0.05948898398966077,0.12420401185622199,0.1664004112702232
74.7,0.05654508616756473,0.059487062234178475,0.11309017233512945,0.1531633015575522
74.8,0.06350446205878776,0.059489840132785216,0.12700892411757553,0.15727673419444055
74.8,0.07053853287208078,0.059497910906575115,0.14107706574416157,0.16224476999187354
74.9,0.06657190167935333,0.05950291705605074,0.13314380335870665,0.14774702974333476
74.9,0.06082327097814562,0.059503808239679774,0.12164654195629124,0.13027680485472382
75.0,0.06838977346225511,0.05951017844929336,0.13677954692451022,0.13356217626030062
75.0,0.06349299571416395,0.059512922449754854,0.1269859914283279,0.11744137737351956
75.1,0.07121565907780941,0.05952148503234348,0.14243131815561882,0.12038916247835563
75.1,0.06677034702236344,0.059526604829214465,0.13354069404472688,0.1094468802968045
75.2,0.07496572809454198,0.05953820802839257,0.14993145618908396,0.11256024335927972
75.2,0.07061828429333725,0.05954626006291542,0.1412365685866745,0.10664374085290029
75.3,0.07897475620208891,0.059561273465251016,0.15794951240417782,0.10975682463435821
75.3,0.07339388213912516,0.05957152415197689,0.14678776427825033,0.10499499166661205
75.4,0.08190727026844721,0.05958912143889408,0.16381454053689443,0.10786129811605483
75.4,0.07616843804629031,0.0596016438136734,0.15233687609258062,0.09634236255721651
75.5,0.0851723986536603,0.05962222080216016,0.1703447973073206,0.09914337161929543
75.5,0.07953753721965116,0.05963761048741654,0.15907507443930233,0.0884285754718177
75.6,0.0887006519743339,0.05966152670426097,0.1774013039486678,0.09122486163288301
75.6,0.08301688437210063,0.05967999392023762,0.16603376874420125,0.08675102053581796
75.7,0.0923337432971504,0.059707474014736396,0.1846674865943008,0.08963453977652636
75.7,0.08561325872962611,0.059728293215453414,0.17122651745925221,0.08562686648112106
75.8,0.0954306518729222,0.059758894506840285,0.1908613037458444,0.08834307341588965
75.8,0.08846474558177073,0.059782373033706634,0.17692949116354145,0.07847804037376593
75.9,0.09843522022933132,0.059816080423187507,0.19687044045866264,0.08096826718179395
75.9,0.09139907390020924,0.059842373018121724,0.18279814780041848,0.06438241255734733
76.0,0.10151594468802948,0.05987934913932748,0.20303188937605895,0.06692510956150666
76.0,0.09344762842585909,0.05990761710144933,0.18689525685171818,0.06356313327820362
76.1,0.10370415239093465,0.05994692416389929,0.2074083047818693,0.06595669895220203
76.1,0.09593016093863334,0.05997765395802189,0.19186032187726668,0.059196716895910884
