Time (s),Error (m),Avg Error (m),v (m/s),w (rad/s)
0.0,0.09945567037837476,0.09945567037837476,5.263516218397002e-05,3.85
0.0,0.09945567037837476,0.09945567037837476,5.263516218397002e-05,3.85
0.0,0.09945567037837476,0.09945567037837476,5.263516218397002e-05,3.85
0.0,0.09945567037837476,0.09945567037837476,5.263516218397002e-05,3.85
0.1,0.12944784739384543,0.1054541057814689,0.10331321583161304,3.85
0.1,0.12944784739384543,0.10945306271686499,0.10331321583161304,3.85
0.1,0.12944784739384543,0.11230946052786218,0.10331321583161304,3.85
0.1,0.12944784739384543,0.11445175888611009,0.10331321583161304,3.85
0.1,0.12944784739384543,0.11611799094252512,0.10331321583161304,3.85
0.2,0.15635853658253243,0.12014204550652585,0.2786110841891427,3.7393074207583554
0.2,0.15635853658253243,0.12343445378616281,0.2786110841891427,3.7393074207583554
0.2,0.15635853658253243,0.12617812735252695,0.2786110841891427,3.7393074207583554
0.2,0.15635853658253243,0.1284996972932966,0.2786110841891427,3.7393074207583554
0.2,0.15635853658253243,0.13048961438538487,0.2786110841891427,3.7393074207583554
0.3,0.17128588172068873,0.1332093655410718,0.33,2.4865544293619752
0.3,0.17128588172068873,0.13558914780229786,0.33,2.4865544293619752
0.3,0.17128588172068873,0.13768895567985026,0.33,2.4865544293619752
0.3,0.17128588172068873,0.13955545157100793,0.33,2.4865544293619752
0.3,0.17128588172068873,0.14122547421046483,0.33,2.4865544293619752
0.4,0.17524805478180197,0.14292660323903167,0.33,1.489568626954994
0.4,0.17524805478180197,0.1444657199791636,0.33,1.489568626954994
0.4,0.17524805478180197,0.14586491701564716,0.33,1.489568626954994
0.4,0.17524805478180197,0.1471424447446104,0.33,1.489568626954994
0.4,0.17524805478180197,0.1483135118294934,0.33,1.489568626954994
0.5,0.17570738060764707,0.14940926658061957,0.33,0.7201833268962421
0.5,0.17570738060764707,0.150420732504736,0.33,0.7201833268962421
0.5,0.17570738060764707,0.15135727502706603,0.33,0.7201833268962421
0.5,0.17570738060764707,0.15222692165494392,0.33,0.7201833268962421
0.5,0.17570738060764707,0.15303659265331299,0.33,0.7201833268962421
0.6,0.17432678320796333,0.15374626567180133,0.33,0.19351674003957697
0.6,0.17432678320796333,0.15441015333425817,0.33,0.19351674003957697
0.6,0.17432678320796333,0.15503254801781144,0.33,0.19351674003957697
0.6,0.17432678320796333,0.1556172218114524,0.33,0.19351674003957697
0.6,0.17432678320796333,0.15616750302899685,0.33,0.19351674003957697
0.7,0.17183441473912334,0.1566151290778576,0.33,-0.14426488246416103
0.7,0.17183441473912334,0.15703788701289276,0.33,-0.14426488246416103
0.7,0.17183441473912334,0.15743779316765574,0.33,-0.14426488246416103
0.7,0.17183441473912334,0.1578166516300628,0.33,-0.14426488246416103
0.7,0.17183441473912334,0.15817608145337206,0.33,-0.14426488246416103
0.8,0.1705352860621219,0.1584850615685908,0.33,-0.3570794419465111
0.8,0.1705352860621219,0.15877896948306716,0.33,-0.3570794419465111
0.8,0.1705352860621219,0.15905888178256844,0.33,-0.3570794419465111
0.8,0.1705352860621219,0.15932577490534874,0.33,-0.3570794419465111
0.8,0.1705352860621219,0.15958053652254814,0.33,-0.3570794419465111
0.9,0.16878303014911275,0.15978503638091623,0.33,-0.4605674988055899
0.9,0.16878303014911275,0.15998064494109443,0.33,-0.4605674988055899
0.9,0.16878303014911275,0.1601679297327544,0.33,-0.4605674988055899
0.9,0.16878303014911275,0.16034741099142855,0.33,-0.4605674988055899
0.9,0.16878303014911275,0.16051956648444252,0.33,-0.4605674988055899
1.0,0.16739163999253176,0.1606570079546043,0.33,-0.500257845379342
1.0,0.16739163999253176,0.16078905956319112,0.33,-0.500257845379342
1.0,0.16739163999253176,0.16091603226375537,0.33,-0.500257845379342
1.0,0.16739163999253176,0.16103821354165682,0.33,-0.500257845379342
1.0,0.16739163999253176,0.1611558695870434,0.33,-0.500257845379342
1.1,0.16589097634013353,0.16124196243709957,0.33,-0.5220314645211479
1.1,0.16589097634013353,0.1613249805425109,0.33,-0.5220314645211479
1.1,0.16589097634013353,0.16140508573194287,0.33,-0.5220314645211479
1.1,0.16589097634013353,0.16148242867346338,0.33,-0.5220314645211479
1.1,0.16589097634013353,0.1615571498203561,0.33,-0.5220314645211479
1.2,0.16383827496388484,0.16159516857274825,0.33,-0.4616000092701036
1.2,0.16383827496388484,0.16163194080866852,0.33,-0.4616000092701036
1.2,0.16383827496388484,0.16166752684343005,0.33,-0.4616000092701036
1.2,0.16383827496388484,0.16170198316280235,0.33,-0.4616000092701036
1.2,0.16383827496388484,0.16173536272219427,0.33,-0.4616000092701036
1.3,0.1612666423970212,0.16172815164026852,0.33,-0.39405224588112286
1.3,0.1612666423970212,0.16172115907597687,0.33,-0.39405224588112286
1.3,0.1612666423970212,0.16171437524494767,0.33,-0.39405224588112286
1.3,0.1612666423970212,0.16170779093836052,0.33,-0.39405224588112286
1.3,0.1612666423970212,0.16170139748123963,0.33,-0.39405224588112286
1.4,0.15758842731801223,0.16164264076462212,0.33,-0.32529597869750143
1.4,0.15758842731801223,0.16158553916678253,0.33,-0.32529597869750143
1.4,0.15758842731801223,0.1615300237244385,0.33,-0.32529597869750143
1.4,0.15758842731801223,0.1614760292531176,0.33,-0.32529597869750143
1.4,0.15758842731801223,0.1614234940918324,0.33,-0.32529597869750143
1.5,0.15304537627803522,0.1613117858543151,0.33,-0.25840832923977697
1.5,0.15304537627803522,0.1612030173072588,0.33,-0.25840832923977697
1.5,0.15304537627803522,0.16109707391726888,0.33,-0.25840832923977697
1.5,0.15304537627803522,0.16099384702445818,0.33,-0.25840832923977697
1.5,0.15304537627803522,0.160893233470706,0.33,-0.25840832923977697
1.6,0.14726104803926218,0.16072283115281294,0.33,-0.18659451857799247
1.6,0.14726104803926218,0.1605566362995592,0.33,-0.18659451857799247
1.6,0.14726104803926218,0.16039449497931169,0.33,-0.18659451857799247
1.6,0.14726104803926218,0.16023626067882915,0.33,-0.18659451857799247
1.6,0.14726104803926218,0.16008179386169147,0.33,-0.18659451857799247
1.7,0.14074678286553546,0.15985432314408962,0.33,-0.133833307736225
1.7,0.14074678286553546,0.15963214244317622,0.33,-0.133833307736225
1.7,0.14074678286553546,0.15941506934458263,0.33,-0.133833307736225
1.7,0.14074678286553546,0.15920292972550257,0.33,-0.133833307736225
1.7,0.14074678286553546,0.15899555728887374,0.33,-0.133833307736225
1.8,0.13348183149177656,0.15871207144668376,0.33,-0.10264181186837273
1.8,0.13348183149177656,0.1584348160625639,0.33,-0.10264181186837273
1.8,0.13348183149177656,0.15816358796940316,0.33,-0.10264181186837273
1.8,0.13348183149177656,0.15789819273846095,0.33,-0.10264181186837273
1.8,0.13348183149177656,0.15763844421456005,0.33,-0.10264181186837273
1.9,0.1254416608466743,0.1572995307054244,0.33,-0.08820893569403498
1.9,0.1254416608466743,0.15696767789439575,0.33,-0.08820893569403498
1.9,0.1254416608466743,0.1566426674093677,0.33,-0.08820893569403498
1.9,0.1254416608466743,0.15632428979138102,0.33,-0.08820893569403498
1.9,0.1254416608466743,0.1560123440444648,0.33,-0.08820893569403498
2.0,0.11660037054568002,0.15561822430947692,0.33,-0.08687110440984336
2.0,0.11660037054568002,0.15523190892567695,0.33,-0.08687110440984336
2.0,0.11660037054568002,0.15485316835332405,0.33,-0.08687110440984336
2.0,0.11660037054568002,0.15448178196684206,0.33,-0.08687110440984336
2.0,0.11660037054568002,0.15411753762625396,0.33,-0.08687110440984336
2.1,0.10695441796501527,0.15366836505805168,0.3207691390271077,-0.0968845958899478
2.1,0.10695441796501527,0.1532276674439664,0.3207691390271077,-0.0968845958899478
2.1,0.10695441796501527,0.15279520716846218,0.3207691390271077,-0.0968845958899478
2.1,0.10695441796501527,0.15237075541657838,0.3207691390271077,-0.0968845958899478
2.1,0.10695441796501527,0.15195409177023375,0.3207691390271077,-0.0968845958899478
2.2,0.09770117426081205,0.15146088342923902,0.29300821402956573,-0.10200997296609993
2.2,0.09770117426081205,0.15097656172501897,0.29300821402956573,-0.10200997296609993
2.2,0.09770117426081205,0.15050088862265998,0.29300821402956573,-0.10200997296609993
2.2,0.09770117426081205,0.1500336345132631,0.29300821402956573,-0.10200997296609993
2.2,0.09770117426081205,0.14957457784438197,0.29300821402956573,-0.10200997296609993
2.3,0.09011798568091148,0.14905756399948222,0.2701734474428196,-0.14617831207798693
2.3,0.09011798568091148,0.1485494641863911,0.2701734474428196,-0.14617831207798693
2.3,0.09011798568091148,0.14805004984019043,0.2701734474428196,-0.14617831207798693
2.3,0.09011798568091148,0.14755910014392534,0.2701734474428196,-0.14617831207798693
2.3,0.09011798568091148,0.1470764017030597,0.2701734474428196,-0.14617831207798693
2.4,0.08428808458731081,0.14655316572709512,0.25259574594739187,-0.18435213516143456
2.4,0.08428808458731081,0.14603857827965888,0.25259574594739187,-0.18435213516143456
2.4,0.08428808458731081,0.1455324266920167,0.25259574594739187,-0.18435213516143456
2.4,0.08428808458731081,0.1450345052114906,0.25259574594739187,-0.18435213516143456
2.4,0.08428808458731081,0.14454461472258592,0.25259574594739187,-0.18435213516143456
2.5,0.07870135178462676,0.14401786861908225,0.23573266386931668,-0.22438621968251302
2.5,0.07870135178462676,0.14349948356484055,0.23573266386931668,-0.22438621968251302
2.5,0.07870135178462676,0.14298926205476012,0.23573266386931668,-0.22438621968251302
2.5,0.07870135178462676,0.14248701275577472,0.23573266386931668,-0.22438621968251302
2.5,0.07870135178462676,0.14199255026762628,0.23573266386931668,-0.22438621968251302
2.6,0.07416921941803789,0.14147083233801408,0.2220640680912512,-0.2526187826069872
2.6,0.07416921941803789,0.1409570795676326,0.2220640680912512,-0.2526187826069872
2.6,0.07416921941803789,0.14045111093013565,0.2220640680912512,-0.2526187826069872
2.6,0.07416921941803789,0.13995275084357853,0.2220640680912512,-0.2526187826069872
2.6,0.07416921941803789,0.13946182896726855,0.2220640680912512,-0.2526187826069872
2.7,0.07025202034487428,0.13894916371821378,0.21026629774279365,-0.2727483968806554
2.7,0.07025202034487428,0.13844403766399804,0.21026629774279365,-0.2727483968806554
2.7,0.07025202034487428,0.13794628571276354,0.21026629774279365,-0.2727483968806554
2.7,0.07025202034487428,0.13745574755792378,0.21026629774279365,-0.2727483968806554
2.7,0.07025202034487428,0.13697226750603134,0.21026629774279365,-0.2727483968806554
2.8,0.06660181774887575,0.13646962143633737,0.1992824874522036,-0.28946944869723623
2.8,0.06660181774887575,0.1359741050981284,0.1992824874522036,-0.28946944869723623
2.8,0.06660181774887575,0.1354855678632745,0.1992824874522036,-0.28946944869723623
2.8,0.06660181774887575,0.13500386331701997,0.1992824874522036,-0.28946944869723623
2.8,0.06660181774887575,0.13452884911168564,0.1992824874522036,-0.28946944869723623
2.9,0.06355825675158903,0.13403939675058152,0.1900247112926979,-0.3303910016265972
2.9,0.06355825675158903,0.13355664921634183,0.1900247112926979,-0.3303910016265972
2.9,0.06355825675158903,0.13308046967576526,0.1900247112926979,-0.3303910016265972
2.9,0.06355825675158903,0.13261072499384516,0.1900247112926979,-0.3303910016265972
2.9,0.06355825675158903,0.13214728560966893,0.1900247112926979,-0.3303910016265972
3.0,0.06070184593725785,0.1316709826785195,0.1813555682215791,-0.3631486211269075
3.0,0.06070184593725785,0.1312009883954648,0.1813555682215791,-0.3631486211269075
3.0,0.06070184593725785,0.13073717824771341,0.1813555682215791,-0.3631486211269075
3.0,0.06070184593725785,0.13027943097771041,0.1813555682215791,-0.3631486211269075
3.0,0.06070184593725785,0.12982762847744772,0.1813555682215791,-0.3631486211269075
3.1,0.05778570890155066,0.12936284189953873,0.17241519487947074,-0.41716773811482
3.1,0.05778570890155066,0.1289040141239106,0.17241519487947074,-0.41716773811482
3.1,0.05778570890155066,0.1284510312880994,0.17241519487947074,-0.41716773811482
3.1,0.05778570890155066,0.12800378241223517,0.17241519487947074,-0.41716773811482
3.1,0.05778570890155066,0.1275621593083944,0.17241519487947074,-0.41716773811482
3.2,0.05493615719508565,0.12710824679518623,0.16355860959103952,-0.49293664048767916
3.2,0.05493615719508565,0.1266599729467384,0.16355860959103952,-0.49293664048767916
3.2,0.05493615719508565,0.12621723334333315,0.16355860959103952,-0.49293664048767916
3.2,0.05493615719508565,0.12577992612769973,0.16355860959103952,-0.49293664048767916
3.2,0.05493615719508565,0.1253479519268911,0.16355860959103952,-0.49293664048767916
3.3,0.05207364357625156,0.1249038652096145,0.15464382515676725,-0.5688552923647765
3.3,0.05207364357625156,0.12446512893471472,0.15464382515676725,-0.5688552923647765
3.3,0.05207364357625156,0.12403164698646044,0.15464382515676725,-0.5688552923647765
3.3,0.05207364357625156,0.12360332553759014,0.15464382515676725,-0.5688552923647765
3.3,0.05207364357625156,0.12318007298160588,0.15464382515676725,-0.5688552923647765
3.4,0.04950105043111038,0.12274666696660297,0.146609563400065,-0.6394586272998533
3.4,0.04950105043111038,0.12231833002779892,0.146609563400065,-0.6394586272998533
3.4,0.04950105043111038,0.12189497375107398,0.146609563400065,-0.6394586272998533
3.4,0.04950105043111038,0.12147651176656553,0.146609563400065,-0.6394586272998533
3.4,0.04950105043111038,0.12106285968992499,0.146609563400065,-0.6394586272998533
3.5,0.04753332451983838,0.1206426909175245,0.14018257906032733,-0.7375720833796793
3.5,0.04753332451983838,0.12022729679026493,0.14018257906032733,-0.7375720833796793
3.5,0.04753332451983838,0.11981659638195745,0.14018257906032733,-0.7375720833796793
3.5,0.04753332451983838,0.11941051058497926,0.14018257906032733,-0.7375720833796793
3.5,0.04753332451983838,0.11900896205947568,0.14018257906032733,-0.7375720833796793
3.6,0.04568123557179912,0.11860158580121082,0.13427921017060188,-0.8047968058513021
3.6,0.04568123557179912,0.11819871093806489,0.13427921017060188,-0.8047968058513021
3.6,0.04568123557179912,0.11780026327121727,0.13427921017060188,-0.8047968058513021
3.6,0.04568123557179912,0.11740617022367947,0.13427921017060188,-0.8047968058513021
3.6,0.04568123557179912,0.11701636079622359,0.13427921017060188,-0.8047968058513021
3.7,0.04347687768434941,0.11661885007669995,0.12700338097501393,-0.9189963845938914
3.7,0.04347687768434941,0.11622561366598838,0.12700338097501393,-0.9189963845938914
3.7,0.04347687768434941,0.11583658299228977,0.12700338097501393,-0.9189963845938914
3.7,0.04347687768434941,0.11545169094277943,0.12700338097501393,-0.9189963845938914
3.7,0.04347687768434941,0.11507087182500997,0.12700338097501393,-0.9189963845938914
3.8,0.04225875483122318,0.1146876501566216,0.1224915009006898,-1.042918283955803
3.8,0.04225875483122318,0.11430844128057241,0.1224915009006898,-1.042918283955803
3.8,0.04225875483122318,0.11393318249698205,0.1224915009006898,-1.042918283955803
3.8,0.04225875483122318,0.11356181240544963,0.1224915009006898,-1.042918283955803
3.8,0.04225875483122318,0.11319427087156186,0.1224915009006898,-1.042918283955803
3.9,0.0427899019959661,0.11283322282604599,0.12346480035401998,-1.1093067912394945
3.9,0.0427899019959661,0.11247585894425988,0.12346480035401998,-1.1093067912394945
3.9,0.0427899019959661,0.11212212312218732,0.12346480035401998,-1.1093067912394945
3.9,0.0427899019959661,0.11177196038922661,0.12346480035401998,-1.1093067912394945
3.9,0.0427899019959661,0.11142531687971274,0.12346480035401998,-1.1093067912394945
4.0,0.04308248824255083,0.11108360273652693,0.1233639250065468,-1.211559424714837
4.0,0.04308248824255083,0.11074528873406933,0.1233639250065468,-1.211559424714837
4.0,0.04308248824255083,0.11041032437520043,0.1233639250065468,-1.211559424714837
4.0,0.04308248824255083,0.11007866015779821,0.1233639250065468,-1.211559424714837
4.0,0.04308248824255083,0.10975024755037052,0.1233639250065468,-1.211559424714837
4.1,0.04251325171300102,0.10942226220482237,0.12172223278009124,-1.2127911394511337
4.1,0.04251325171300102,0.10909746118301741,0.12172223278009124,-1.2127911394511337
4.1,0.04251325171300102,0.10877579833533617,0.12172223278009124,-1.2127911394511337
4.1,0.04251325171300102,0.10845722839965187,0.12172223278009124,-1.2127911394511337
4.1,0.04251325171300102,0.1081417069800985,0.12172223278009124,-1.2127911394511337
4.2,0.041399886590566135,0.1078238887877674,0.11896595250121171,-1.1653503183549285
4.2,0.041399886590566135,0.10750908309015032,0.11896595250121171,-1.1653503183549285
4.2,0.041399886590566135,0.10719724725760511,0.11896595250121171,-1.1653503183549285
4.2,0.041399886590566135,0.10688833946104623,0.11896595250121171,-1.1653503183549285
4.2,0.041399886590566135,0.10658231865324025,0.11896595250121171,-1.1653503183549285
4.3,0.04090194004055949,0.106276828520158,0.11802587468124218,-1.1082886196431059
4.3,0.04090194004055949,0.10597416699941913,0.11802587468124218,-1.1082886196431059
4.3,0.04090194004055949,0.10567429498578382,0.11802587468124218,-1.1082886196431059
4.3,0.04090194004055949,0.10537717409153967,0.11802587468124218,-1.1082886196431059
4.3,0.04090194004055949,0.10508276663011967,0.11802587468124218,-1.1082886196431059
4.4,0.04103646407432574,0.10479164707304789,0.11894217534548408,-1.0437228299526167
4.4,0.04103646407432574,0.10450316208210345,0.11894217534548408,-1.0437228299526167
4.4,0.04103646407432574,0.1042172760550414,0.11894217534548408,-1.0437228299526167
4.4,0.04103646407432574,0.10393395402822204,0.11894217534548408,-1.0437228299526167
4.4,0.04103646407432574,0.10365316166235646,0.11894217534548408,-1.0437228299526167
4.5,0.04168172882160111,0.1033777330719531,0.12138498425574584,-0.9701952066564421
4.5,0.04168172882160111,0.10310474190270374,0.12138498425574584,-0.9701952066564421
4.5,0.04168172882160111,0.10283415594199403,0.12138498425574584,-0.9701952066564421
4.5,0.04168172882160111,0.10256594354234319,0.12138498425574584,-0.9701952066564421
4.5,0.04168172882160111,0.10230007360906485,0.12138498425574584,-0.9701952066564421
4.6,0.042994789965711495,0.10204222454974592,0.12534304962173415,-0.9527148147216002
4.6,0.042994789965711495,0.10178660794981502,0.12534304962173415,-0.9527148147216002
4.6,0.042994789965711495,0.10153319494126285,0.12534304962173415,-0.9527148147216002
4.6,0.042994789965711495,0.10128195715166821,0.12534304962173415,-0.9527148147216002
4.6,0.042994789965711495,0.10103286669360856,0.12534304962173415,-0.9527148147216002
4.7,0.04462147894610017,0.10079281823510854,0.13001783192928615,-0.9612285283940638
4.7,0.04462147894610017,0.10055480408557885,0.13001783192928615,-0.9612285283940638
4.7,0.04462147894610017,0.10031879849427303,0.13001783192928615,-0.9612285283940638
4.7,0.04462147894610017,0.10008477614323029,0.13001783192928615,-0.9612285283940638
4.7,0.04462147894610017,0.09985271213822139,0.13001783192928615,-0.9612285283940638
4.8,0.04652449813444537,0.09963051124653899,0.13574391052710721,-0.9391767765769164
4.8,0.04652449813444537,0.09941015434565893,0.13574391052710721,-0.9391767765769164
4.8,0.04652449813444537,0.0991916185761911,0.13574391052710721,-0.9391767765769164
4.8,0.04652449813444537,0.09897488145503167,0.13574391052710721,-0.9391767765769164
4.8,0.04652449813444537,0.09875992086765222,0.13574391052710721,-0.9391767765769164
4.9,0.04911594691244648,0.09855729240252893,0.14388021624455571,-0.8695099177963682
4.9,0.04911594691244648,0.09835631132330096,0.14388021624455571,-0.8695099177963682
4.9,0.04911594691244648,0.09815695762123272,0.14388021624455571,-0.8695099177963682
4.9,0.04911594691244648,0.0979592116103102,0.14388021624455571,-0.8695099177963682
4.9,0.04911594691244648,0.09776305392076055,0.14388021624455571,-0.8695099177963682
5.0,0.05273455759256325,0.09758293993544775,0.15531290935628,-0.7658372933979133
5.0,0.05273455759256325,0.09740426112133267,0.15531290935628,-0.7658372933979133
5.0,0.05273455759256325,0.0972270003930439,0.15531290935628,-0.7658372933979133
5.0,0.05273455759256325,0.09705114093533448,0.15531290935628,-0.7658372933979133
5.0,0.05273455759256325,0.09687666619776451,0.15531290935628,-0.7658372933979133
5.1,0.05524129296525735,0.09671339022430368,0.163364517674633,-0.6757658740668392
5.1,0.05524129296525735,0.09655138984438554,0.163364517674633,-0.6757658740668392
5.1,0.05524129296525735,0.09639065016781305,0.163364517674633,-0.6757658740668392
5.1,0.05524129296525735,0.096231156535245,0.163364517674633,-0.6757658740668392
5.1,0.05524129296525735,0.09607289451373925,0.163364517674633,-0.6757658740668392
5.2,0.057908242463574996,0.09592610739046939,0.17191498430857946,-0.5778702933311396
5.2,0.057908242463574996,0.09578044507274183,0.17191498430857946,-0.5778702933311396
5.2,0.057908242463574996,0.09563589468110378,0.17191498430857946,-0.5778702933311396
5.2,0.057908242463574996,0.09549244353198771,0.17191498430857946,-0.5778702933311396
5.2,0.057908242463574996,0.0953500791340013,0.17191498430857946,-0.5778702933311396
5.3,0.060339889177086554,0.09521796520963559,0.17975436546205947,-0.4732193700652889
5.3,0.060339889177086554,0.09508684462304706,0.17975436546205947,-0.4732193700652889
5.3,0.060339889177086554,0.0949567062131371,0.17975436546205947,-0.4732193700652889
5.3,0.060339889177086554,0.09482753898539063,0.17975436546205947,-0.4732193700652889
5.3,0.060339889177086554,0.09469933210877984,0.17975436546205947,-0.4732193700652889
5.4,0.06272737962711568,0.09458091746995886,0.18735047931659482,-0.3761998836138183
5.4,0.06272737962711568,0.09446337673991147,0.18735047931659482,-0.3761998836138183
5.4,0.06272737962711568,0.09434670027993797,0.18735047931659482,-0.3761998836138183
5.4,0.06272737962711568,0.09423087859256499,0.18735047931659482,-0.3761998836138183
5.4,0.06272737962711568,0.09411590231896846,0.18735047931659482,-0.3761998836138183
5.5,0.06522222615332465,0.09401083440563884,0.19510370259945053,-0.3035048423339264
5.5,0.06522222615332465,0.09390652785400003,0.19510370259945053,-0.3035048423339264
5.5,0.06522222615332465,0.09380297441825751,0.19510370259945053,-0.3035048423339264
5.5,0.06522222615332465,0.09370016597126134,0.19510370259945053,-0.3035048423339264
5.5,0.06522222615332465,0.09359809450237985,0.19510370259945053,-0.3035048423339264
5.6,0.06792678392896591,0.09350641125033193,0.20339422472860894,-0.24627909735705877
5.6,0.06792678392896591,0.09341538054812067,0.20339422472860894,-0.24627909735705877
5.6,0.06792678392896591,0.0933249954537265,0.20339422472860894,-0.24627909735705877
5.6,0.06792678392896591,0.0932352491232503,0.20339422472860894,-0.24627909735705877
5.6,0.06792678392896591,0.09314613480918592,0.20339422472860894,-0.24627909735705877
5.7,0.06966825563929777,0.0930637562857828,0.20868313298650815,-0.22193895293619992
5.7,0.06966825563929777,0.0929819538359699,0.20868313298650815,-0.22193895293619992
5.7,0.06966825563929777,0.09290072143807208,0.20868313298650815,-0.22193895293619992
5.7,0.06966825563929777,0.09282005315404857,0.20868313298650815,-0.22193895293619992
5.7,0.06966825563929777,0.09273994312804595,0.20868313298650815,-0.22193895293619992
5.8,0.07176910896850966,0.09266762990680617,0.21510768962371726,-0.17226615945101734
5.8,0.07176910896850966,0.09259581368365052,0.21510768962371726,-0.17226615945101734
5.8,0.07176910896850966,0.09252448935243429,0.21510768962371726,-0.17226615945101734
5.8,0.07176910896850966,0.09245365187672124,0.21510768962371726,-0.17226615945101734
5.8,0.07176910896850966,0.09238329628859808,0.21510768962371726,-0.17226615945101734
5.9,0.07382962484403705,0.09232040248709109,0.22134008761786764,-0.14662421977581808
5.9,0.07382962484403705,0.0922579336437024,0.22134008761786764,-0.14662421977581808
5.9,0.07382962484403705,0.09219588546592575,0.22134008761786764,-0.14662421977581808
5.9,0.07382962484403705,0.09213425371887243,0.22134008761786764,-0.14662421977581808
5.9,0.07382962484403705,0.09207303422430776,0.22134008761786764,-0.14662421977581808
6.0,0.07574866249640975,0.09201861965188143,0.2270938573361608,-0.14637225369679197
6.0,0.07574866249640975,0.09196456663807588,0.2270938573361608,-0.14637225369679197
6.0,0.07574866249640975,0.09191087159124917,0.2270938573361608,-0.14637225369679197
6.0,0.07574866249640975,0.09185753096717379,0.2270938573361608,-0.14637225369679197
6.0,0.07574866249640975,0.0918045412682568,0.2270938573361608,-0.14637225369679197
6.1,0.07848448713035143,0.09176086895960792,0.23532022744748743,-0.1345706568180569
6.1,0.07848448713035143,0.09171748209088486,0.23532022744748743,-0.1345706568180569
6.1,0.07848448713035143,0.09167437787277237,0.23532022744748743,-0.1345706568180569
6.1,0.07848448713035143,0.09163155355218008,0.23532022744748743,-0.1345706568180569
6.1,0.07848448713035143,0.09158900641165636,0.23532022744748743,-0.1345706568180569
6.2,0.08093600033020702,0.09155464187590975,0.24269129455465707,-0.1240247306861173
6.2,0.08093600033020702,0.09152049833396216,0.24269129455465707,-0.1240247306861173
6.2,0.08093600033020702,0.0914865736608732,0.24269129455465707,-0.1240247306861173
6.2,0.08093600033020702,0.0914528657588583,0.24269129455465707,-0.1240247306861173
6.2,0.08093600033020702,0.09141937255685623,0.24269129455465707,-0.1240247306861173
6.3,0.08319606222776404,0.09139326680977974,0.24948500592967016,-0.11502103912188932
6.3,0.08319606222776404,0.09136732628895058,0.24948500592967016,-0.11502103912188932
6.3,0.08319606222776404,0.09134154943071339,0.24948500592967016,-0.11502103912188932
6.3,0.08319606222776404,0.09131593469108149,0.24948500592967016,-0.11502103912188932
6.3,0.08319606222776404,0.09129048054542845,0.24948500592967016,-0.11502103912188932
6.4,0.08466183566636999,0.09126976603018139,0.25387013514639156,-0.12056934343000504
6.4,0.08466183566636999,0.09124918057733462,0.25387013514639156,-0.12056934343000504
6.4,0.08466183566636999,0.09122872298444343,0.25387013514639156,-0.12056934343000504
6.4,0.08466183566636999,0.09120839206395404,0.25387013514639156,-0.12056934343000504
6.4,0.08466183566636999,0.09118818664297385,0.25387013514639156,-0.12056934343000504
6.5,0.08660505002199674,0.09117408468414007,0.2596966558402148,-0.1208113825472852
6.5,0.08660505002199674,0.09116006924039118,0.2596966558402148,-0.1208113825472852
6.5,0.08660505002199674,0.09114613951801076,0.2596966558402148,-0.1208113825472852
6.5,0.08660505002199674,0.09113229473296194,0.2596966558402148,-0.1208113825472852
6.5,0.08660505002199674,0.09111853411074017,0.2596966558402148,-0.1208113825472852
6.6,0.0881272111342877,0.09110946949566001,0.2642462285500411,-0.12802506367122124
6.6,0.0881272111342877,0.09110045965166795,0.2642462285500411,-0.12802506367122124
6.6,0.0881272111342877,0.09109150408384452,0.2642462285500411,-0.12802506367122124
6.6,0.0881272111342877,0.09108260230321523,0.2642462285500411,-0.12802506367122124
6.6,0.0881272111342877,0.09107375382666155,0.2642462285500411,-0.12802506367122124
6.7,0.09010695381033482,0.09107086785646355,0.27020130334761494,-0.11897088383821242
6.7,0.09010695381033482,0.09106799906465961,0.27020130334761494,-0.11897088383821242
6.7,0.09010695381033482,0.0910651472983263,0.27020130334761494,-0.11897088383821242
6.7,0.09010695381033482,0.09106231240634999,0.27020130334761494,-0.11897088383821242
6.7,0.09010695381033482,0.09105949423940009,0.27020130334761494,-0.11897088383821242
6.8,0.09195595440327507,0.0910621308869409,0.27577963051583837,-0.1011697739088584
6.8,0.09195595440327507,0.09106475207027326,0.27577963051583837,-0.1011697739088584
6.8,0.09195595440327507,0.09106735792504811,0.27577963051583837,-0.1011697739088584
6.8,0.09195595440327507,0.09106994858533449,0.27577963051583837,-0.1011697739088584
6.8,0.09195595440327507,0.09107252418364245,0.27577963051583837,-0.1011697739088584
6.9,0.09337771422855005,0.09107920589391755,0.2800186687738677,-0.11435648413710187
6.9,0.09337771422855005,0.09108584898158989,0.2800186687738677,-0.11435648413710187
6.9,0.09337771422855005,0.09109245378057249,0.2800186687738677,-0.11435648413710187
6.9,0.09337771422855005,0.09109902062094023,0.2800186687738677,-0.11435648413710187
6.9,0.09337771422855005,0.09110554982898494,0.2800186687738677,-0.11435648413710187
7.0,0.09447945197349457,0.09111518954939783,0.28334536496863016,-0.1024655557763472
7.0,0.09447945197349457,0.09112477434262888,0.28334536496863016,-0.1024655557763472
7.0,0.09447945197349457,0.09113430467680747,0.28334536496863016,-0.1024655557763472
7.0,0.09447945197349457,0.09114378101475841,0.28334536496863016,-0.1024655557763472
7.0,0.09447945197349457,0.09115320381407686,0.28334536496863016,-0.1024655557763472
7.1,0.09504649492345024,0.09116417083128638,0.2850312505183982,-0.1102154320382569
7.1,0.09504649492345024,0.09117507623603965,0.2850312505183982,-0.1102154320382569
7.1,0.09504649492345024,0.09118592054608841,0.2850312505183982,-0.1102154320382569
7.1,0.09504649492345024,0.09119670427339949,0.2850312505183982,-0.1102154320382569
7.1,0.09504649492345024,0.0912074279242353,0.2850312505183982,-0.1102154320382569
7.2,0.09559954205456034,0.09121962824126396,0.28666375241086894,-0.12267814429475711
7.2,0.09559954205456034,0.09123176096650855,0.28666375241086894,-0.12267814429475711
7.2,0.09559954205456034,0.09124382666012194,0.28666375241086894,-0.12267814429475711
7.2,0.09559954205456034,0.09125582587608458,0.28666375241086894,-0.12267814429475711
7.2,0.09559954205456034,0.09126775916228917,0.28666375241086894,-0.12267814429475711
7.3,0.09613634563119956,0.09128109775535469,0.2882521602160905,-0.1319378601615293
7.3,0.09613634563119956,0.0912943634599335,0.2882521602160905,-0.1319378601615293
7.3,0.09613634563119956,0.0913075568718443,0.2882521602160905,-0.1319378601615293
7.3,0.09613634563119956,0.09132067858042951,0.2882521602160905,-0.1319378601615293
7.3,0.09613634563119956,0.09133372916864299,0.2882521602160905,-0.1319378601615293
7.4,0.09662871521722573,0.09134803994174728,0.28971575714629216,-0.13715216912869543
7.4,0.09662871521722573,0.09136227356782674,0.28971575714629216,-0.13715216912869543
7.4,0.09662871521722573,0.09137643066903481,0.28971575714629216,-0.13715216912869543
7.4,0.09662871521722573,0.09139051186085302,0.28971575714629216,-0.13715216912869543
7.4,0.09662871521722573,0.09140451775218023,0.28971575714629216,-0.13715216912869543
7.5,0.0971988445004232,0.09141996929017555,0.29144620982651015,-0.1284446920121418
7.5,0.0971988445004232,0.09143533863913898,0.29144620982651015,-0.1284446920121418
7.5,0.0971988445004232,0.09145062645309465,0.29144620982651015,-0.1284446920121418
7.5,0.0971988445004232,0.0914658333791458,0.29144620982651015,-0.1284446920121418
7.5,0.0971988445004232,0.09148096005756606,0.29144620982651015,-0.1284446920121418
7.6,0.09740585049430395,0.09149655187450484,0.29207015311319506,-0.1270534427280232
7.6,0.09740585049430395,0.09151206184463555,0.29207015311319506,-0.1270534427280232
7.6,0.09740585049430395,0.09152749061073416,0.29207015311319506,-0.1270534427280232
7.6,0.09740585049430395,0.09154283880886359,0.29207015311319506,-0.1270534427280232
7.6,0.09740585049430395,0.09155810706846108,0.29207015311319506,-0.1270534427280232
7.7,0.09748489900154185,0.09157350133322234,0.29231018598754843,-0.12575175430347407
7.7,0.09748489900154185,0.09158881583495374,0.29231018598754843,-0.12575175430347407
7.7,0.09748489900154185,0.09160405119197335,0.29231018598754843,-0.12575175430347407
7.7,0.09748489900154185,0.09161920801622482,0.29231018598754843,-0.12575175430347407
7.7,0.09748489900154185,0.09163428691335931,0.29231018598754843,-0.12575175430347407
7.8,0.09743746697453401,0.09164916686223412,0.29217172222964355,-0.12410319201241826
7.8,0.09743746697453401,0.09166397069883847,0.29217172222964355,-0.12410319201241826
7.8,0.09743746697453401,0.09167869900566422,0.29217172222964355,-0.12410319201241826
7.8,0.09743746697453401,0.09169335235927457,0.29217172222964355,-0.12410319201241826
7.8,0.09743746697453401,0.09170793133037929,0.29217172222964355,-0.12410319201241826
7.9,0.09725357390223381,0.09172197093182702,0.29162395513233996,-0.12248094485558968
7.9,0.09725357390223381,0.09173593962619675,0.29162395513233996,-0.12248094485558968
7.9,0.09725357390223381,0.0917498379493102,0.29162395513233996,-0.12248094485558968
7.9,0.09725357390223381,0.09176366643160398,0.29162395513233996,-0.12248094485558968
7.9,0.09725357390223381,0.09177742559819704,0.29162395513233996,-0.12248094485558968
8.0,0.09692628950801677,0.0917902977579716,0.29064518575711745,-0.12129640263860074
8.0,0.09692628950801677,0.09180310571744803,0.29064518575711745,-0.12129640263860074
8.0,0.09692628950801677,0.09181584995573303,0.29064518575711745,-0.12129640263860074
8.0,0.09692628950801677,0.09182853094717791,0.29064518575711745,-0.12129640263860074
8.0,0.09692628950801677,0.09184114916143742,0.29064518575711745,-0.12129640263860074
8.1,0.09666426639788915,0.09185305809288544,0.28987339308644894,-0.11479145355423714
8.1,0.09666426639788915,0.09186490835964653,0.28987339308644894,-0.11479145355423714
8.1,0.09666426639788915,0.09187670039413852,0.28987339308644894,-0.11479145355423714
8.1,0.09666426639788915,0.09188843462453987,0.28987339308644894,-0.11479145355423714
8.1,0.09666426639788915,0.09190011147484145,0.28987339308644894,-0.11479145355423714
8.2,0.09598371317001553,0.09191007147897602,0.2878309630125912,-0.1155687630942186
8.2,0.09598371317001553,0.09191998301593718,0.2878309630125912,-0.1155687630942186
8.2,0.09598371317001553,0.09192984643864124,0.2878309630125912,-0.1155687630942186
8.2,0.09598371317001553,0.09193966209658647,0.2878309630125912,-0.1155687630942186
8.2,0.09598371317001553,0.09194943033589426,0.2878309630125912,-0.1155687630942186
8.3,0.09515681142648018,0.0919571589650282,0.2853452991471781,-0.11844041362104461
8.3,0.09515681142648018,0.09196485043729129,0.2853452991471781,-0.11844041362104461
8.3,0.09515681142648018,0.09197250501999918,0.2853452991471781,-0.11844041362104461
8.3,0.09515681142648018,0.0919801229779094,0.2853452991471781,-0.11844041362104461
8.3,0.09515681142648018,0.09198770457325205,0.2853452991471781,-0.11844041362104461
8.4,0.09477411050356155,0.09199433887308613,0.28419197020873843,-0.1211324337130124
8.4,0.09477411050356155,0.09200094165605639,0.28419197020873843,-0.1211324337130124
8.4,0.09477411050356155,0.09200751314621636,0.28419197020873843,-0.1211324337130124
8.4,0.09477411050356155,0.09201405356550087,0.28419197020873843,-0.1211324337130124
8.4,0.09477411050356155,0.09202056313375102,0.28419197020873843,-0.1211324337130124
8.5,0.09367501676153564,0.0920244559658164,0.2808919778311647,-0.1231015986768913
8.5,0.09367501676153564,0.0920283305216749,0.2808919778311647,-0.1231015986768913
8.5,0.09367501676153564,0.09203218692973078,0.2808919778311647,-0.1231015986768913
8.5,0.09367501676153564,0.09203602531718827,0.2808919778311647,-0.1231015986768913
8.5,0.09367501676153564,0.09203984581006555,0.2808919778311647,-0.1231015986768913
8.6,0.09226688169251858,0.09204037380048985,0.2766561430280062,-0.12925499609951263
8.6,0.09226688169251858,0.09204089934084259,0.2766561430280062,-0.12925499609951263
8.6,0.09226688169251858,0.09204142244813812,0.2766561430280062,-0.12925499609951263
8.6,0.09226688169251858,0.09204194313923368,0.2766561430280062,-0.12925499609951263
8.6,0.09226688169251858,0.09204246143083111,0.2766561430280062,-0.12925499609951263
8.7,0.09100889608891145,0.09204008541855083,0.27288513758349825,-0.12880929066140379
8.7,0.09100889608891145,0.09203772030540945,0.27288513758349825,-0.12880929066140379
8.7,0.09100889608891145,0.0920353660165845,0.27288513758349825,-0.12880929066140379
8.7,0.09100889608891145,0.09203302247793683,0.27288513758349825,-0.12880929066140379
8.7,0.09100889608891145,0.09203068961600283,0.27288513758349825,-0.12880929066140379
8.8,0.08976746818499458,0.09202554593093236,0.26916491477028376,-0.1278228711222873
8.8,0.08976746818499458,0.09202042557323183,0.26916491477028376,-0.1278228711222873
8.8,0.08976746818499458,0.09201532838457066,0.26916491477028376,-0.1278228711222873
8.8,0.08976746818499458,0.09201025420804791,0.26916491477028376,-0.1278228711222873
8.8,0.08976746818499458,0.09200520288817617,0.26916491477028376,-0.1278228711222873
8.9,0.08798718480520402,0.09199617363405713,0.26381801624553686,-0.13191920802745116
8.9,0.08798718480520402,0.09198718486986686,0.26381801624553686,-0.13191920802745116
8.9,0.08798718480520402,0.0919782363238609,0.26381801624553686,-0.13191920802745116
8.9,0.08798718480520402,0.09196932772672103,0.26381801624553686,-0.13191920802745116
8.9,0.08798718480520402,0.09196045881152834,0.26381801624553686,-0.13191920802745116
9.0,0.0866906378859264,0.09194874809836033,0.2597675453814897,-0.19353981403432563
9.0,0.0866906378859264,0.09193708931740151,0.2597675453814897,-0.19353981403432563
9.0,0.0866906378859264,0.09192548212396905,0.2597675453814897,-0.19353981403432563
9.0,0.0866906378859264,0.09191392617642372,0.2597675453814897,-0.19353981403432563
9.0,0.0866906378859264,0.09190242113613628,0.2597675453814897,-0.19353981403432563
9.1,0.08593884416214924,0.09188931437355609,0.25752725022990114,-0.18950519608674288
9.1,0.08593884416214924,0.0918762650967767,0.25752725022990114,-0.18950519608674288
9.1,0.08593884416214924,0.09186327292842959,0.25752725022990114,-0.18950519608674288
9.1,0.08593884416214924,0.09185033749444207,0.25752725022990114,-0.18950519608674288
9.1,0.08593884416214924,0.09183745842400136,0.25752725022990114,-0.18950519608674288
9.2,0.08347200587643207,0.0918192726575936,0.2501226664911795,-0.19363338206440073
9.2,0.08347200587643207,0.09180116578822015,0.2501226664911795,-0.19363338206440073
9.2,0.08347200587643207,0.09178313730356259,0.2501226664911795,-0.19363338206440073
9.2,0.08347200587643207,0.09176518669572861,0.2501226664911795,-0.19363338206440073
9.2,0.08347200587643207,0.09174731346120425,0.2501226664911795,-0.19363338206440073
9.3,0.08086733065589632,0.09172391564871973,0.2422899534289856,-0.20289833645797106
9.3,0.08086733065589632,0.09170061825603128,0.2422899534289856,-0.20289833645797106
9.3,0.08086733065589632,0.09167742063804384,0.2422899534289856,-0.20289833645797106
9.3,0.08086733065589632,0.09165432215517601,0.2422899534289856,-0.20289833645797106
9.3,0.08086733065589632,0.09163132217330121,0.2422899534289856,-0.20289833645797106
9.4,0.07890325302928893,0.09160424117512246,0.23633478998917595,-0.22517594477569336
9.4,0.07890325302928893,0.09157727517056655,0.23633478998917595,-0.22517594477569336
9.4,0.07890325302928893,0.09155042342874181,0.23633478998917595,-0.22517594477569336
9.4,0.07890325302928893,0.09152368522493746,0.23633478998917595,-0.22517594477569336
9.4,0.07890325302928893,0.09149705984055846,0.23633478998917595,-0.22517594477569336
9.5,0.07668669137081395,0.09146588011746427,0.22963454177148826,-0.2433254929102819
9.5,0.07668669137081395,0.09143483140160998,0.22963454177148826,-0.2433254929102819
9.5,0.07668669137081395,0.09140391286905065,0.22963454177148826,-0.2433254929102819
9.5,0.07668669137081395,0.09137312370273636,0.22963454177148826,-0.2433254929102819
9.5,0.07668669137081395,0.09134246309244008,0.22963454177148826,-0.2433254929102819
9.6,0.07427431494896164,0.09130690445047449,0.2224056583389276,-0.24483866644408359
9.6,0.07427431494896164,0.09127149366149005,0.2224056583389276,-0.24483866644408359
9.6,0.07427431494896164,0.09123622980523999,0.2224056583389276,-0.24483866644408359
9.6,0.07427431494896164,0.09120111196909861,0.2224056583389276,-0.24483866644408359
9.6,0.07427431494896164,0.09116613924798263,0.2224056583389276,-0.24483866644408359
9.7,0.07136552711859151,0.09112531324359213,0.21364340565785095,-0.2603035339331364
9.7,0.07136552711859151,0.09108465524745016,0.21364340565785095,-0.2603035339331364
9.7,0.07136552711859151,0.0910441642245983,0.21364340565785095,-0.2603035339331364
9.7,0.07136552711859151,0.0910038391485614,0.21364340565785095,-0.2603035339331364
9.7,0.07136552711859151,0.09096367900126086,0.21364340565785095,-0.2603035339331364
9.8,0.06862461433405372,0.09091808907336861,0.20537339993702045,-0.27895860001275885
9.8,0.06862461433405372,0.09087268484783029,0.20537339993702045,-0.27895860001275885
9.8,0.06862461433405372,0.09082746519231448,0.20537339993702045,-0.27895860001275885
9.8,0.06862461433405372,0.09078242898367704,0.20537339993702045,-0.27895860001275885
9.8,0.06862461433405372,0.09073757510786809,0.20537339993702045,-0.27895860001275885
9.9,0.06656446194793764,0.09068874053582783,0.19918358659202712,-0.2858809271439773
9.9,0.06656446194793764,0.09064010287738451,0.19918358659202712,-0.2858809271439773
9.9,0.06656446194793764,0.09059166094392487,0.19918358659202712,-0.2858809271439773
9.9,0.06656446194793764,0.09054341355638273,0.19918358659202712,-0.2858809271439773
9.9,0.06656446194793764,0.09049535954514337,0.19918358659202712,-0.2858809271439773
10.0,0.06426992380520866,0.0904429086736635,0.19223341260199736,-0.30936072935582626
10.0,0.06426992380520866,0.09039066718690011,0.19223341260199736,-0.30936072935582626
10.0,0.06426992380520866,0.09033863383355012,0.19223341260199736,-0.30936072935582626
10.0,0.06426992380520866,0.09028680737226116,0.19223341260199736,-0.30936072935582626
10.0,0.06426992380520866,0.09023518657153289,0.19223341260199736,-0.30936072935582626
10.1,0.06211981964435319,0.09017951257761767,0.18563051409070627,-0.3539062773676198
10.1,0.06211981964435319,0.09012405863901438,0.18563051409070627,-0.3539062773676198
10.1,0.06211981964435319,0.09006882345362056,0.18563051409070627,-0.3539062773676198
10.1,0.06211981964435319,0.09001380572958657,0.18563051409070627,-0.3539062773676198
10.1,0.06211981964435319,0.0899590041852148,0.18563051409070627,-0.3539062773676198
10.2,0.05898042140630642,0.08989826186604045,0.1760779981944236,-0.3952842218457153
10.2,0.05898042140630642,0.08983775728588442,0.1760779981944236,-0.3952842218457153
10.2,0.05898042140630642,0.08977748905174461,0.1760779981944236,-0.3952842218457153
10.2,0.05898042140630642,0.08971745578148059,0.1760779981944236,-0.3952842218457153
10.2,0.05898042140630642,0.08965765610370788,0.1760779981944236,-0.3952842218457153
10.3,0.05622120074759067,0.08959273094767659,0.16760918231257094,-0.4475047193681476
10.3,0.05622120074759067,0.08952805743953689,0.16760918231257094,-0.4475047193681476
10.3,0.05622120074759067,0.08946363411904958,0.16760918231257094,-0.4475047193681476
10.3,0.05622120074759067,0.0893994595372514,0.16760918231257094,-0.4475047193681476
10.3,0.05622120074759067,0.08933553225634647,0.16760918231257094,-0.4475047193681476
10.4,0.05291689137785122,0.0892654964085032,0.15741437961624022,-0.519365869769956
10.4,0.05291689137785122,0.08919572941228313,0.15741437961624022,-0.519365869769956
10.4,0.05291689137785122,0.08912622972256198,0.15741437961624022,-0.519365869769956
10.4,0.05291689137785122,0.0890569958060329,0.15741437961624022,-0.519365869769956
10.4,0.05291689137785122,0.08898802614109362,0.15741437961624022,-0.519365869769956
10.5,0.05046144833246966,0.0889146421833629,0.14971959707060623,-0.5937553568433708
10.5,0.05046144833246966,0.08884153725208745,0.14971959707060623,-0.5937553568433708
10.5,0.05046144833246966,0.08876870975888133,0.14971959707060623,-0.5937553568433708
10.5,0.05046144833246966,0.08869615812739193,0.14971959707060623,-0.5937553568433708
10.5,0.05046144833246966,0.08862388079318602,0.14971959707060623,-0.5937553568433708
10.6,0.047884744225246634,0.08854701449777481,0.14163786571913536,-0.6709804443296203
10.6,0.047884744225246634,0.08847043771760058,0.14163786571913536,-0.6709804443296203
10.6,0.047884744225246634,0.08839414882005857,0.14163786571913536,-0.6709804443296203
10.6,0.047884744225246634,0.08831814618479626,0.14163786571913536,-0.6709804443296203
10.6,0.047884744225246634,0.08824242820359861,0.14163786571913536,-0.6709804443296203
10.7,0.04567326853955946,0.08816285968086209,0.13447833048316085,-0.771613514510058
10.7,0.04567326853955946,0.08808358805559846,0.13447833048316085,-0.771613514510058
10.7,0.04567326853955946,0.08800461166916264,0.13447833048316085,-0.771613514510058
10.7,0.04567326853955946,0.08792592887524144,0.13447833048316085,-0.771613514510058
10.7,0.04567326853955946,0.08784753803973924,0.13447833048316085,-0.771613514510058
10.8,0.04344849495094671,0.0877653175895748,0.1272120233273878,-0.8788465677015687
10.8,0.04344849495094671,0.08768340109671227,0.1272120233273878,-0.8788465677015687
10.8,0.04344849495094671,0.08760178687873114,0.1272120233273878,-0.8788465677015687
10.8,0.04344849495094671,0.08752047326560447,0.1272120233273878,-0.8788465677015687
10.8,0.04344849495094671,0.08743945859958488,0.1272120233273878,-0.8788465677015687
10.9,0.041543956235782706,0.08735524666864213,0.1208345156421442,-0.9899421826979095
10.9,0.041543956235782706,0.08727134320631089,0.1208345156421442,-0.9899421826979095
10.9,0.041543956235782706,0.08718774652080717,0.1208345156421442,-0.9899421826979095
10.9,0.041543956235782706,0.08710445493269582,0.1208345156421442,-0.9899421826979095
10.9,0.041543956235782706,0.08702146677477796,0.1208345156421442,-0.9899421826979095
11.0,0.04008494223802931,0.0869361276392566,0.1156942573306331,-1.1051352489532675
11.0,0.04008494223802931,0.08685109826466272,0.1156942573306331,-1.1051352489532675
11.0,0.04008494223802931,0.08676637696751302,0.1156942573306331,-1.1051352489532675
11.0,0.04008494223802931,0.0866819620765013,0.1156942573306331,-1.1051352489532675
11.0,0.04008494223802931,0.08659785193238854,0.1156942573306331,-1.1051352489532675
11.1,0.03996839226548082,0.08651383488794366,0.11461363766364248,-1.1927715320695462
11.1,0.03996839226548082,0.08643012006308312,0.11461363766364248,-1.1927715320695462
11.1,0.03996839226548082,0.0863467058300533,0.11461363766364248,-1.1927715320695462
11.1,0.03996839226548082,0.08626359057276912,0.11461363766364248,-1.1927715320695462
11.1,0.03996839226548082,0.08618077268670957,0.11461363766364248,-1.1927715320695462
11.2,0.03984069223696435,0.08609802254304931,0.11378910912913448,-1.2439189276396867
11.2,0.03984069223696435,0.08601556740881386,0.11378910912913448,-1.2439189276396867
11.2,0.03984069223696435,0.08593340570921983,0.11378910912913448,-1.2439189276396867
11.2,0.03984069223696435,0.0858515358806723,0.11378910912913448,-1.2439189276396867
11.2,0.03984069223696435,0.08576995637066573,0.11378910912913448,-1.2439189276396867
11.3,0.040956747941183834,0.08569064095751619,0.11688872096879886,-1.2532430297348913
11.3,0.040956747941183834,0.08561160581084423,0.11688872096879889,-1.2532430297348895
11.3,0.040956747941183834,0.0855328494477584,0.11688872096879886,-1.2532430297348913
11.3,0.040956747941183834,0.08545437039581019,0.11688872096879886,-1.2532430297348913
11.3,0.040956747941183834,0.08537616719290224,0.11688872096879886,-1.2532430297348913
11.4,0.04175542253334704,0.08529963957069249,0.11891995670643925,-1.2787021743314935
11.4,0.04175542253334704,0.08522337999619627,0.11891995670643929,-1.2787021743314897
11.4,0.04175542253334704,0.08514738706356892,0.11891995670643925,-1.2787021743314935
11.4,0.04175542253334704,0.0850716593767797,0.11891995670643925,-1.2787021743314935
11.4,0.04175542253334704,0.08499619554952634,0.11891995670643925,-1.2787021743314935
11.5,0.04248252408520349,0.08492225872958838,0.12110076726872517,-1.2676686943740958
11.5,0.04248252408520349,0.08484857863471966,0.12110076726872517,-1.2676686943740958
11.5,0.04248252408520349,0.08477515393012777,0.12110076726872517,-1.2676686943740958
11.5,0.04248252408520349,0.08470198329025766,0.12110076726872517,-1.2676686943740958
11.5,0.04248252408520349,0.08462906539871179,0.12110076726872517,-1.2676686943740958
11.6,0.04466758508689691,0.0845601662947259,0.1273833362031118,-1.2625024730628107
11.6,0.04466758508689691,0.08449150436493619,0.1273833362031118,-1.2625024730628107
11.6,0.04466758508689691,0.08442307838679522,0.1273833362031118,-1.2625024730628107
11.6,0.04466758508689691,0.0843548871461436,0.1273833362031118,-1.2625024730628107
11.6,0.04466758508689691,0.08428692943713804,0.1273833362031118,-1.2625024730628107
11.7,0.04647035991832385,0.08422228572855887,0.1328979105270604,-1.227518424571489
11.7,0.04647035991832385,0.08415786264697145,0.13289791052706038,-1.2275184245714925
11.7,0.04647035991832385,0.0840936590648102,0.1328979105270604,-1.227518424571489
11.7,0.04647035991832385,0.08402967386218013,0.13289791052706038,-1.2275184245714925
11.7,0.04647035991832385,0.08396590592679158,0.1328979105270604,-1.227518424571489
11.8,0.04681963177682417,0.08390294614009672,0.13401519116934107,-1.2163053467574052
11.8,0.04681963177682417,0.08384019941528577,0.13401519116934116,-1.216305346757398
11.8,0.04681963177682417,0.08377766467265324,0.13401519116934116,-1.216305346757398
11.8,0.04681963177682417,0.08371534083977664,0.13401519116934107,-1.2163053467574052
11.8,0.04681963177682417,0.08365322685145518,0.13401519116934116,-1.216305346757398
11.9,0.047753625917164776,0.08359289138770007,0.1371790238877376,-1.169708648081638
11.9,0.047753625917164776,0.08353275839194414,0.13717902388773764,-1.169708648081631
11.9,0.047753625917164776,0.08347282684676026,0.1371790238877376,-1.169708648081638
11.9,0.047753625917164776,0.08341309574152683,0.13717902388773764,-1.169708648081631
11.9,0.047753625917164776,0.08335356407237098,0.13717902388773764,-1.169708648081631
12.0,0.04920041171775105,0.08329664215177993,0.142214261793473,-1.0840072792671354
12.0,0.04920041171775099,0.08323990965521748,0.14221426179347296,-1.0840072792671211
12.0,0.04920041171775099,0.08318336563871007,0.14221426179347296,-1.0840072792671211
12.0,0.04920041171775105,0.08312700916454595,0.142214261793473,-1.0840072792671354
12.0,0.04920041171775099,0.08307083930122343,0.14221426179347296,-1.0840072792671211
12.1,0.05159592509617231,0.08301881464964483,0.1503351994875874,-0.9617427470148314
12.1,0.05159592509617231,0.08296696169658631,0.1503351994875874,-0.9617427470148314
12.1,0.051595925096172404,0.08291527959345547,0.15033519948758792,-0.9617427470148066
12.1,0.051595925096172404,0.08286376749724284,0.15033519948758792,-0.9617427470148066
12.1,0.051595925096172404,0.0828124245704759,0.15033519948758792,-0.9617427470148066
12.2,0.05424162409363791,0.082765587192645,0.15933300737770903,-0.8181342378344034
12.2,0.05424162409363799,0.08271890312865317,0.15933300737770947,-0.8181342378343787
12.2,0.05424162409363791,0.08267237162696196,0.15933300737770903,-0.8181342378344034
12.2,0.05424162409363799,0.08262599194093696,0.15933300737770947,-0.8181342378343787
12.2,0.05424162409363799,0.0825797633288078,0.15933300737770947,-0.8181342378343787
12.3,0.056616676110962876,0.08253754692682756,0.16686133499710767,-0.7514874676723284
12.3,0.056616676110962945,0.08249546759108753,0.16686133499710806,-0.7514874676723036
12.3,0.056616676110962945,0.0824535246551392,0.16686133499710806,-0.7514874676723036
12.3,0.056616676110962945,0.08241171745684764,0.16686133499710806,-0.7514874676723036
12.3,0.056616676110962876,0.08237004533835672,0.16686133499710767,-0.7514874676723284
12.4,0.05843256085360496,0.08233143649241356,0.17304867240883415,-0.6414281663068238
12.4,0.05843256085360496,0.08229295199057973,0.17304867240883415,-0.6414281663068238
12.4,0.05843256085360516,0.08225459123312479,0.17304867240883504,-0.6414281663067847
12.4,0.05843256085360516,0.08221635362416889,0.17304867240883504,-0.6414281663067847
12.4,0.058432560853605015,0.08217823857165196,0.17304867240883448,-0.6414281663068007
12.5,0.06137145364867655,0.0821449477157752,0.18269757025898875,-0.49654989519274295
12.5,0.06137145364867655,0.08211176322046033,0.1826975702589888,-0.49654989519273585
12.5,0.06137145364867655,0.08207868457680519,0.1826975702589888,-0.49654989519273585
12.5,0.0613714536486765,0.08204571127914892,0.1826975702589885,-0.49654989519276427
12.5,0.0613714536486765,0.08201284282504642,0.1826975702589885,-0.49654989519276427
12.6,0.06439859577365231,0.08198488370274262,0.19231427485735503,-0.3822571899431449
12.6,0.06439859577365249,0.08195701319889304,0.19231427485735578,-0.382257189943104
12.6,0.06439859577365231,0.08192923089284045,0.19231427485735503,-0.3822571899431449
12.6,0.06439859577365249,0.0819015363665858,0.19231427485735578,-0.382257189943104
12.6,0.06439859577365249,0.0818739292047673,0.19231427485735575,-0.38225718994311103
12.7,0.06724710132792486,0.08185089483015809,0.20120358779355552,-0.2921128380141145
12.7,0.06724710132792486,0.08182793289068917,0.20120358779355552,-0.2921128380141145
12.7,0.0672471013279249,0.08180504304522171,0.20120358779355574,-0.29211283801409316
12.7,0.06724710132792504,0.08178222495475573,0.20120358779355618,-0.2921128380140754
12.7,0.06724710132792504,0.08175947828241327,0.20120358779355618,-0.2921128380140754
12.8,0.06972439238561302,0.08174067346069952,0.20887863422516023,-0.21229866847898118
12.8,0.06972439238561302,0.08172192731237646,0.20887863422516023,-0.21229866847898118
12.8,0.06972439238561311,0.08170323956326936,0.20887863422516056,-0.21229866847893855
12.8,0.06972439238561311,0.08168460994090909,0.20887863422516056,-0.21229866847893855
12.8,0.06972439238561319,0.08166603817451888,0.20887863422516081,-0.21229866847894918
12.9,0.07206545677060451,0.08165115355218723,0.21599690732717117,-0.17183646992417856
12.9,0.0720654567706047,0.08163631501227765,0.21599690732717186,-0.17183646992412704
12.9,0.0720654567706047,0.08162152234111586,0.21599690732717186,-0.17183646992412704
12.9,0.07206545677060451,0.08160677532634655,0.21599690732717117,-0.17183646992417856
12.9,0.07206545677060466,0.08159207375692322,0.2159969073271717,-0.17183646992414836
13.0,0.07430181403222724,0.08158085797273137,0.22273880514994246,-0.1546775776724871
13.0,0.07430181403222705,0.08156967664563382,0.22273880514994177,-0.15467757767253865
13.0,0.07430181403222721,0.08155852961708565,0.22273880514994235,-0.15467757767250845
13.0,0.07430181403222705,0.08154741672951313,0.22273880514994177,-0.15467757767253865
13.0,0.07430181403222724,0.08153633782630626,0.22273880514994246,-0.1546775776724871
13.1,0.07643733794144014,0.08152855309365761,0.22917397256483024,-0.13879947721329877
13.1,0.07643733794144028,0.08152079209494996,0.22917397256483074,-0.13879947721324726
13.1,0.07643733794144036,0.08151305472180916,0.22917397256483096,-0.13879947721325792
13.1,0.07643733794144014,0.08150534086651985,0.22917397256483024,-0.13879947721329877
13.1,0.07643733794144028,0.08149765042202049,0.22917397256483074,-0.13879947721324726
13.2,0.07904837946232314,0.08149393940541488,0.23699558085049996,-0.1420675380932881
13.2,0.07904837946232315,0.08149023961730129,0.23699558085049996,-0.1420675380933094
13.2,0.07904837946232314,0.08148655100679526,0.23699558085049996,-0.1420675380932881
13.2,0.07904837946232293,0.08148287352331944,0.23699558085049918,-0.14206753809335027
13.2,0.07904837946232293,0.08147920711660107,0.23699558085049918,-0.14206753809335027
13.3,0.08183818239017092,0.08147974692904253,0.2453761266240493,-0.1343250653538579
13.3,0.08183818239017082,0.08148028512042561,0.24537612662404898,-0.13432506535388636
13.3,0.08183818239017072,0.08148082169804143,0.24537612662404865,-0.13432506535391653
13.3,0.08183818239017092,0.08148135666913742,0.2453761266240493,-0.1343250653538579
13.3,0.08183818239017072,0.08148189004091774,0.24537612662404865,-0.13432506535391653
13.4,0.08486799444937371,0.08148694392809454,0.2545075985134155,-0.11006784089328468
13.4,0.08486799444937379,0.08149198275152417,0.2545075985134158,-0.1100678408932243
13.4,0.08486799444937371,0.0814970065784555,0.2545075985134155,-0.11006784089328468
13.4,0.08486799444937379,0.0815020154757377,0.2545075985134158,-0.1100678408932243
13.4,0.08486799444937386,0.08150700950982322,0.254507598513416,-0.11006784089324562
13.5,0.08750804531361993,0.08151589993323624,0.2624613078712389,-0.08751366864745336
13.5,0.08750804531361978,0.08152476405362143,0.2624613078712384,-0.08751366864752441
13.5,0.08750804531361993,0.08153360198753574,0.2624613078712389,-0.08751366864745336
13.5,0.08750804531361978,0.08154241385084855,0.2624613078712384,-0.08751366864752441
13.5,0.08750804531361993,0.0815511997587466,0.2624613078712389,-0.08751366864748533
13.6,0.08970274640675613,0.08156318732734662,0.2690423212794925,-0.08853646404246973
13.6,0.08970274640675625,0.08157513969016514,0.269042321279493,-0.08853646404240045
13.6,0.08970274640675627,0.0815870570020663,0.269042321279493,-0.08853646404243067
13.6,0.08970274640675625,0.08159893941700729,0.269042321279493,-0.08853646404240045
13.6,0.08970274640675613,0.08161078708804492,0.2690423212794925,-0.08853646404246973
13.7,0.09180119111480912,0.08162566359027379,0.2753243800601855,-0.09592786707908552
13.7,0.09180119111480912,0.08164049672077603,0.2753243800601855,-0.09592786707908552
13.7,0.09180119111480936,0.08165528666894784,0.27532438006018634,-0.09592786707901091
13.7,0.09180119111480936,0.08167003362308427,0.27532438006018634,-0.09592786707901091
13.7,0.09180119111480937,0.0816847377703872,0.2753243800601863,-0.09592786707904112
13.8,0.09378423027584412,0.08170227326677193,0.2812864605153126,-0.08679333446079873
13.8,0.09378423027584412,0.08171975800918738,0.2812864605153126,-0.08679333446079873
13.8,0.09378423027584405,0.0817371922176652,0.2812864605153123,-0.08679333446086623
13.8,0.09378423027584405,0.08175457611096705,0.2812864605153123,-0.08679333446086623
13.8,0.09378423027584414,0.08177190990659366,0.2812864605153126,-0.08679333446082714
13.9,0.09547482432789609,0.08179162633022144,0.2863547686898453,-0.08824873762321417
13.9,0.09547482432789611,0.08181128609745948,0.2863547686898454,-0.08824873762318575
13.9,0.09547482432789586,0.08183088945216599,0.2863547686898445,-0.08824873762325858
13.9,0.09547482432789611,0.0818504366368017,0.2863547686898454,-0.08824873762318575
13.9,0.09547482432789586,0.08186992789243988,0.2863547686898445,-0.08824873762325858
14.0,0.09736114536067515,0.08189205820310878,0.2920266484232186,-0.07887793701008228
14.0,0.0973611453606748,0.08191412537451757,0.29202664842321746,-0.07887793701016221
14.0,0.0973611453606748,0.08193612967649216,0.29202664842321746,-0.07887793701016221
14.0,0.09736114536067515,0.08195807137732314,0.2920266484232186,-0.07887793701008228
14.0,0.09736114536067503,0.08197995074377676,0.2920266484232182,-0.0788779370101178
14.1,0.09896723121023003,0.08200404617706251,0.2968537487283762,-0.071886231179624
14.1,0.09896723121023011,0.08202807335133046,0.2968537487283765,-0.07188623117965243
14.1,0.09896723121022978,0.08205203255622281,0.29685374872837544,-0.07188623117970216
14.1,0.09896723121023003,0.08207592407974543,0.2968537487283762,-0.071886231179624
14.1,0.09896723121022978,0.08209974820827926,0.29685374872837544,-0.07188623117970216
14.2,0.10117190471644316,0.08212661040054428,0.30344291812598195,-0.08760863363322358
14.2,0.10117190471644316,0.08215339703108704,0.30344291812598195,-0.08760863363322358
14.2,0.10117190471644323,0.08218010841828557,0.30344291812598206,-0.08760863363326088
14.2,0.10117190471644291,0.08220674487873181,0.30344291812598106,-0.08760863363331238
14.2,0.10117190471644291,0.08223330672724401,0.30344291812598106,-0.08760863363331238
14.3,0.1027823892343664,0.08226204670277844,0.3082742422659484,-0.08699676182310867
14.3,0.10278238923436661,0.0822907063990516,0.30827424226594907,-0.08699676182305716
14.3,0.10278238923436663,0.08231928615195999,0.3082742422659492,-0.08699676182302163
14.3,0.1027823892343664,0.08234778629552879,0.3082742422659484,-0.08699676182310867
14.3,0.10278238923436663,0.08237620716192495,0.3082742422659492,-0.08699676182302163
14.4,0.10464742044855471,0.08240713940260083,0.31391075463685225,-0.05667026582495893
14.4,0.10464742044855471,0.08243798583955778,0.31391075463685225,-0.05667026582495893
14.4,0.10464742044855449,0.08246874682932093,0.3139107546368515,-0.056670265825054855
14.4,0.10464742044855481,0.08249942272644296,0.3139107546368525,-0.056670265824996235
14.4,0.10464742044855449,0.08253001388351772,0.3139107546368515,-0.056670265825054855
14.5,0.10607028586558162,0.08256248322418264,0.3181875074212792,-0.048457970598859035
14.5,0.10607028586558183,0.08259486311762809,0.31818750742128,-0.04845797059875423
14.5,0.10607028586558183,0.08262715393296229,0.31818750742128,-0.04845797059875423
14.5,0.10607028586558183,0.08265935603726533,0.31818750742127994,-0.04845797059879864
14.5,0.10607028586558162,0.08269146979560323,0.3181875074212792,-0.048457970598859035
14.6,0.10698415633901513,0.08272474744840241,0.3209305061477656,-0.04679523619049242
14.6,0.10698415633901513,0.08275793405427193,0.3209305061477656,-0.04679523619049242
14.6,0.10698415633901513,0.08279102998635492,0.3209305061477655,-0.046795236190536826
14.6,0.10698415633901492,0.08282403561575828,0.32093050614776486,-0.046795236190595446
14.6,0.10698415633901492,0.08285695131156653,0.32093050614776486,-0.046795236190595446
14.7,0.10741275719285223,0.08289036057126896,0.3222217325043966,-0.04052694661154277
14.7,0.10741275719285212,0.0829236790449396,0.3222217325043963,-0.04052694661159428
14.7,0.10741275719285193,0.08295690710212808,0.3222217325043956,-0.040526946611654686
14.7,0.10741275719285193,0.08299004511038109,0.3222217325043956,-0.040526946611654686
14.7,0.10741275719285223,0.08302309343525589,0.3222217325043966,-0.04052694661154277
14.8,0.10783477550351607,0.08305662273534814,0.3234932502189512,-0.03310040990354856
14.8,0.10783477550351607,0.08309006153800425,0.3234932502189512,-0.03310040990354856
14.8,0.10783477550351626,0.0831234102091168,0.3234932502189518,-0.033100409903436656
14.8,0.10783477550351626,0.08315666911260859,0.3234932502189518,-0.03310040990348995
14.8,0.10783477550351626,0.08318983861044583,0.3234932502189518,-0.033100409903436656
14.9,0.10822672519248899,0.08322344516961636,0.3246736633457152,-0.025334524221509724
14.9,0.10822672519248928,0.08325696163077302,0.32467366334571607,-0.025334524221444003
14.9,0.10822672519248927,0.08329038835575524,0.32467366334571607,-0.02533452422139071
14.9,0.10822672519248927,0.08332372570446744,0.32467366334571607,-0.02533452422139071
14.9,0.10822672519248899,0.08335697403489205,0.3246736633457152,-0.025334524221509724
15.0,0.10854778644014805,0.08339056178476571,0.32564022349950406,-0.017554151915891936
15.0,0.10854778644014805,0.0834240600865705,0.32564022349950406,-0.017554151915891936
15.0,0.10854778644014787,0.08345746929714705,0.32564022349950356,-0.01755415191601095
15.0,0.10854778644014787,0.08349078977144055,0.32564022349950356,-0.01755415191601095
15.0,0.10854778644014816,0.0835240218625131,0.3256402234995044,-0.017554151915945226
15.1,0.10877873116808932,0.0835574718086132,0.3263351976240018,-0.009882027115299508
15.1,0.10877873116808903,0.0835908332627924,0.326335197624001,-0.009882027115427405
15.1,0.10877873116808923,0.08362410657574523,0.32633519762400154,-0.009882027115359904
15.1,0.10877873116808932,0.0836572920963156,0.3263351976240018,-0.009882027115299508
15.1,0.10877873116808903,0.08369039017150898,0.326335197624001,-0.009882027115427405
15.2,0.10887725043341168,0.08372353077711675,0.326631676535724,-0.002706409730942383
15.2,0.10887725043341187,0.08375658428520648,0.32663167653572456,-0.002706409730814485
15.2,0.10887725043341187,0.08378955103868181,0.32663167653572456,-0.002706409730814485
15.2,0.10887725043341187,0.0838224313786487,0.32663167653572456,-0.0027064097308748813
15.2,0.10887725043341168,0.08385522564442717,0.326631676535724,-0.002706409730942383
15.3,0.10884295154441637,0.0838878893384141,0.32652868711057587,0.004051828198408103
15.3,0.10884295154441656,0.08392046774860469,0.3265286871105764,0.0040518281985360005
15.3,0.10884295154441656,0.08395296120857317,0.3265286871105764,0.0040518281985360005
15.3,0.10884295154441656,0.08398537005015629,0.3265286871105764,0.004051828198473828
15.3,0.10884295154441637,0.08401769460346482,0.32652868711057587,0.004051828198408103
15.4,0.10866669574492502,0.08404970629325893,0.3259989745770141,0.010450740290862015
15.4,0.10866669574492492,0.0840816349436502,0.32599897457701377,0.010450740290925966
15.4,0.10866669574492492,0.08411348087733062,0.32599897457701377,0.010450740290925966
15.4,0.10866669574492473,0.08414524441532234,0.32599897457701327,0.010450740290787408
15.4,0.10866669574492473,0.0841769258769885,0.32599897457701327,0.010450740290787408
15.5,0.10834275961594736,0.08420810759794199,0.32502549731474867,0.016548431649068718
15.5,0.10834275961594746,0.0842392089536353,0.3250254973147489,0.016548431649137996
15.5,0.10834275961594725,0.08427023025435901,0.32502549731474834,0.016548431648997664
15.5,0.10834275961594725,0.08430117180880836,0.32502549731474834,0.016548431648997664
15.5,0.10834275961594746,0.08433203392409352,0.3250254973147489,0.016548431649137996
15.6,0.10787055426007439,0.08436221151426786,0.3236065573774332,0.022468727819259016
15.6,0.10787055426007428,0.08439231182508194,0.32360655737743294,0.022468727819116907
15.6,0.10787055426007448,0.08442233515300393,0.32360655737743355,0.022468727819195067
15.6,0.10787055426007439,0.08445228179298742,0.3236065573774332,0.022468727819259016
15.6,0.10787055426007428,0.08448215203848115,0.32360655737743294,0.022468727819116907
15.7,0.10724147163116042,0.08451114480229348,0.32171636753429184,0.028291799894248015
15.7,0.10724147163116049,0.08454006379316989,0.3217163675342921,0.028291799894173412
15.7,0.10724147163116042,0.0845689092923287,0.32171636753429184,0.028291799894248015
15.7,0.10724147163116028,0.08459768157956071,0.3217163675342915,0.028291799894097025
15.7,0.10724147163116028,0.08462638093323828,0.3217163675342915,0.028291799894097025
15.8,0.1064402130596919,0.08465399337896798,0.3193089139945428,0.03427856764664661
15.8,0.1064402130596919,0.08468153600814715,0.3193089139945428,0.03427856764664661
15.8,0.10644021305969179,0.08470900908523245,0.31930891399454253,0.03427856764657555
15.8,0.10644021305969165,0.0847364128733465,0.31930891399454214,0.034278567646486735
15.8,0.10644021305969165,0.08476374763428648,0.31930891399454214,0.034278567646486735
15.9,0.10548545907927154,0.08478981268012924,0.31644015610325726,0.04050051369686614
15.9,0.10548545907927147,0.08481581223590706,0.316440156103257,0.04050051369694074
15.9,0.1054854590792712,0.08484174654813212,0.3164401561032563,0.040500513696779095
15.9,0.10548545907927147,0.08486761586208091,0.316440156103257,0.04050051369694074
15.9,0.1054854590792712,0.08489342042180206,0.3164401561032563,0.040500513696779095
16.0,0.10468711404021859,0.08491816253882507,0.31403770881985527,0.049071876176290274
16.0,0.10468711404021831,0.08494284287777813,0.31403770881985454,0.049071876176128626
16.0,0.10468711404021831,0.08496746166975125,0.31403770881985454,0.049071876176128626
16.0,0.10468711404021865,0.08499201914468334,0.3140377088198555,0.04907187617621389
16.0,0.10468711404021859,0.08501651553136932,0.31403770881985527,0.049071876176290274
16.1,0.10338830322516196,0.08503933762788335,0.3101350373021336,0.05551585180987929
16.1,0.10338830322516195,0.08506210309388493,0.31013503730213365,0.055515851809799344
16.1,0.1033883032251616,0.08508481213989642,0.31013503730213277,0.0555158518097123
16.1,0.1033883032251616,0.08510746497539798,0.31013503730213277,0.0555158518097123
16.1,0.10338830322516196,0.08513006180883403,0.3101350373021336,0.05551585180987929
16.2,0.10194415341008128,0.08515081994661336,0.3057955593074453,0.062137843973591345
16.2,0.10194415341008153,0.08517152689293084,0.3057955593074458,0.06213784397376898
16.2,0.10194415341008145,0.08519218283691748,0.3057955593074457,0.062137843973683715
16.2,0.10194415341008128,0.08521278796677378,0.3057955593074453,0.062137843973591345
16.2,0.10194415341008153,0.08523334246977539,0.3057955593074458,0.06213784397376898
16.3,0.1003735732914586,0.08525191944010875,0.301075528365242,0.06930084387646751
16.3,0.10037357329145823,0.08527045087865208,0.3010755283652411,0.069300843876281
16.3,0.10037357329145823,0.08528893695259677,0.3010755283652411,0.069300843876281
16.3,0.1003735732914586,0.08530737782831666,0.301075528365242,0.06930084387646751
16.3,0.10037357329145867,0.085325773671373,0.3010755283652423,0.06930084387637336
16.4,0.0994279758694476,0.08534297147893162,0.29817566248965366,0.1077748625573367
16.4,0.09942797586944802,0.08536012739170935,0.29817566248965455,0.107774862557525
16.4,0.09942797586944804,0.08537724156260684,0.2981756624896548,0.10777486255743084
16.4,0.0994279758694476,0.08539431414378161,0.29817566248965366,0.1077748625573367
16.4,0.09942797586944802,0.08541134528665258,0.29817566248965455,0.107774862557525
16.5,0.09742230484763453,0.08542590402551438,0.29214461026598765,0.1157233853615054
16.5,0.09742230484763488,0.08544042751319249,0.2921446102659885,0.1157233853616102
16.5,0.09742230484763487,0.08545491587756304,0.29214461026598826,0.11572338536170612
16.5,0.09742230484763487,0.0854693692458844,0.29214461026598826,0.11572338536170612
16.5,0.09742230484763453,0.08548378774480087,0.29214461026598765,0.1157233853615054
16.6,0.09536244921604536,0.08549568974657344,0.2859952823068259,0.10148115339135089
16.6,0.09536244921604481,0.08550756310333574,0.2859952823068244,0.10148115339124963
16.6,0.09536244921604543,0.08551940791837505,0.2859952823068259,0.10148115339145392
16.6,0.09536244921604543,0.08553122429448269,0.2859952823068259,0.10148115339145392
16.6,0.09536244921604481,0.08554301233395697,0.2859952823068244,0.10148115339124963
16.7,0.09307272672086835,0.08555202995597723,0.27913154317895217,0.09964741455655357
16.7,0.09307272672086787,0.08556102600473905,0.2791315431789511,0.09964741455633863
16.7,0.09307272672086835,0.08557000055756596,0.27913154317895217,0.09964741455655357
16.7,0.09307272672086826,0.08557895369141237,0.2791315431789521,0.09964741455644699
16.7,0.09307272672086787,0.08558788548286583,0.2791315431789511,0.09964741455633863
16.8,0.09079341134156621,0.08559408253745952,0.27228156244693974,0.10767040397519523
16.8,0.09079341134156621,0.08560026485470577,0.27228156244693974,0.10767040397519523
16.8,0.09079341134156586,0.08560643248711297,0.27228156244693913,0.10767040397497141
16.8,0.09079341134156586,0.08561258548694033,0.27228156244693913,0.10767040397497141
16.8,0.09079341134156614,0.08561872390619936,0.27228156244693974,0.10767040397509042
16.9,0.08904459985773895,0.08562277819726627,0.267007164679266,0.12316985266586222
16.9,0.08904459985773881,0.08562682290372074,0.2670071646792658,0.12316985266575387
16.9,0.0890445998577385,0.08563085805951061,0.2670071646792651,0.1231698526656313
16.9,0.08904459985773895,0.08563488369842362,0.267007164679266,0.12316985266586222
16.9,0.0890445998577385,0.0856388998540883,0.2670071646792651,0.1231698526656313
17.0,0.08707846134283857,0.08564059345583978,0.26105633124933986,0.14810657215215706
17.0,0.08707846134283811,0.08564228307732862,0.2610563312493391,0.1481065721519066
17.0,0.08707846134283852,0.08564396873256983,0.26105633124933997,0.1481065721520345
17.0,0.08707846134283811,0.0856456504355127,0.2610563312493391,0.1481065721519066
17.0,0.08707846134283857,0.08564732820004119,0.26105633124933986,0.14810657215215706
17.1,0.08466491974677878,0.08564617918430639,0.25380557092847716,0.15439624114709716
17.1,0.08466491974677826,0.08564503285318778,0.25380557092847594,0.15439624114696035
17.1,0.08466491974677899,0.08564388919728766,0.25380557092847755,0.15439624114721084
17.1,0.08466491974677826,0.0856427482072521,0.25380557092847594,0.15439624114696035
17.1,0.08466491974677899,0.08564160987377076,0.25380557092847755,0.15439624114721084
17.2,0.08168370635776881,0.08563700766038006,0.24487201128744232,0.15294325625835903
17.2,0.08168370635776827,0.0856324161373805,0.24487201128744132,0.15294325625808192
17.2,0.08168370635776827,0.08562783526756657,0.24487201128744132,0.15294325625808192
17.2,0.0816837063577686,0.08562326501390514,0.24487201128744202,0.1529432562582258
17.2,0.08168370635776881,0.08561870533953461,0.24487201128744232,0.15294325625835903
17.3,0.07880393289575478,0.08561082698988862,0.236201114453091,0.16888407225592061
17.3,0.07880393289575582,0.08560296683504551,0.2362011144530934,0.16888407225619595
17.3,0.07880393289575541,0.08559512481204748,0.2362011144530925,0.1688840722560645
17.3,0.07880393289575582,0.08558730085822686,0.2362011144530934,0.16888407225619595
17.3,0.07880393289575478,0.08557949491120445,0.236201114453091,0.16888407225592061
17.4,0.07617209048583731,0.08556868180266955,0.228211532056917,0.20659937520517424
17.4,0.07617209048583684,0.08555789352331612,0.22821153205691597,0.20659937520503924
17.4,0.07617209048583627,0.0855471299877227,0.22821153205691475,0.20659937520487756
17.4,0.07617209048583627,0.08553639111085914,0.22821153205691475,0.20659937520487756
17.4,0.07617209048583731,0.08552567680808452,0.228211532056917,0.20659937520517424
17.5,0.07318555307540195,0.08551157380953288,0.21918709045914636,0.23211876455875569
17.5,0.07318555307540195,0.08549750300960808,0.21918709045914636,0.23211876455875569
17.5,0.07318555307540277,0.08548346429816657,0.2191870904591483,0.23211876455891378
17.5,0.0731855530754032,0.08546945756556662,0.21918709045914908,0.23211876455906655
17.5,0.0731855530754032,0.08545548270266541,0.21918709045914908,0.23211876455906655
17.6,0.07065358921204594,0.08543866236915333,0.21151382133455493,0.2598072491246662
17.6,0.07065358921204447,0.08542188022028034,0.21151382133455168,0.25980724912434283
17.6,0.07065358921204447,0.0854051361261667,0.21151382133455168,0.25980724912434283
17.6,0.07065358921204537,0.08538842995752102,0.2115138213345538,0.2598072491245063
17.6,0.07065358921204594,0.085371761585637,0.21151382133455493,0.2598072491246662
17.7,0.0679659766748648,0.0853520940320655,0.20338333651799015,0.2842445278261856
17.7,0.06796597667486592,0.08533247087477748,0.2033833365179929,0.28424452782636145
17.7,0.06796597667486659,0.08531289196361637,0.20338333651799428,0.2842445278265284
17.7,0.06796597667486659,0.08529335714910201,0.20338333651799428,0.2842445278265284
17.7,0.0679659766748648,0.08527386628242684,0.20338333651799015,0.2842445278261856
17.8,0.06467880912339953,0.085250725768765,0.19339489324979336,0.32535910449849936
17.8,0.06467880912339846,0.08522763719789478,0.19339489324979092,0.3253591044983075
17.8,0.06467880912340038,0.08520460039512068,0.1933948932497952,0.325359104498677
17.8,0.06467880912339846,0.08518161518652972,0.19339489324979092,0.3253591044983075
17.8,0.06467880912340038,0.08515868139898708,0.1933948932497952,0.325359104498677
17.9,0.061479471241813466,0.08513222418093437,0.18363728312555444,0.37295659083881105
17.9,0.06147947124181148,0.08510582601917195,0.18363728312555022,0.3729565908384167
17.9,0.06147947124181148,0.08507948671618716,0.18363728312555022,0.3729565908384167
17.9,0.061479471241812675,0.0850532060753471,0.1836372831255529,0.37295659083861565
17.9,0.061479471241813466,0.08502698390089378,0.18363728312555444,0.37295659083881105
18.0,0.05839648649054179,0.0849973944593267,0.1741978128679294,0.4257989025167497
18.0,0.05839648649054065,0.08496787069909498,0.1741978128679269,0.42579890251655433
18.0,0.05839648649053932,0.08493841240174624,0.1741978128679239,0.4257989025163482
18.0,0.05839648649053932,0.08490901934979585,0.1741978128679239,0.4257989025163482
18.0,0.05839648649054179,0.08487969132672145,0.1741978128679294,0.4257989025167497
18.1,0.05542814986197927,0.0848471481869814,0.16506757114203782,0.48421470552175805
18.1,0.055428149861976514,0.08481467688640193,0.1650675711420317,0.48421470552134593
18.1,0.05542814986197927,0.08478227718736729,0.16506757114203782,0.48421470552175805
18.1,0.05542814986197807,0.0847499488533085,0.1650675711420352,0.48421470552156265
18.1,0.055428149861976514,0.08471769164869757,0.1650675711420317,0.48421470552134593
18.2,0.052500056500081695,0.08468228765402876,0.15600930807862945,0.5508029895354198
18.2,0.052500056500078746,0.08464696138492453,0.15600930807862304,0.5508029895349846
18.2,0.052500056500080466,0.0846117125857087,0.15600930807862695,0.5508029895352049
18.2,0.052500056500081695,0.0845765410018252,0.15600930807862945,0.5508029895354198
18.2,0.052500056500078746,0.08454144637983205,0.15600930807862304,0.5508029895349846
18.3,0.05075039451580887,0.08450451626850523,0.15060597638367093,0.5885682100434124
18.3,0.0507503945158056,0.08446766679060927,0.15060597638366363,0.5885682100429772
18.3,0.05075039451580739,0.08443089768234885,0.1506059763836678,0.5885682100431886
18.3,0.05075039451580887,0.08439420868107811,0.15060597638367093,0.5885682100434124
18.3,0.0507503945158056,0.08435759952529434,0.15060597638366363,0.5885682100429772
18.4,0.048928461837818946,0.08431908959302535,0.14495667674090396,0.6320592212837663
18.4,0.048928461837818946,0.08428066328710221,0.14495667674090396,0.6320592212837663
18.4,0.04892846183781522,0.08424232033542187,0.14495667674089543,0.6320592212833311
18.4,0.04892846183781728,0.08420406046706043,0.14495667674090035,0.6320592212835389
18.4,0.04892846183781522,0.08416588341226687,0.14495667674089543,0.6320592212833311
18.5,0.0469780013610996,0.08412568029653587,0.13869336984536662,0.7142161178337236
18.5,0.04697800136109783,0.08408556401258832,0.13869336984536287,0.714216117833482
18.5,0.046978001361095575,0.08404553427941519,0.1386933698453575,0.7142161178332778
18.5,0.0469780013610996,0.08400559081721873,0.13869336984536662,0.7142161178337236
18.5,0.046978001361095575,0.0839657333474059,0.1386933698453575,0.7142161178332778
18.6,0.045994646798435145,0.08392490422208441,0.13514530317387471,0.8127613109694849
18.6,0.045994646798430815,0.08388416280702142,0.13514530317386492,0.8127613109690656
18.6,0.04599464679843315,0.08384350881988774,0.1351453031738705,0.8127613109692522
18.6,0.045994646798435145,0.08380294197956464,0.13514530317387471,0.8127613109694849
18.6,0.045994646798430815,0.08376246200613731,0.13514530317386492,0.8127613109690656
18.7,0.044925866612446005,0.08372092554047561,0.1312935152765293,0.9114870537753195
18.7,0.044925866612443785,0.08367947782794566,0.13129351527652447,0.9114870537750992
18.7,0.04492586661244126,0.0836381185843859,0.13129351527651842,0.9114870537749286
18.7,0.04492586661244126,0.08359684752684651,0.13129351527651842,0.9114870537749286
18.7,0.044925866612446005,0.08355566437358304,0.1312935152765293,0.9114870537753195
18.8,0.04239936602073063,0.08351188107746298,0.12348723844800466,0.9685754858302733
18.8,0.04239936602073336,0.08346819083829536,0.12348723844801143,0.9685754858304277
18.8,0.04239936602073063,0.08342459335972045,0.12348723844800466,0.9685754858302733
18.8,0.042399366020735824,0.08338108834663563,0.12348723844801703,0.9685754858306357
18.8,0.042399366020735824,0.0833376755051887,0.12348723844801703,0.9685754858306357
18.9,0.040354732494894574,0.0832921909094106,0.11728425620843648,1.0021809900066225
18.9,0.040354732494897474,0.08324680247556863,0.11728425620844396,1.0021809900067504
18.9,0.04035473249490016,0.0832015098990315,0.11728425620845019,1.00218099000696
18.9,0.04035473249490016,0.08315631287645331,0.11728425620845019,1.00218099000696
18.9,0.040354732494894574,0.08311121110576672,0.11728425620843648,1.0021809900066225
19.0,0.038948378328350686,0.08306472391336946,0.11296148606311221,1.0341891074442495
19.0,0.03894837832835673,0.08301833448583526,0.11296148606312767,1.0341891074445266
19.0,0.03894837832835673,0.08297204251508161,0.11296148606312767,1.0341891074445266
19.0,0.038948378328350686,0.08292584769431904,0.11296148606311221,1.0341891074442495
19.0,0.03894837832835382,0.08287974971804445,0.11296148606312059,1.0341891074443454
19.1,0.03846992065123384,0.08283324727923104,0.11139207642375913,1.0585459311829135
19.1,0.03846992065123697,0.08278684212585448,0.11139207642376772,1.0585459311829741
19.1,0.03846992065124,0.08274053395294474,0.11139207642377555,1.0585459311830983
19.1,0.03846992065124,0.08269432245680518,0.11139207642377555,1.0585459311830983
19.1,0.03846992065123384,0.08264820733500583,0.11139207642375913,1.0585459311829135
19.2,0.038245870669632344,0.0826019549009794,0.11065093858782851,1.0707907124143572
19.2,0.038245870669632344,0.08255579872592075,0.11065093858782851,1.0707907124143572
19.2,0.038245870669625856,0.08250973850964602,0.11065093858781064,1.0707907124142384
19.2,0.038245870669625856,0.08246377395321818,0.11065093858781064,1.0707907124142384
19.2,0.03824587066962913,0.08241790475894059,0.11065093858782,1.0707907124142526
19.3,0.038537840042330254,0.08237243318928607,0.11155040409321439,1.0636052361256247
19.3,0.03853784004233692,0.08232705576366811,0.11155040409323326,1.0636052361256816
19.3,0.03853784004233353,0.08228177219001627,0.11155040409322409,1.0636052361255963
19.3,0.03853784004233692,0.08223658217746702,0.11155040409323326,1.0636052361256816
19.3,0.038537840042330254,0.08219148543635747,0.11155040409321439,1.0636052361256247
19.4,0.039305220476946574,0.08214727279206942,0.11401449975663779,1.0317890381475898
19.4,0.039305220476943355,0.08210315121398999,0.11401449975662795,1.0317890381476555
19.4,0.03930522047695004,0.08205912042105065,0.11401449975664749,1.0317890381476342
19.4,0.03930522047695004,0.08201518013333832,0.11401449975664749,1.0317890381476342
19.4,0.039305220476943355,0.08197133007208945,0.11401449975662795,1.0317890381476555
19.5,0.04044931027525402,0.08192874338511834,0.11774862316753094,0.9766695362904
19.5,0.04044931027525716,0.0818862439659484,0.11774862316754078,0.9766695362903038
19.5,0.04044931027526048,0.08184383154661301,0.11774862316755054,0.9766695362902951
19.5,0.04044931027525402,0.08180150586024147,0.11774862316753094,0.9766695362904
19.5,0.04044931027526048,0.08175926664105354,0.11774862316755054,0.9766695362902951
19.6,0.042815404874042604,0.08171952800659742,0.12468582116579563,0.9702781374010173
19.6,0.042815404874042604,0.08167987038872529,0.12468582116579563,0.9702781374010173
19.6,0.04281540487404564,0.08164029353993235,0.1246858211658054,0.9702781374008999
19.6,0.042815404874049084,0.08160079721372086,0.12468582116581559,0.9702781374008786
19.6,0.042815404874049084,0.08156138116459519,0.12468582116581559,0.9702781374008786
19.7,0.044771572231181306,0.0815240311047643,0.13029384312795197,0.9812119321042677
19.7,0.0447715722311847,0.08148675680570389,0.13029384312796224,0.9812119321042196
19.7,0.0447715722311784,0.081449558037138,0.1302938431279424,0.9812119321044044
19.7,0.0447715722311847,0.08141243456972307,0.13029384312796224,0.9812119321042196
19.7,0.0447715722311784,0.08137538617504306,0.1302938431279424,0.9812119321044044
19.8,0.047302940890544536,0.08134096956364457,0.13792775642610539,0.9497089972062795
19.8,0.04730294089053824,0.081306622410594,0.13792775642608535,0.9497089972064838
19.8,0.04730294089053824,0.08127234450583588,0.13792775642608535,0.9497089972064838
19.8,0.04730294089054102,0.08123813564016086,0.13792775642609467,0.9497089972063365
19.8,0.047302940890544536,0.08120399560520149,0.13792775642610539,0.9497089972062795
19.9,0.05015467513946346,0.08117279025799974,0.14707353533207237,0.8507633979713312
19.9,0.05015467513945754,0.08114164757213775,0.14707353533205317,0.8507633979715621
19.9,0.0501546751394602,0.08111056735906587,0.14707353533206222,0.8507633979714093
19.9,0.05015467513946346,0.08107954943099012,0.14707353533207237,0.8507633979713312
19.9,0.05015467513945754,0.08104859360086845,0.14707353533205317,0.8507633979715621
20.0,0.053052461626830326,0.08102059746889442,0.1562590210408149,0.7645384312863079
20.0,0.05305246162682444,0.08099265727324799,0.15625902104079584,0.7645384312865371
20.0,0.05305246162682699,0.08096477284645516,0.15625902104080452,0.7645384312863825
20.0,0.053052461626830326,0.08093694402170978,0.1562590210408149,0.7645384312863079
20.0,0.05305246162682444,0.08090917063287024,0.15625902104079584,0.7645384312865371
20.1,0.05656253378639253,0.08088494512357026,0.16700905803742816,0.7116594410409496
20.1,0.0565625337863901,0.08086076777631661,0.16700905803741983,0.711659441041105
20.1,0.05656253378639576,0.0808366384476275,0.16700905803743826,0.7116594410408759
20.1,0.05656253378639576,0.08081255699459057,0.16700905803743826,0.7116594410408759
20.1,0.0565625337863901,0.08078852327485994,0.16700905803741983,0.711659441041105
20.2,0.058471906408511354,0.08076642761459624,0.17316543642126167,0.6413936449821218
20.2,0.05847190640851452,0.0807443756648375,0.1731654364212716,0.641393644982041
20.2,0.05847190640850903,0.08072236729600714,0.17316543642125368,0.6413936449822799
20.2,0.05847190640850903,0.08070040237904022,0.17316543642125368,0.6413936449822799
20.2,0.05847190640851452,0.08067848078538092,0.1731654364212716,0.641393644982041
20.3,0.060552258023179595,0.0806586519944822,0.17983464635421711,0.5670251035506197
20.3,0.06055225802318494,0.08063886223663642,0.17983464635423457,0.5670251035503755
20.3,0.06055225802318494,0.08061911139670186,0.17983464635423457,0.5670251035503755
20.3,0.060552258023179595,0.08059939935998917,0.17983464635421711,0.5670251035506197
20.3,0.06055225802318183,0.08057972601225923,0.17983464635422478,0.5670251035504617
20.4,0.06273127344087473,0.0805622275293461,0.18693507094598688,0.462896939403719
20.4,0.06273127344087473,0.08054476332357874,0.18693507094598688,0.462896939403719
20.4,0.0627312734408769,0.08052733329433931,0.1869350709459942,0.4628969394035618
20.4,0.06273127344087995,0.08050993734140337,0.18693507094600378,0.4628969394034721
20.4,0.06273127344087995,0.08049257536493801,0.18693507094600378,0.4628969394034721
20.5,0.06474902472191765,0.08047721580333506,0.1933637794056173,0.38160607683491055
20.5,0.06474902472192277,0.08046188618239801,0.1933637794056337,0.3816060768346663
20.5,0.06474902472191765,0.08044658641466629,0.1933637794056173,0.38160607683491055
20.5,0.06474902472192277,0.08043131641301965,0.1933637794056337,0.3816060768346663
20.5,0.06474902472191976,0.0804160760906765,0.19336377940562433,0.3816060768347551
20.6,0.06669561642794813,0.08040275525605249,0.19951401911699368,0.30274872542011
20.6,0.06669561642794312,0.08038946026203882,0.19951401911697778,0.30274872542034803
20.6,0.06669561642794312,0.08037619103351741,0.19951401911697778,0.30274872542034803
20.6,0.06669561642794518,0.0803629474956611,0.1995140191169845,0.3027487254201944
20.6,0.06669561642794813,0.08034972957393217,0.19951401911699368,0.30274872542011
20.7,0.06855876039757879,0.08033833733318207,0.2053197108893809,0.23556905055350352
20.7,0.06855876039758373,0.08032696708517473,0.20531971088939638,0.23556905055326816
20.7,0.06855876039757879,0.08031561876628603,0.2053197108893809,0.23556905055350352
20.7,0.0685587603975808,0.08030429231313697,0.20531971088938739,0.23556905055335253
20.7,0.06855876039758373,0.08029298766259264,0.20531971088939638,0.23556905055326816
20.8,0.07066688552101112,0.08028373179514882,0.21177389827668247,0.18502341284234267
20.8,0.07066688552100822,0.08027449371035136,0.2117738982766736,0.18502341284242618
20.8,0.07066688552100625,0.08026527335700268,0.21177389827666732,0.18502341284257537
20.8,0.07066688552100625,0.08025607068410143,0.21177389827666732,0.18502341284257537
20.8,0.07066688552101112,0.08024688564084176,0.21177389827668247,0.18502341284234267
20.9,0.07312571395689937,0.08024007112248392,0.21920480309119034,0.1585620470277771
20.9,0.07312571395690419,0.08023326963379789,0.21920480309120524,0.15856204702754972
20.9,0.07312571395690132,0.08022648113744937,0.2192048030911965,0.15856204702763144
20.9,0.07312571395690419,0.08021970559624655,0.21920480309120524,0.15856204702754972
20.9,0.07312571395689937,0.08021294297313945,0.21920480309119034,0.1585620470277771
21.0,0.07593577709880585,0.08020886948183056,0.22766347295529854,0.14216134444485728
21.0,0.07593577709881061,0.08020480374217022,0.22766347295531325,0.14216134444463527
21.0,0.07593577709881061,0.08020074573205295,0.22766347295531325,0.14216134444463527
21.0,0.07593577709880775,0.08019669542945727,0.2276634729553045,0.14216134444471606
21.0,0.07593577709880585,0.08019265281244527,0.22766347295529854,0.14216134444485728
21.1,0.07822905812554018,0.0801907915852539,0.23457298061480286,0.12478693348560821
21.1,0.07822905812554487,0.08018893388311402,0.23457298061481735,0.1247869334853915
21.1,0.07822905812554204,0.08018707969602076,0.2345729806148087,0.12478693348547054
21.1,0.07822905812554018,0.08018522901400708,0.23457298061480286,0.12478693348560821
21.1,0.07822905812554487,0.08018338182714356,0.23457298061481735,0.1247869334853915
21.2,0.08022311668232868,0.08018341931285601,0.24054870889213334,0.12665737498908403
21.2,0.08022311668232868,0.08018345672790736,0.24054870889213334,0.12665737498908403
21.2,0.0802231166823335,0.08018349407249721,0.24054870889214824,0.12665737498887708
21.2,0.08022311668233051,0.08018353134682443,0.2405487088921391,0.12665737498894813
21.2,0.0802231166823335,0.08018356855108713,0.24054870889214824,0.12665737498887708
21.3,0.08245180451816869,0.08018569835011725,0.247241228164228,0.12154476486982624
21.3,0.08245180451817145,0.08018782415327678,0.2472412281642364,0.12154476486975253
21.3,0.08245180451817145,0.08018994597180058,0.2472412281642364,0.12154476486975253
21.3,0.0824518045181669,0.08019206381688145,0.2472412281642224,0.12154476486995947
21.3,0.0824518045181669,0.08019417769967031,0.2472412281642224,0.12154476486995947
21.4,0.08409357471390214,0.0801978219959453,0.2521420224946848,0.13264584887899925
21.4,0.08409357471390039,0.08020145948681173,0.25214202249467926,0.13264584887913156
21.4,0.08409357471390039,0.08020509019131462,0.25214202249467926,0.13264584887913156
21.4,0.08409357471390483,0.08020871412842794,0.252142022494693,0.13264584887893527
21.4,0.08409357471390483,0.080212331317055,0.252142022494693,0.13264584887893527
21.5,0.08568060789979756,0.0802174180859692,0.2568623903836748,0.14946857728437557
21.5,0.08568060789979585,0.08022249539992256,0.2568623903836694,0.14946857728450613
21.5,0.08568060789980046,0.08022756328525207,0.2568623903836837,0.1494685772843134
21.5,0.08568060789980046,0.08023262176819693,0.2568623903836837,0.1494685772843134
21.5,0.08568060789979585,0.08023767087489905,0.2568623903836694,0.14946857728450613
21.6,0.08741370263215906,0.08024431534874836,0.26206131115936737,0.14812907916228643
21.6,0.08741370263215906,0.08025094752939907,0.26206131115936737,0.14812907916228643
21.6,0.08741370263216357,0.08025756745093582,0.26206131115938136,0.14812907916209817
21.6,0.08741370263216357,0.08026417514731737,0.26206131115938136,0.14812907916209817
21.6,0.08741370263216071,0.0802707706523772,0.2620613111593727,0.14812907916215678
21.7,0.08905765887567459,0.08027886916686872,0.2669863466029261,0.14951844262741254
21.7,0.08905765887567296,0.0802869527669689,0.2669863466029209,0.14951844262754133
21.7,0.08905765887567296,0.08029502149383984,0.2669863466029209,0.14951844262754133
21.7,0.08905765887567742,0.08030307538849225,0.2669863466029347,0.14951844262735925
21.7,0.08905765887567742,0.08031111449178628,0.2669863466029347,0.14951844262735925
21.8,0.09066655795991786,0.08032061489863777,0.27180945620429253,0.1496034281326768
21.8,0.09066655795991786,0.08033009788952804,0.27180945620429253,0.1496034281326768
21.8,0.09066655795991946,0.08033956351230313,0.27180945620429764,0.14960342813254976
21.8,0.09066655795992226,0.08034901181463397,0.27180945620430613,0.14960342813249472
21.8,0.09066655795992226,0.08035844284401723,0.27180945620430613,0.14960342813249472
21.9,0.09210263789235412,0.08036916813629882,0.2761121280261499,0.15058940058507986
21.9,0.09210263789235135,0.08037987385687916,0.27611212802614143,0.15058940058513046
21.9,0.09210263789234979,0.0803905600592816,0.27611212802613644,0.15058940058525572
21.9,0.09210263789234979,0.0804012267968345,0.27611212802613644,0.15058940058525572
21.9,0.09210263789235412,0.08041187412267209,0.2761121280261499,0.15058940058507986
22.0,0.09342894093186674,0.08042370781977136,0.28011915388729797,0.13836350956798515
22.0,0.09342894093186249,0.08043552002059977,0.28011915388728487,0.1383635095681468
22.0,0.09342894093186399,0.08044731078367715,0.28011915388728964,0.13836350956802157
22.0,0.09342894093186249,0.08045908016731103,0.28011915388728487,0.1383635095681468
22.0,0.09342894093186674,0.08047082822959777,0.28011915388729797,0.13836350956798515
22.1,0.09450214077957776,0.080483526250005,0.28331288026782303,0.14781072258906036
22.1,0.09450214077958048,0.08049620130835,0.28331288026783125,0.14781072258902572
22.1,0.09450214077958048,0.0805088534668606,0.28331288026783125,0.14781072258902572
22.1,0.09450214077957629,0.08052148278753996,0.28331288026781826,0.14781072258918382
22.1,0.09450214077957629,0.08053408933216759,0.28331288026781826,0.14781072258918382
22.2,0.09584624828436127,0.08054788406996236,0.2873179392169415,0.1567688151276192
22.2,0.09584624828436127,0.08056165397474578,0.2873179392169415,0.1567688151276192
22.2,0.09584624828436271,0.08057539911351343,0.2873179392169462,0.15676881512749663
22.2,0.09584624828436562,0.08058911955302003,0.28731793921695503,0.15676881512747354
22.2,0.09584624828436562,0.08060281535978066,0.28731793921695503,0.15676881512747354
22.3,0.0964340298824744,0.08061701375845572,0.2891391259174183,0.1342656969995062
22.3,0.09643402988247031,0.08063118671197186,0.2891391259174057,0.13426569699965452
22.3,0.0964340298824744,0.08064533428866882,0.2891391259174183,0.1342656969995062
22.3,0.09643402988247031,0.0806594565566418,0.2891391259174057,0.13426569699965452
22.3,0.09643402988247171,0.08067355358374265,0.28913912591741014,0.13426569699953106
22.4,0.09697802375314957,0.0806881111463939,0.29079137030954433,0.12528782850557985
22.4,0.09697802375315362,0.08070264273658727,0.2907913703095568,0.1252878285054413
22.4,0.09697802375314957,0.0807171484237678,0.29079137030954433,0.12528782850557985
22.4,0.09697802375315094,0.08073162827713323,0.2907913703095487,0.12528782850545728
22.4,0.09697802375315362,0.08074608236563503,0.2907913703095568,0.1252878285054413
22.5,0.09746042036385014,0.08076093955496677,0.2922593989349766,0.11549142415639936
22.5,0.09746042036384736,0.08077577035497466,0.2922593989349683,0.11549142415641711
22.5,0.09746042036385014,0.08079057483590533,0.2922593989349766,0.11549142415639936
22.5,0.09746042036384603,0.08080535306775635,0.292259398934964,0.11549142415654057
22.5,0.09746042036384603,0.08082010512027724,0.292259398934964,0.11549142415654057
22.6,0.09787552040651865,0.08083519840814117,0.293507664414416,0.1138353292374017
22.6,0.09787552040651995,0.08085026500584089,0.2935076644144202,0.11383532923727824
22.6,0.09787552040652273,0.08086530498411003,0.2935076644144286,0.11383532923726403
22.6,0.09787552040652273,0.08088031841343254,0.2935076644144286,0.11383532923726403
22.6,0.09787552040651865,0.08089530536404374,0.293507664414416,0.1138353292374017
22.7,0.09783045135462012,0.08091022619751562,0.29339301837533505,0.10354879311612475
22.7,0.09783045135462407,0.08092512076191448,0.29339301837534704,0.10354879311599152
22.7,0.09783045135462141,0.08093998912655187,0.2933930183753391,0.10354879311600129
22.7,0.09783045135462407,0.0809548313604957,0.29339301837534704,0.10354879311599152
22.7,0.09783045135462012,0.08096964753257131,0.29339301837533505,0.10354879311612475
22.8,0.09766325970107863,0.08098429105201736,0.2929138113877548,0.09109041306408107
22.8,0.09766325970107989,0.08099890890359411,0.2929138113877588,0.09109041306395671
22.8,0.09766325970108253,0.08101350115473026,0.29291381138776673,0.09109041306394428
22.8,0.09766325970107863,0.08102806787261858,0.2929138113877548,0.09109041306408107
22.8,0.09766325970108253,0.08104260912421689,0.29291381138776673,0.09109041306394428
22.9,0.09739192621630867,0.0810568880037733,0.29211293408675704,0.0829649243051751
22.9,0.09739192621631132,0.08107114196381913,0.29211293408676503,0.08296492430516711
22.9,0.09739192621630743,0.08108537106953186,0.2921129340867532,0.08296492430530034
22.9,0.09739192621631132,0.08109957538586181,0.29211293408676503,0.08296492430516711
22.9,0.09739192621630743,0.08111375497753322,0.2921129340867532,0.08296492430530034
23.0,0.09700280443704466,0.0811275715422806,0.29095063344305866,0.0797108932031394
23.0,0.09700280443704862,0.08114136409909622,0.2909506334430707,0.07971089320300885
23.0,0.09700280443704466,0.08115513271050069,0.29095063344305866,0.0797108932031394
23.0,0.09700280443704862,0.08116887743879779,0.2909506334430707,0.07971089320300885
23.0,0.09700280443704586,0.08118259834607529,0.29095063344306243,0.07971089320301417
23.1,0.09648525330855282,0.08119584739799086,0.2893972315377331,0.08044044981399345
23.1,0.096485253308549,0.08120907352767127,0.2893972315377215,0.08044044981412046
23.1,0.09648525330855016,0.08122227679455189,0.2893972315377252,0.08044044981399345
23.1,0.096485253308549,0.08123545725786276,0.2893972315377215,0.08044044981412046
23.1,0.09648525330855282,0.08124861497662954,0.2893972315377331,0.08044044981399345
23.2,0.09583198534640869,0.08126118684763796,0.28743270423341843,0.08390803413998782
23.2,0.09583198534640755,0.08127373706167652,0.28743270423341477,0.0839080341401166
23.2,0.09583198534640755,0.08128626567465823,0.28743270423341477,0.0839080341401166
23.2,0.09583198534641134,0.08129877274230375,0.2874327042334264,0.08390803413999048
23.2,0.09583198534641134,0.08131125832014233,0.2874327042334264,0.08390803413999048
23.3,0.09510226506453283,0.08132309609417185,0.28522493093704576,0.09582448140313993
23.3,0.09510226506453394,0.08133491356327166,0.28522493093704937,0.09582448140300937
23.3,0.09510226506453283,0.0813467107796395,0.28522493093704576,0.09582448140313993
23.3,0.09510226506453659,0.08135848779529438,0.2852249309370573,0.09582448140301647
23.3,0.09510226506453659,0.0813702446620773,0.2852249309370573,0.09582448140301647
23.4,0.09415300937607676,0.0813811701020038,0.2823489299712393,0.11168668255982084
23.4,0.09415300937607783,0.08139207688191333,0.28234892997124267,0.1116866825596894
23.4,0.09415300937608048,0.08140296504957048,0.2823489299712506,0.1116866825596947
23.4,0.09415300937607676,0.08141383465257687,0.2823489299712393,0.11168668255982084
23.4,0.09415300937608048,0.08142468573837203,0.2823489299712506,0.1116866825596947
23.5,0.09324939105603992,0.08143474931736577,0.2796072081038842,0.12698877822286025
23.5,0.09324939105604371,0.08144479578142928,0.27960720810389583,0.12698877822272966
23.5,0.09324939105604371,0.08145482517418597,0.27960720810389583,0.12698877822272966
23.5,0.09324939105603992,0.08146483753911114,0.2796072081038842,0.12698877822286025
23.5,0.09324939105604095,0.08147483291953261,0.27960720810388756,0.12698877822272703
23.6,0.0919500293175737,0.0814837102046157,0.27571307115113214,0.1260791628798481
23.6,0.0919500293175737,0.08149257245619314,0.27571307115113214,0.1260791628798481
23.6,0.09195002931757006,0.08150141971242104,0.27571307115112087,0.12607916287997778
23.6,0.09195002931757106,0.0815102520113265,0.27571307115112414,0.1260791628798419
23.6,0.09195002931757006,0.08151906939080812,0.27571307115112087,0.12607916287997778
23.7,0.09119163056575032,0.08152723188968992,0.2733846196931061,0.14919335894498165
23.7,0.09119163056575391,0.08153538062381815,0.2733846196931172,0.14919335894484664
23.7,0.09119163056575032,0.08154351562798152,0.2733846196931061,0.14919335894498165
23.7,0.09119163056575125,0.0815516369368517,0.27338461969310923,0.14919335894484398
23.7,0.09119163056575391,0.08155974458498366,0.2733846196931172,0.14919335894484664
23.8,0.08957395557087285,0.08156647921606425,0.2684680493253515,0.17386748005967242
23.8,0.08957395557087285,0.08157320253794065,0.2684680493253515,0.17386748005967242
23.8,0.0895739555708764,0.08157991457907567,0.2684680493253625,0.17386748005953834
23.8,0.08957395557087372,0.0815866153678366,0.2684680493253545,0.1738674800595312
23.8,0.0895739555708764,0.08159330493249575,0.2684680493253625,0.17386748005953834
23.9,0.08779185979188123,0.08159849200769188,0.26310453904210895,0.18148529853662776
23.9,0.08779185979188485,0.08160367040884924,0.26310453904212017,0.18148529853649187
23.9,0.08779185979188206,0.08160884015770724,0.2631045390421118,0.181485298536483
23.9,0.08779185979188485,0.08161400127593275,0.26310453904212017,0.18148529853649187
23.9,0.08779185979188123,0.08161915378512037,0.26310453904210895,0.18148529853662776
24.0,0.0858685349280636,0.08162269493607283,0.2573266781493338,0.18615792234500805
24.0,0.08586853492806437,0.08162623019002119,0.2573266781493366,0.18615792234485973
24.0,0.08586853492806706,0.08162975956168346,0.25732667814934457,0.18615792234487216
24.0,0.0858685349280636,0.08163328306572867,0.2573266781493338,0.18615792234500805
24.0,0.08586853492806706,0.08163680071677712,0.25732667814934457,0.18615792234487216
24.1,0.08433062703467802,0.0816390362572899,0.25271466054498953,0.18727253085075457
24.1,0.08433062703467457,0.08164126809043865,0.2527146605449788,0.18727253085089046
24.1,0.08433062703467802,0.08164349622543801,0.25271466054498953,0.18727253085075457
24.1,0.0843306270346753,0.08164572067147215,0.25271466054498143,0.18727253085073858
24.1,0.08433062703467457,0.08164794143769481,0.2527146605449788,0.18727253085089046
24.2,0.08223611515087255,0.08164842753167265,0.2463971366307116,0.20093457948357596
24.2,0.08223611515087582,0.08164891282285283,0.2463971366307219,0.20093457948343382
24.2,0.08223611515087322,0.08164939731322249,0.2463971366307141,0.20093457948341964
24.2,0.08223611515087255,0.08164988100476218,0.2463971366307116,0.20093457948357596
24.2,0.08223611515087582,0.08165036389944598,0.2463971366307219,0.20093457948343382
24.3,0.08021951496436361,0.08164918624600147,0.2403438722734112,0.204574339120839
24.3,0.08021951496436422,0.08164801052948696,0.2403438722734135,0.20457433912067824
24.3,0.08021951496436361,0.0816468367451278,0.2403438722734112,0.204574339120839
24.3,0.08021951496436691,0.08164566488816494,0.24034387227342152,0.20457433912069603
24.3,0.08021951496436691,0.081644494953855,0.24034387227342152,0.20457433912069603
24.4,0.07773106072599496,0.08164128722088136,0.232863962126127,0.2125745712776892
24.4,0.07773106072599165,0.08163808474217957,0.23286396212611665,0.21257457127782597
24.4,0.07773106072599219,0.08163488750485044,0.2328639621261188,0.21257457127765989
24.4,0.07773106072599496,0.081631695496037,0.232863962126127,0.2125745712776892
24.4,0.07773106072599165,0.08162850870292421,0.23286396212611665,0.21257457127782597
24.5,0.0759240876573677,0.08162385203268294,0.22741322650600596,0.2246212892862971
24.5,0.0759240876573677,0.08161920295896735,0.22741322650600596,0.2246212892862971
24.5,0.07592408765737098,0.08161456146320403,0.2274132265060162,0.22462128928616032
24.5,0.07592408765737098,0.08160992752688007,0.2274132265060162,0.22462128928616032
24.5,0.07592408765736816,0.08160530113154278,0.22741322650600787,0.22462128928612657
24.6,0.07350962709255558,0.0815987192827306,0.22012510525162943,0.24209108843633675
24.6,0.07350962709255558,0.08159214812741772,0.22012510525162943,0.24209108843633675
24.6,0.07350962709255873,0.08158558763956475,0.22012510525163936,0.24209108843618932
24.6,0.07350962709255596,0.08157903779321682,0.22012510525163115,0.24209108843615912
24.6,0.07350962709255873,0.08157249856250316,0.22012510525163936,0.24209108843618932
24.7,0.07118028472016558,0.08156408381445268,0.21313121185314146,0.24780288280126594
24.7,0.07118028472016558,0.08155568268249938,0.21313121185314146,0.24780288280126594
24.7,0.07118028472016247,0.08154729513362118,0.21313121185313166,0.24780288280141605
24.7,0.07118028472016247,0.08153892113490271,0.21313121185313166,0.24780288280141605
24.7,0.07118028472016277,0.08153056065353488,0.2131312118531332,0.2478028828012322
24.8,0.06874322765814911,0.08152024828821601,0.20580731554334497,0.2560464519769576
24.8,0.06874322765814612,0.08150995254234167,0.2058073155433355,0.25604645197711834
24.8,0.06874322765814635,0.08149967337576823,0.20580731554333678,0.25604645197692744
24.8,0.06874322765814612,0.08148941074848133,0.2058073155433355,0.25604645197711834
24.8,0.06874322765814911,0.0814791646205952,0.20580731554334497,0.2560464519769576
24.9,0.0665631778174118,0.0814671839083035,0.19909260623110364,0.30936150717562594
24.9,0.0665631778174118,0.08145522242668962,0.19909260623110364,0.30936150717562594
24.9,0.06656317781741192,0.08144328012948893,0.19909260623110472,0.30936150717542876
24.9,0.06656317781741469,0.08143135697058501,0.19909260623111294,0.3093615071754545
24.9,0.06656317781741469,0.08141945290400922,0.19909260623111294,0.3093615071754545
25.0,0.06393644339664135,0.08140546649640332,0.19111066774229776,0.3415118197991225
25.0,0.06393644339664413,0.08139150244916131,0.19111066774230678,0.34151181979894574
25.0,0.06393644339664413,0.08137756070870403,0.19111066774230678,0.34151181979894574
25.0,0.06393644339664135,0.08136364122162337,0.19111066774229776,0.3415118197991225
25.0,0.06393644339664135,0.0813497439346816,0.1911106677422986,0.3415118197989173
25.1,0.061127925870060495,0.08133363093223966,0.18267574672731254,0.351609388515695
25.1,0.06112792587006333,0.08131754358744495,0.1826757467273209,0.35160938851572254
25.1,0.06112792587006063,0.08130148183906198,0.18267574672731207,0.35160938851590906
25.1,0.06112792587006333,0.08128544562605006,0.1826757467273209,0.35160938851572254
25.1,0.06112792587006063,0.08126943488756239,0.18267574672731207,0.35160938851590906
25.2,0.057863927511974535,0.08125085908805796,0.17277303361924196,0.3886481647688962
25.2,0.05786392751197202,0.08123231275056701,0.1727730336192336,0.3886481647690996
25.2,0.05786392751197202,0.08121379580505307,0.1727730336192336,0.3886481647690996
25.2,0.057863927511974535,0.08119530818170145,0.17277303361924196,0.3886481647688962
25.2,0.057863927511971745,0.08117684981091845,0.1727730336192337,0.388648164768874
25.3,0.05562412730337951,0.08115665003028007,0.16580156966002937,0.453389995809661
25.3,0.05562412730337709,0.08113648216082754,0.16580156966002113,0.45338999580987505
25.3,0.05562412730337666,0.08111634612700161,0.165801569660021,0.45338999580964146
25.3,0.05562412730337709,0.0810962418534814,0.16580156966002113,0.45338999580987505
25.3,0.05562412730337951,0.08107616926518345,0.16580156966002937,0.453389995809661
25.4,0.053848174447009636,0.08105472989918489,0.16020714913065964,0.5150571406704315
25.4,0.0538481744470125,0.08103332426940348,0.16020714913066805,0.5150571406704492
25.4,0.05384817444701024,0.08101195229627266,0.1602071491306602,0.5150571406706708
25.4,0.05384817444701024,0.08099061390047592,0.1602071491306602,0.5150571406706708
25.4,0.0538481744470125,0.08096930900294572,0.16020714913066805,0.5150571406704492
25.5,0.051717423618312046,0.08094636634774209,0.1535238452759841,0.5800433637086098
25.5,0.051717423618309985,0.08092345965281307,0.1535238452759766,0.5800433637088513
25.5,0.051717423618309985,0.08090058883367877,0.1535238452759766,0.5800433637088513
25.5,0.051717423618312046,0.08087775380612372,0.1535238452759841,0.5800433637086098
25.5,0.05171742361830919,0.0808549544861958,0.15352384527597562,0.5800433637086049
25.6,0.04978903130219802,0.08083068423370829,0.1471332619975416,0.6926526651973428
25.6,0.04978903130219802,0.08080645187388666,0.1471332619975416,0.6926526651973428
25.6,0.049789031302196196,0.0807822573180585,0.14713326199753451,0.6926526651976053
25.6,0.049789031302196196,0.08075810047782792,0.14713326199753451,0.6926526651976053
25.6,0.049789031302195176,0.0807339812650743,0.14713326199753313,0.6926526651973549
25.7,0.04712468610647949,0.08070782617156567,0.13894778929180643,0.7421346048435375
25.7,0.047124686106481115,0.0806817117547188,0.13894778929181306,0.7421346048432542
25.7,0.047124686106481115,0.08065563791971629,0.13894778929181306,0.7421346048432542
25.7,0.04712468610647949,0.0806296045720352,0.13894778929180643,0.7421346048435375
25.7,0.04712468610647823,0.08060361161744595,0.13894778929180437,0.7421346048432804
25.8,0.04460628643817383,0.08057570671420619,0.13098897247017466,0.8240796463623297
25.8,0.04460628643817383,0.08054784504087076,0.13098897247017466,0.8240796463623297
25.8,0.044606286438172355,0.08052002649706062,0.13098897247016827,0.8240796463626285
25.8,0.044606286438172355,0.08049225098270726,0.13098897247016827,0.8240796463626285
25.8,0.04460628643817083,0.08046451839805151,0.13098897247016555,0.8240796463623683
25.9,0.043384735244818846,0.08043588536086754,0.1267484435927913,0.9170745451172846
25.9,0.043384735244815904,0.08040729651046935,0.1267484435927822,0.9170745451173512
25.9,0.0433847352448177,0.08037875174465157,0.1267484435927856,0.9170745451176039
25.9,0.0433847352448177,0.08035025096152382,0.1267484435927856,0.9170745451176039
25.9,0.043384735244818846,0.08032179405950941,0.1267484435927913,0.9170745451172846
26.0,0.04244491755956361,0.0802926580006633,0.12320723614941001,1.0212359306632948
26.0,0.04244491755956286,0.08026356673206907,0.12320723614940514,1.021235930663631
26.0,0.04244491755956078,0.08023452015052336,0.12320723614940102,1.0212359306633922
26.0,0.04244491755956286,0.08020551815313966,0.12320723614940514,1.021235930663631
26.0,0.04244491755956361,0.08017656063734704,0.12320723614941001,1.0212359306632948
26.1,0.04191102737836607,0.08014723838963901,0.12108054583422463,1.0915495768052297
26.1,0.04191102737836573,0.08011796104583252,0.12108054583422073,1.091549576805576
26.1,0.041911027378363386,0.08008872850285817,0.1210805458342158,1.0915495768053571
26.1,0.04191102737836607,0.08005954065796177,0.12108054583422463,1.0915495768052297
26.1,0.04191102737836573,0.0800303974087031,0.12108054583422073,1.091549576805576
26.2,0.04177006446153871,0.08000119104767472,0.12006519803423454,1.161397603477914
26.2,0.041770064461538824,0.07997202924249842,0.12006519803423173,1.161397603478263
26.2,0.04177006446153622,0.07994291189129342,0.12006519803422597,1.1613976034780713
26.2,0.04177006446153871,0.07991383889248935,0.12006519803423454,1.161397603477914
26.2,0.041770064461538824,0.07988481014482501,0.12006519803423173,1.161397603478263
26.3,0.042012615598234354,0.07985600999688083,0.12001096078437345,1.2419867380290002
26.3,0.042012615598232106,0.07982725361815847,0.12001096078436525,1.241986738029185
26.3,0.04201261559823493,0.0797985409089558,0.12001096078437179,1.2419867380293432
26.3,0.042012615598234354,0.07976987176987331,0.12001096078437345,1.2419867380290002
26.3,0.04201261559823493,0.07974124610181293,0.12001096078437179,1.2419867380293432
26.4,0.04326272879466401,0.07971361086142872,0.1221926408584522,1.3752384157349649
26.4,0.04326272879466401,0.07968601746092398,0.1221926408584522,1.3752384157349649
26.4,0.04326272879466507,0.07965846580535192,0.12219264085845165,1.3752384157352875
26.4,0.04326272879466507,0.07963095580005283,0.12219264085845165,1.3752384157352875
26.4,0.04326272879466205,0.07960348735065298,0.12219264085844443,1.3752384157351694
26.5,0.044882454476977224,0.07957728279754078,0.1260424857140692,1.4377681620112308
26.5,0.04488245447697407,0.0795511177686414,0.12604248571406126,1.4377681620111529
26.5,0.044882454476977224,0.07952499217460096,0.1260424857140692,1.4377681620112308
26.5,0.04488245447697572,0.07949890592633468,0.12604248571406834,1.4377681620109453
26.5,0.04488245447697572,0.07947285893502591,0.12604248571406834,1.4377681620109453
26.6,0.04663841744164002,0.07944817138503088,0.13165072837731978,1.381696506054773
26.6,0.046638417441638665,0.07942352093127927,0.13165072837731345,1.381696506054987
26.6,0.046638417441641905,0.079398907490221,0.13165072837732208,1.3816965060550306
26.6,0.04663841744164002,0.07937433097855665,0.13165072837731978,1.381696506054773
26.6,0.046638417441641905,0.07934979131323662,0.13165072837732208,1.3816965060550306
26.7,0.04739393964606593,0.07932585434569567,0.1345273607591772,1.3184937737642324
26.7,0.047393939646068264,0.07930195321193846,0.13452736075918115,1.3184937737644629
26.7,0.047393939646064885,0.0792780878315601,0.13452736075917165,1.3184937737644544
26.7,0.047393939646068264,0.07925425812439606,0.13452736075918115,1.3184937737644629
26.7,0.04739393964606593,0.07923046401052128,0.1345273607591772,1.3184937737642324
26.8,0.047636058747548615,0.07920688609614593,0.13566761412333897,1.2787437515100564
26.8,0.04763605874754935,0.07918334334644525,0.13566761412334366,1.2787437515098277
26.8,0.04763605874755189,0.07915983568280971,0.1356676141233485,1.2787437515100386
26.8,0.04763605874755189,0.07913636302686389,0.1356676141233485,1.2787437515100386
26.8,0.04763605874754935,0.07911292530046558,0.13566761412334366,1.2787437515098277
26.9,0.04846280994360874,0.07909013711060918,0.13882111707887967,1.2068475435481631
26.9,0.04846280994360541,0.07906738278136177,0.1388211170788696,1.206847543548212
26.9,0.04846280994360587,0.07904466223730999,0.1388211170788734,1.2068475435479824
26.9,0.04846280994360587,0.07902197540326421,0.1388211170788734,1.2068475435479824
26.9,0.04846280994360874,0.0789993222042578,0.13882111707887967,1.2068475435481631
27.0,0.04978501508429789,0.07897768197676153,0.14374842598878101,1.0994705410861145
27.0,0.04978501508430073,0.07895607378513128,0.14374842598878773,1.0994705410862617
27.0,0.04978501508429754,0.07893449755828155,0.14374842598877785,1.0994705410863255
27.0,0.04978501508430073,0.078912953225337,0.14374842598878773,1.0994705410862617
27.0,0.04978501508429789,0.07889144071563164,0.14374842598878101,1.0994705410861145
27.1,0.05234366073169622,0.07887184825807893,0.1522799714058816,0.9864530558306113
27.1,0.0523436607316991,0.07885228469795623,0.15227997140588873,0.9864530558307418
27.1,0.05234366073169622,0.07883274997137829,0.1522799714058816,0.9864530558306113
27.1,0.05234366073169606,0.07881324401464804,0.1522799714058792,0.9864530558308128
27.1,0.0523436607316991,0.07879376676425587,0.15227997140588873,0.9864530558307418
27.2,0.0541790081452207,0.07877566767703599,0.15891829478527192,0.8456408958345675
27.2,0.0541790081452207,0.07875759518656442,0.15891829478527192,0.8456408958345675
27.2,0.05417900814521764,0.078739549234258,0.15891829478526384,0.8456408958344594
27.2,0.05417900814521771,0.0787215297617055,0.15891829478526245,0.8456408958346483
27.2,0.05417900814521764,0.07870353671066702,0.15891829478526384,0.8456408958344594
27.3,0.05584465486584079,0.07868679027708106,0.16486380815959195,0.7151059930440677
27.3,0.05584465486584079,0.07867006836243154,0.16486380815959195,0.7151059930440677
27.3,0.05584465486583766,0.07865337091290953,0.1648638081595834,0.7151059930439732
27.3,0.05584465486583766,0.07863669787486342,0.1648638081595834,0.7151059930439732
27.3,0.05584465486583777,0.07862004919479838,0.16486380815958232,0.7151059930441616
27.4,0.05882086662457191,0.07860559723671794,0.17469084765055767,0.5673018370709748
27.4,0.05882086662457191,0.07859116636099792,0.17469084765055767,0.5673018370709748
27.4,0.058820866624575086,0.07857675652153988,0.17469084765056658,0.5673018370710579
27.4,0.05882086662457212,0.07856236767237966,0.1746908476505572,0.5673018370711533
27.4,0.058820866624575086,0.07854799976768694,0.17469084765056658,0.5673018370710579
27.5,0.06191857161890814,0.07853590563812418,0.18469992894556223,0.4266755374457083
27.5,0.06191857161890849,0.07852382908723812,0.18469992894556247,0.4266755374458695
27.5,0.061918571618911344,0.07851177007673099,0.1846999289455714,0.42667553744577974
27.5,0.061918571618911344,0.07849972856841618,0.1846999289455714,0.42667553744577974
27.5,0.06191857161890814,0.07848770452421784,0.18469992894556223,0.4266755374457083
27.6,0.06721867532796258,0.07847953856103215,0.20060810748732355,0.4079635754837283
27.6,0.06721867532795935,0.07847138442400603,0.20060810748731422,0.4079635754836657
27.6,0.06721867532796258,0.07846324208746765,0.20060810748732355,0.4079635754837283
27.6,0.06721867532795968,0.07845511152581942,0.20060810748731442,0.4079635754838189
27.6,0.06721867532795935,0.07844699271353774,0.20060810748731422,0.4079635754836657
27.7,0.06899263187949867,0.07844016646022796,0.20624530444631015,0.33664489479656723
27.7,0.06899263187949906,0.07843335005721155,0.20624530444631065,0.33664489479671555
27.7,0.06899263187950193,0.07842654348318293,0.20624530444631964,0.3366448947966232
27.7,0.06899263187949867,0.07841974671689785,0.20624530444631015,0.33664489479656723
27.7,0.06899263187950193,0.0784129597371733,0.20624530444631964,0.3366448947966232
27.8,0.07013514210099522,0.07840700447268684,0.20985556063107574,0.28924739147768275
27.8,0.07013514210099805,0.07840105777076614,0.20985556063108457,0.2892473914775886
27.8,0.07013514210099805,0.07839511961295739,0.20985556063108457,0.2892473914775886
27.8,0.07013514210099489,0.07838918998085978,0.20985556063107524,0.28924739147754996
27.8,0.07013514210099489,0.0783832688561253,0.20985556063107524,0.28924739147754996
27.9,0.07185686858493769,0.07837859043299185,0.21515302411379197,0.24901244198980077
27.9,0.07185686858493769,0.07837391871247032,0.21515302411379197,0.24901244198980077
27.9,0.07185686858494088,0.07836925368016716,0.21515302411380138,0.24901244198983497
27.9,0.07185686858494088,0.07836459532172994,0.21515302411380138,0.24901244198983497
27.9,0.07185686858493807,0.07835994362284732,0.2151530241137927,0.2490124419899291
28.0,0.07395731301717838,0.07835679888670041,0.22153830779585915,0.2193873593658937
28.0,0.0739573130171779,0.07835365863982709,0.22153830779585804,0.21938735936577425
28.0,0.07395731301718123,0.0783505228726212,0.22153830779586797,0.21938735936579468
28.0,0.07395731301718123,0.078347391575504,0.22153830779586797,0.21938735936579468
28.0,0.0739573130171779,0.07834426473892399,0.22153830779585804,0.21938735936577425
28.1,0.0761346349184292,0.07834269204866029,0.22813194517367538,0.19521739416318562
28.1,0.07613463491843248,0.07834112159550935,0.22813194517368518,0.19521739416320072
28.1,0.0761346349184292,0.07833955337470119,0.22813194517367538,0.19521739416318562
28.1,0.07613463491843248,0.0783379873814794,0.22813194517368518,0.19521739416320072
28.1,0.07613463491842973,0.07833642361110109,0.2281319451736767,0.19521739416329442
28.2,0.07860641930150848,0.07833661509740635,0.23561137062305668,0.16796980755492585
28.2,0.07860641930151174,0.07833680631229231,0.23561137062306642,0.16796980755492852
28.2,0.07860641930150848,0.07833699725633567,0.23561137062305668,0.16796980755492585
28.2,0.07860641930151174,0.07833718793011145,0.23561137062306642,0.16796980755492852
28.2,0.078606419301509,0.07833737833419305,0.23561137062305795,0.1679698075550209
28.3,0.08130508933149323,0.07833947565645263,0.24371226428105636,0.16320656066858374
28.3,0.08130508933149005,0.07834157001639264,0.2437122642810468,0.1632065606685842
28.3,0.08130508933149005,0.07834366142028473,0.2437122642810468,0.1632065606685842
28.3,0.08130508933149058,0.0783457498743829,0.24371226428104817,0.1632065606686699
28.3,0.08130508933149323,0.0783478353849235,0.24371226428105636,0.16320656066858374
28.4,0.08359301035713503,0.0783515291701152,0.2505965942390314,0.1525850458582272
28.4,0.0835930103571318,0.07835521775645371,0.25059659423902175,0.15258504585823474
28.4,0.0835930103571318,0.07835890115490707,0.25059659423902175,0.15258504585823474
28.4,0.08359301035713503,0.0783625793764125,0.2505965942390314,0.1525850458582272
28.4,0.08359301035713233,0.07836625243187649,0.2505965942390231,0.15258504585831778
28.5,0.0859605869559894,0.07837158178943728,0.2576942980377387,0.1525276476829429
28.5,0.08596058695599258,0.07837690367244327,0.25769429803774824,0.15252764768293225
28.5,0.08596058695599258,0.07838221809660834,0.25769429803774824,0.15252764768293225
28.5,0.0859605869559894,0.0783875250776023,0.2576942980377387,0.1525276476829429
28.5,0.08596058695598992,0.07839282463105114,0.2576942980377401,0.15252764768302104
28.6,0.08823923961883338,0.0783997102359377,0.26455040699770793,0.14222296299734172
28.6,0.08823923961883019,0.07840658621733734,0.26455040699769833,0.14222296299736034
28.6,0.08823923961883338,0.078413452595411,0.26455040699770793,0.14222296299734172
28.6,0.08823923961883068,0.07842030939026336,0.2645504069976996,0.1422229629974341
28.6,0.08823923961883019,0.07842715662194297,0.26455040699769833,0.14222296299736034
28.7,0.09078222999953002,0.07843576642917474,0.27219701130859003,0.1326214639283814
28.7,0.09078222999952679,0.07844436424503154,0.27219701130858026,0.13262146392840535
28.7,0.09078222999953002,0.07845295009454754,0.27219701130859003,0.1326214639283814
28.7,0.09078222999952679,0.07846152400268731,0.27219701130858026,0.13262146392840535
28.7,0.0907822299995274,0.07847008599434599,0.272197011308582,0.13262146392846752
28.8,0.09298341701849415,0.07848016469644609,0.27884677101876915,0.10895654526286426
28.8,0.09298341701849473,0.07849022941006306,0.27884677101877087,0.10895654526292287
28.8,0.09298341701849733,0.07850028016429915,0.27884677101877875,0.1089565452628376
28.8,0.09298341701849733,0.07851031698817594,0.27884677101877875,0.1089565452628376
28.8,0.09298341701849415,0.0785203399106346,0.27884677101876915,0.10895654526286426
28.9,0.09512383004105529,0.07853183021522313,0.2853092168762711,0.08356575680049437
28.9,0.09512383004105585,0.0785433046272742,0.2853092168762727,0.08356575680054501
28.9,0.09512383004105844,0.07855476317973707,0.2853092168762806,0.08356575680046152
28.9,0.09512383004105529,0.07856620590547003,0.2853092168762711,0.08356575680049437
28.9,0.09512383004105844,0.07857763283724063,0.2853092168762806,0.08356575680046152
29.0,0.09734951598801074,0.07859057896355151,0.2919947311763807,0.07679147654767782
29.0,0.09734951598801019,0.07860350724544293,0.2919947311763791,0.07679147654762808
29.0,0.09734951598801332,0.07861641771978355,0.2919947311763885,0.07679147654759522
29.0,0.09734951598801332,0.07862931042334048,0.2919947311763885,0.07679147654759522
29.0,0.09734951598801019,0.07864218539277974,0.2919947311763791,0.07679147654762808
29.1,0.0995648606633576,0.07865656523832654,0.29868769708171794,0.027158841011282853
29.1,0.09956486066335446,0.07867092533133822,0.2986876970817085,0.027158841011324597
29.1,0.09956486066335446,0.0786852657124858,0.2986876970817085,0.027158841011324597
29.1,0.09956486066335501,0.07869958642232863,0.2986876970817101,0.027158841011363677
29.1,0.0995648606633576,0.07871388750131496,0.29868769708171794,0.027158841011282853
29.2,0.102529427918738,0.0787301995152995,0.30758005458688825,-0.029259645649306165
29.2,0.10252942791873855,0.07874648919935387,0.30758005458689,-0.02925964564926975
29.2,0.10252942791874119,0.07876275659929872,0.3075800545868978,-0.02925964564935235
29.2,0.10252942791874119,0.07877900176082944,0.3075800545868978,-0.02925964564935235
29.2,0.102529427918738,0.07879522472951654,0.30758005458688825,-0.029259645649306165
29.3,0.10381226584927665,0.07881230120809658,0.3114307489191794,-0.024929822750383582
29.3,0.10381226584927665,0.07882935438998005,0.3114307489191794,-0.024929822750383582
29.3,0.1038122658492798,0.07884638432280848,0.3114307489191888,-0.02492982275043598
29.3,0.1038122658492798,0.07886339105409354,0.3114307489191888,-0.02492982275043598
29.3,0.10381226584927722,0.07888037463121757,0.31143074891918116,-0.024929822750357822
29.4,0.10458061482877604,0.07889785778781454,0.31374132977435587,-0.007245543378296304
29.4,0.10458061482877651,0.07891531717397426,0.31374132977435726,-0.007245543378271435
29.4,0.10458061482877909,0.07893275283814194,0.313741329774365,-0.007245543378349595
29.4,0.10458061482877604,0.07895016482863117,0.31374132977435587,-0.007245543378296304
29.4,0.10458061482877909,0.07896755319362447,0.313741329774365,-0.007245543378349595
29.5,0.10528012412612214,0.07898539222476515,0.3158390992806961,0.011357223574210096
29.5,0.10528012412611894,0.07900320708377692,0.3158390992806865,0.01135722357426605
29.5,0.10528012412612214,0.07902099781975684,0.3158390992806961,0.011357223574210096
29.5,0.10528012412611894,0.07903876448166913,0.3158390992806865,0.01135722357426605
29.5,0.10528012412611958,0.07905650711834558,0.3158390992806884,0.011357223574288255
29.6,0.10600969838305248,0.07907471873406496,0.31802183267426193,0.027032406586291913
29.6,0.10600969838305563,0.07909290575611021,0.3180218326742714,0.02703240658623063
29.6,0.10600969838305248,0.07911106823426603,0.31802183267426193,0.027032406586291913
29.6,0.10600969838305563,0.07912920621818295,0.3180218326742714,0.02703240658623063
29.6,0.10600969838305306,0.07914731975737761,0.31802183267426365,0.027032406586307896
29.7,0.10704911871842178,0.07916610884758707,0.32114179403339455,0.023542018175053418
29.7,0.1070491187184212,0.07918487264965358,0.3211417940333928,0.023542018175047197
29.7,0.1070491187184212,0.07920361121459558,0.3211417940333928,0.023542018175047197
29.7,0.10704911871842429,0.0792223245932944,0.32114179403340215,0.023542018174979695
29.7,0.10704911871842429,0.07924101283649461,0.32114179403340215,0.023542018174979695
29.8,0.10765345685545227,0.07926008159086975,0.3229529146590703,0.027180125444866476
29.8,0.10765345685545537,0.07927912476676821,0.3229529146590796,0.027180125444790093
29.8,0.10765345685545277,0.07929814241562122,0.3229529146590717,0.027180125444870917
29.8,0.10765345685545227,0.07931713458872225,0.3229529146590703,0.027180125444866476
29.8,0.10765345685545537,0.07933610133722743,0.3229529146590796,0.027180125444790093
29.9,0.1083406223689761,0.07935550235463996,0.3250142667712166,0.02735495048123582
29.9,0.1083406223689761,0.07937487743486345,0.3250142667712166,0.02735495048123582
29.9,0.10834062236897908,0.07939422662987622,0.32501426677122564,0.027354950481167428
29.9,0.10834062236897908,0.07941354999151781,0.32501426677122564,0.027354950481167428
29.9,0.1083406223689766,0.07943284757148943,0.32501426677121814,0.027354950481240262
30.0,0.1093355228106729,0.07945278268831556,0.32800283567593375,0.019083100466801284
30.0,0.1093355228106729,0.0794726912426942,0.32800283567593375,0.019083100466801284
30.0,0.1093355228106734,0.07949257328767953,0.32800283567593524,0.019083100466795955
30.0,0.10933552281067599,0.07951242887618452,0.32800283567594307,0.01908310046671602
30.0,0.10933552281067599,0.0795322580609814,0.32800283567594307,0.01908310046671602
30.1,0.10935770401872516,0.07955207563304634,0.32807061608631266,0.015603054087629077
30.1,0.10935770401872516,0.07957186688695449,0.32807061608631266,0.015603054087629077
30.1,0.10935770401872257,0.07959163187509767,0.32807061608630483,0.01560305408770901
30.1,0.10935770401872207,0.07961137064972872,0.3280706160863033,0.015603054087712565
30.1,0.10935770401872207,0.07963108326296198,0.3280706160863033,0.015603054087712565
30.2,0.10927422736509781,0.07965071448422166,0.32782147525058764,0.010853787576952989
30.2,0.10927422736510088,0.07967031972107202,0.3278214752505969,0.010853787576866836
30.2,0.10927422736510088,0.0796898990250694,0.3278214752505969,0.010853787576866836
30.2,0.10927422736509841,0.07970945244763386,0.32782147525058947,0.010853787576939668
30.2,0.10927422736509781,0.07972898004004962,0.32782147525058764,0.010853787576952989
30.3,0.10911246899801184,0.0797483750822661,0.32733716087261117,0.004905145648052667
30.3,0.10911246899800878,0.07976774453735563,0.32733716087260195,0.004905145648137044
30.3,0.10911246899800878,0.07978708845591902,0.32733716087260195,0.004905145648137044
30.3,0.10911246899800936,0.07980640688842368,0.32733716087260367,0.004905145648125497
30.3,0.10911246899801184,0.07982569988520419,0.32733716087261117,0.004905145648052667
30.4,0.1088493187979473,0.07984479437133099,0.32654792684506995,-0.001701653869297104
30.4,0.1088493187979473,0.07986386374965224,0.32654792684506995,-0.001701653869297104
30.4,0.10884931879794482,0.0798829080696577,0.3265479268450625,-0.0017016538692242733
30.4,0.10884931879794423,0.07990192738070713,0.3265479268450607,-0.0017016538692038452
30.4,0.10884931879794423,0.07992092173203078,0.3265479268450607,-0.0017016538692038452
30.5,0.10846614152183219,0.07993963990894212,0.3253977014113901,-0.008433013100235698
30.5,0.10846614152183279,0.07995833355351152,0.3253977014113919,-0.008433013100257902
30.5,0.10846614152183537,0.07997700271393608,0.32539770141139956,-0.008433013100338727
30.5,0.10846614152183537,0.0799956474382868,0.32539770141139956,-0.008433013100338727
30.5,0.10846614152183219,0.08001426777450887,0.3253977014113901,-0.008433013100235698
30.6,0.10795063447082806,0.08003252683770908,0.32384964479781164,-0.01493905365760373
30.6,0.10795063447082866,0.08005076204844266,0.3238496447978135,-0.014939053657633925
30.6,0.10795063447083114,0.08006897345341811,0.32384964479782086,-0.014939053657707646
30.6,0.10795063447082806,0.08008716109922202,0.32384964479781164,-0.01493905365760373
30.6,0.10795063447083114,0.08010532503231955,0.32384964479782086,-0.014939053657707646
30.7,0.10731447021227283,0.08012305085979834,0.321938405946825,-0.022303569406096457
30.7,0.10731447021227025,0.08014075360677261,0.3219384059468173,-0.022303569406015633
30.7,0.10731447021226975,0.08015843331829213,0.3219384059468158,-0.022303569405984547
30.7,0.10731447021226975,0.08017609003928952,0.3219384059468158,-0.022303569405984547
30.7,0.10731447021227283,0.0801937238145806,0.321938405946825,-0.022303569406096457
30.8,0.1065241075000394,0.08021082146632441,0.3195619816652437,-0.032178765761108785
30.8,0.1065241075000363,0.08022789692773499,0.3195619816652344,-0.032178765760995987
30.8,0.1065241075000363,0.08024495024198422,0.3195619816652344,-0.032178765760995987
30.8,0.1065241075000394,0.08026198145213201,0.3195619816652437,-0.032178765761108785
30.8,0.1065241075000368,0.08027899060112677,0.31956198166523586,-0.03217876576102796
30.9,0.10556841114789238,0.08029535915811496,0.31668923160562495,-0.040210005561168494
30.9,0.10556841114788934,0.08031170653973836,0.3166892316056159,-0.04021000556104237
30.9,0.10556841114789238,0.08032803278706102,0.31668923160562495,-0.040210005561168494
30.9,0.10556841114788934,0.08034433794104087,0.3166892316056159,-0.04021000556104237
30.9,0.10556841114788976,0.08036062204253012,0.3166892316056172,-0.04021000556108767
31.0,0.10465503856045985,0.08037629585963847,0.3139386785549167,-0.051909215147088794
31.0,0.1046550385604627,0.08039194946550618,0.31393867855492513,-0.05190921514721847
31.0,0.10465503856046017,0.08040758289920139,0.3139386785549177,-0.05190921514714475
31.0,0.10465503856045985,0.08042319619969159,0.3139386785549167,-0.051909215147088794
31.0,0.1046550385604627,0.08043878940584394,0.31393867855492513,-0.05190921514721847
31.1,0.1037070805509553,0.08045375293712698,0.31109665142076953,-0.05029147021432933
31.1,0.10370708055095827,0.08046869723507931,0.31109665142077825,-0.05029147021446789
31.1,0.10370708055095562,0.08048362233675939,0.3110966514207704,-0.05029147021438618
31.1,0.1037070805509553,0.08049852827913051,0.31109665142076953,-0.05029147021432933
31.1,0.10370708055095827,0.08051341509906113,0.31109665142077825,-0.05029147021446789
31.2,0.10257064239533474,0.08052755434732797,0.30768013847543507,-0.057496713207960674
31.2,0.10257064239533166,0.08054167547996603,0.307680138475426,-0.05749671320783544
31.2,0.10257064239533166,0.08055577853176844,0.307680138475426,-0.05749671320783544
31.2,0.10257064239533219,0.0805698635374393,0.30768013847542747,-0.05749671320788696
31.2,0.10257064239533474,0.08058393053159398,0.30768013847543507,-0.057496713207960674
31.3,0.10137967656064428,0.08059721854822595,0.3040339548553174,-0.10514793703281988
31.3,0.10137967656064685,0.0806104895942109,0.30403395485532503,-0.10514793703289449
31.3,0.10137967656064364,0.08062374370203886,0.30403395485531565,-0.10514793703275947
31.3,0.10137967656064685,0.08063698090411706,0.30403395485532503,-0.10514793703289449
31.3,0.10137967656064364,0.08065020123277003,0.30403395485531565,-0.10514793703275947
31.4,0.09982275370113648,0.08066241304962886,0.2993337696699487,-0.11988453271588995
31.4,0.09982275370113945,0.08067460931993535,0.29933376966995723,-0.11988453271604005
31.4,0.09982275370113675,0.08068679007335851,0.29933376966994935,-0.11988453271595834
31.4,0.09982275370113945,0.08069895533949187,0.29933376966995723,-0.11988453271604005
31.4,0.09982275370113648,0.08071110514785378,0.2993337696699487,-0.11988453271588995
31.5,0.09777422982440452,0.08072193887780714,0.2931931304763696,-0.11889180898239536
31.5,0.09777422982440133,0.08073275885937224,0.29319313047636036,-0.11889180898224794
31.5,0.09777422982440191,0.08074356511870326,0.2931931304763619,-0.11889180898232077
31.5,0.09777422982440452,0.08075435768188811,0.2931931304763696,-0.11889180898239536
31.5,0.09777422982440133,0.0807651365749486,0.29319313047636036,-0.11889180898224794
31.6,0.09554801936818005,0.08077449282988103,0.28651842151871115,-0.11843428547579293
31.6,0.0955480193681769,0.08078383724894383,0.28651842151870205,-0.1184342854756295
31.6,0.09554801936818005,0.08079316985458179,0.28651842151871115,-0.11843428547579293
31.6,0.0955480193681769,0.08080249066918292,0.28651842151870205,-0.1184342854756295
31.6,0.0955480193681773,0.08081179971507875,0.2865184215187031,-0.11843428547570944
31.7,0.09371802594669365,0.08081994244456242,0.2810092170236286,-0.12840942723263193
31.7,0.09371802594669695,0.08082807490578696,0.281009217023638,-0.12840942723280424
31.7,0.09371802594669695,0.08083619711816308,0.281009217023638,-0.12840942723280424
31.7,0.09371802594669365,0.08084430910105257,0.2810092170236286,-0.12840942723263193
31.7,0.09371802594669419,0.08085241087376852,0.28100921702362996,-0.12840942723272075
31.8,0.09220825251071892,0.0808595529125339,0.2764730569459038,-0.13247775040881482
31.8,0.09220825251071842,0.08086668597324928,0.2764730569459025,-0.1324777504087118
31.8,0.09220825251072158,0.08087381007283312,0.27647305694591157,-0.13247775040889032
31.8,0.09220825251071842,0.08088092522816136,0.2764730569459025,-0.1324777504087118
31.8,0.09220825251072158,0.0808880314560676,0.27647305694591157,-0.13247775040889032
31.9,0.0894687742034183,0.08089341123208475,0.26824911197402207,-0.1369117687181323
31.9,0.08946877420341871,0.08089878426652795,0.2682491119740231,-0.13691176871822952
31.9,0.0894687742034215,0.08090415057206138,0.2682491119740313,-0.1369117687183139
31.9,0.0894687742034215,0.08090951016131756,0.2682491119740313,-0.1369117687183139
31.9,0.0894687742034183,0.08091486304689736,0.26824911197402207,-0.1369117687181323
32.0,0.08743984753816242,0.0809189411622044,0.26210561740005917,-0.16155491412487377
32.0,0.08743984753816242,0.08092301418305133,0.26210561740005917,-0.16155491412487377
32.0,0.08743984753815971,0.08092708211897835,0.2621056174000513,-0.16155491412479783
32.0,0.08743984753815903,0.08093114497950187,0.2621056174000495,-0.16155491412468193
32.0,0.08743984753815903,0.08093520277411448,0.2621056174000495,-0.16155491412468193
32.1,0.08505105680427279,0.08093776716914886,0.2549389662635092,-0.16391505051277913
32.1,0.08505105680427279,0.08094032837066512,0.2549389662635092,-0.16391505051277913
32.1,0.08505105680426993,0.08094288638462505,0.2549389662635009,-0.16391505051269428
32.1,0.08505105680426953,0.08094544121697558,0.2549389662635,-0.16391505051257882
32.1,0.08505105680426953,0.08094799287364886,0.2549389662635,-0.16391505051257882
32.2,0.08205408837592053,0.08094867988948877,0.24597166647427204,-0.15741720229505596
32.2,0.08205408837592053,0.08094936605242262,0.24597166647427204,-0.15741720229505596
32.2,0.08205408837591764,0.08095005136403768,0.24597166647426358,-0.15741720229497025
32.2,0.08205408837591689,0.08095073582591733,0.24597166647426166,-0.15741720229484946
32.2,0.08205408837591689,0.080951419439641,0.24597166647426166,-0.15741720229484946
32.3,0.0789609317443497,0.08095018693952007,0.23670585705801317,-0.1546130110056545
32.3,0.07896093174435248,0.08094895596477059,0.23670585705802133,-0.15461301100573177
32.3,0.07896093174434896,0.08094772651256253,0.23670585705801125,-0.15461301100551417
32.3,0.07896093174435248,0.0809464985800729,0.23670585705802133,-0.15461301100573177
32.3,0.07896093174434896,0.08094527216448567,0.23670585705801125,-0.15461301100551417
32.4,0.07797967303105728,0.08094344154773664,0.23355321871314558,-0.2297548485745713
32.4,0.0779796730310609,0.08094161318961407,0.23355321871315574,-0.22975484857478715
32.4,0.0779796730310609,0.08093978708594048,0.23355321871315574,-0.22975484857478715
32.4,0.07797967303105795,0.08093796323254869,0.23355321871314713,-0.22975484857470319
32.4,0.07797967303105728,0.08093614162528175,0.23355321871314558,-0.2297548485745713
32.5,0.07477689050899017,0.08093235131690249,0.2237846687652892,-0.27913622859766546
32.5,0.07477689050898643,0.08092856567064916,0.2237846687652789,-0.27913622859744613
32.5,0.07477689050898643,0.08092478467792534,0.2237846687652789,-0.27913622859744613
32.5,0.0747768905089873,0.08092100833015571,0.22378466876528091,-0.2791362285975914
32.5,0.07477689050899017,0.08091723661878607,0.2237846687652892,-0.27913622859766546
32.6,0.07197702143796367,0.0809117518241966,0.21537099440763804,-0.2881591807317041
32.6,0.07197702143796367,0.08090627375529026,0.21537099440763804,-0.2881591807317041
32.6,0.07197702143796766,0.08090080239970365,0.21537099440764915,-0.28815918073191593
32.6,0.07197702143796461,0.0808953377451037,0.21537099440764035,-0.28815918073183466
32.6,0.07197702143796766,0.08088987977918745,0.21537099440764915,-0.28815918073191593
32.7,0.06892782315634997,0.08088256353660467,0.2062809912181871,-0.27890975067109913
32.7,0.06892782315635115,0.08087525623808373,0.2062809912181901,-0.2789097506712439
32.7,0.06892782315634997,0.08086795786723355,0.2062809912181871,-0.27890975067109913
32.7,0.0689278231563541,0.08086066840770309,0.20628099121819865,-0.27890975067131407
32.7,0.0689278231563541,0.08085338784318122,0.20628099121819865,-0.27890975067131407
32.8,0.06593714794448573,0.0808442925749503,0.19726769053126306,-0.29665370085212744
32.8,0.06593714794448166,0.08083520839175075,0.19726769053125173,-0.2966537008519015
32.8,0.06593714794448274,0.08082613527332976,0.1972676905312544,-0.29665370085205955
32.8,0.06593714794448166,0.08081707319948384,0.19726769053125173,-0.2966537008519015
32.8,0.06593714794448573,0.08080802215005865,0.19726769053126306,-0.29665370085212744
32.9,0.062211651341833006,0.0807967173653728,0.18597666303130636,-0.3360587353375952
32.9,0.062211651341833006,0.08078542631675582,0.18597666303130636,-0.3360587353375952
32.9,0.06221165134182866,0.08077414897918758,0.18597666303129431,-0.3360587353373572
32.9,0.06221165134182866,0.0807628853277086,0.18597666303129431,-0.3360587353373572
32.9,0.062211651341829835,0.08075163533742002,0.18597666303129717,-0.3360587353375206
33.0,0.05877335803388131,0.08073831516935727,0.17547538230752813,-0.39169387425332536
33.0,0.058773358033885975,0.08072501113717345,0.17547538230754098,-0.3916938742535736
33.0,0.058773358033885975,0.08071172321156612,0.17547538230754098,-0.3916938742535736
33.0,0.058773358033882755,0.08069845136330377,0.17547538230753168,-0.3916938742535039
33.0,0.05877335803388131,0.08068519556322551,0.17547538230752813,-0.39169387425332536
33.1,0.055562159547923644,0.08067001548104104,0.165600682916801,-0.4568092599274794
33.1,0.055562159547928466,0.08065485373228914,0.16560068291681418,-0.45680925992772453
33.1,0.055562159547928466,0.08063971028377716,0.16560068291681418,-0.45680925992772453
33.1,0.055562159547923644,0.08062458510239244,0.165600682916801,-0.4568092599274794
33.1,0.05556215954792519,0.08060947815510222,0.16560068291680471,-0.4568092599276623
33.2,0.052555190509785694,0.08059257798182191,0.1562837614300914,-0.5299665182111734
33.2,0.05255519050978738,0.08057569815793748,0.15628376143009545,-0.5299665182113587
33.2,0.0525551905097907,0.08055883864671719,0.15628376143010506,-0.5299665182114102
33.2,0.052555190509785694,0.08054199941151759,0.1562837614300914,-0.5299665182111734
33.2,0.0525551905097907,0.08052518041578338,0.15628376143010506,-0.5299665182114102
33.3,0.04965903284447928,0.08050664218901384,0.1472295065509697,-0.6132827028896783
33.3,0.04965903284447928,0.08048812621701833,0.1472295065509697,-0.6132827028896783
33.3,0.04965903284448445,0.08046963245974625,0.1472295065509838,-0.6132827028899004
33.3,0.04965903284448445,0.0804511608772431,0.1472295065509838,-0.6132827028899004
33.3,0.049659032844481296,0.08043271142965008,0.14722950655097458,-0.6132827028898729
33.4,0.04775377751537182,0.08041314320574931,0.1410918956637044,-0.6970012944451434
33.4,0.0477537775153752,0.08039359840282269,0.1410918956637143,-0.6970012944451613
33.4,0.0477537775153752,0.08037407697884695,0.1410918956637143,-0.6970012944451613
33.4,0.047753777515369945,0.08035457889189926,0.14109189566370012,-0.6970012944449455
33.4,0.047753777515369945,0.08033510410015701,0.14109189566370012,-0.6970012944449455
33.5,0.046283643180026125,0.08031477486975692,0.13642357598299676,-0.7490345229909279
33.5,0.04628364318003167,0.08029446989858167,0.13642357598301175,-0.7490345229911382
33.5,0.046283643180026125,0.08027418914323371,0.13642357598299676,-0.7490345229909279
33.5,0.04628364318003167,0.08025393256041892,0.13642357598301175,-0.7490345229911382
33.5,0.04628364318002829,0.08023370010694639,0.13642357598300175,-0.7490345229911428
33.6,0.04516748970559617,0.08021282736265987,0.13252746916819336,-0.839735809008713
33.6,0.04516748970560168,0.08019197945209647,0.13252746916820834,-0.8397358090088797
33.6,0.04516748970559853,0.080171156330963,0.13252746916819885,-0.839735809008916
33.6,0.04516748970559617,0.08015035795507151,0.13252746916819336,-0.839735809008713
33.6,0.04516748970560168,0.08012958428033905,0.13252746916820834,-0.8397358090088797
33.7,0.044030988705644536,0.08010816078148167,0.1285983950335731,-0.9221343774726403
33.7,0.044030988705641226,0.08008676269602742,0.12859839503356296,-0.9221343774727004
33.7,0.04403098870563867,0.08006538997878355,0.1285983950335569,-0.9221343774725141
33.7,0.044030988705644536,0.08004404258466441,0.1285983950335731,-0.9221343774726403
33.7,0.04403098870563867,0.08002272046869102,0.1285983950335569,-0.9221343774725141
33.8,0.04262004926587529,0.08000058871058285,0.12386653723581986,-1.0023679621860664
33.8,0.04262004926586933,0.07997848312841567,0.12386653723580311,-1.0023679621859949
33.8,0.04262004926587206,0.07995640367577823,0.12386653723580972,-1.002367962186161
33.8,0.04262004926587529,0.07993435030636896,0.12386653723581986,-1.0023679621860664
33.8,0.04262004926586933,0.07991232297399559,0.12386653723580311,-1.0023679621859949
33.9,0.04229679318820231,0.07989013092102462,0.12206179140531238,-1.1070255016965123
33.9,0.04229679318820831,0.07986796503792744,0.12206179140532944,-1.1070255016965438
33.9,0.04229679318820831,0.07984582527844027,0.12206179140532944,-1.1070255016965438
33.9,0.04229679318820231,0.07982371159640833,0.12206179140531238,-1.1070255016965123
33.9,0.04229679318820543,0.07980162394578548,0.12206179140532002,-1.1070255016966717
34.0,0.042635483608400804,0.0797797615102929,0.1218641210098863,-1.2343992873962375
34.0,0.042635483608394864,0.07975792478019184,0.12186412100986878,-1.2343992873962946
34.0,0.04263548360839811,0.07973611371017315,0.12186412100987708,-1.2343992873963956
34.0,0.042635483608400804,0.07971432825503412,0.1218641210098863,-1.2343992873962375
34.0,0.042635483608394864,0.07969256836967811,0.12186412100986878,-1.2343992873962946
34.1,0.04175635271616189,0.07967031838982268,0.11936626102083531,-1.2328274691136933
34.1,0.04175635271615604,0.0796480944943516,0.11936626102081753,-1.2328274691138048
34.1,0.04175635271616189,0.07962589663742237,0.11936626102083531,-1.2328274691136933
34.1,0.04175635271615928,0.07960372477329986,0.11936626102082576,-1.2328274691139132
34.1,0.04175635271615604,0.07958157885635594,0.11936626102081753,-1.2328274691138048
34.2,0.0408871581603563,0.07955895054015946,0.11735183318197427,-1.1812251359761659
34.2,0.04088715816036165,0.0795363486743618,0.11735183318199138,-1.1812251359759678
34.2,0.0408871581603563,0.07951377321261296,0.11735183318197427,-1.1812251359761659
34.2,0.04088715816036165,0.0794912241086712,0.11735183318199138,-1.1812251359759678
34.2,0.04088715816035947,0.07946870131640263,0.11735183318198311,-1.1812251359761943
34.3,0.04059656052043364,0.07944603534509304,0.11705671371134904,-1.1188016650864436
34.3,0.04059656052043868,0.07942339579099941,0.11705671371136579,-1.1188016650861816
34.3,0.04059656052043691,0.07940078260796472,0.1170567137113584,-1.1188016650864538
34.3,0.04059656052043868,0.07937819574993939,0.11705671371136579,-1.1188016650861816
34.3,0.04059656052043364,0.07935563517098099,0.11705671371134904,-1.1188016650864436
34.4,0.040841706170009366,0.07933324335179437,0.11834211348340182,-1.0482140843756835
34.4,0.040841706170014196,0.07931087755447783,0.11834211348341817,-1.0482140843753873
34.4,0.04084170617001262,0.07928853773369707,0.11834211348341146,-1.0482140843756573
34.4,0.040841706170014196,0.07926622384422308,0.11834211348341817,-1.0482140843753873
34.4,0.040841706170009366,0.07924393584093177,0.11834211348340182,-1.0482140843756835
34.5,0.04155873563719405,0.07922208934806003,0.12102192016528165,-0.9708475271725909
34.5,0.04155873563719867,0.07920026816978028,0.12102192016529753,-0.97084752717227
34.5,0.04155873563719405,0.07917847226211809,0.12102192016528165,-0.9708475271725909
34.5,0.04155873563719739,0.0791567015812009,0.1210219201652917,-0.97084752717255
34.5,0.04155873563719867,0.07913495608325759,0.12102192016529753,-0.97084752717227
34.6,0.043432186598649114,0.07911431864424913,0.12675087890466472,-0.9352939772508435
34.6,0.04343218659865028,0.07909370504976872,0.12675087890467032,-0.9352939772505509
34.6,0.04343218659864599,0.07907311525851517,0.1267508789046552,-0.9352939772508955
34.6,0.04343218659864599,0.07905254922928269,0.1267508789046552,-0.9352939772508955
34.6,0.04343218659865028,0.07903200692096052,0.12675087890467032,-0.9352939772505509
34.7,0.04509076495246252,0.07901244424547436,0.13144365000217254,-0.9539437949294167
34.7,0.045090764952458756,0.07899290410763277,0.13144365000215857,-0.9539437949297923
34.7,0.04509076495246252,0.07897338646851063,0.13144365000217254,-0.9539437949294167
34.7,0.045090764952458756,0.07895389128927238,0.13144365000215857,-0.9539437949297923
34.7,0.04509076495246181,0.07893441853117185,0.13144365000216807,-0.9539437949297187
34.8,0.046826764840066114,0.07891596585663672,0.1366235673479104,-0.9394536781430546
34.8,0.04682676484006272,0.0788975343798897,0.13662356734789735,-0.9394536781434395
34.8,0.04682676484006272,0.07887912406442482,0.13662356734789735,-0.9394536781434395
34.8,0.046826764840066114,0.07886073487381991,0.1366235673479104,-0.9394536781430546
34.8,0.04682676484006568,0.07884236677173632,0.13662356734790673,-0.9394536781433489
34.9,0.04863601544884257,0.07882505654175186,0.1422908351628805,-0.89253164632464
34.9,0.04863601544884257,0.07880776614020953,0.1422908351628805,-0.89253164632464
34.9,0.048636015448845805,0.07879049553305933,0.14229083516289304,-0.8925316463242594
34.9,0.048636015448845424,0.07877324468632924,0.14229083516288965,-0.8925316463245356
34.9,0.048636015448845805,0.07875601356612483,0.14229083516289304,-0.8925316463242594
35.0,0.0523996324240121,0.07874095277690076,0.15432955153449787,-0.7654282742879603
35.0,0.05239963242401498,0.07872590919017725,0.15432955153450897,-0.7654282742876117
35.0,0.052399632424015075,0.07871088277649793,0.15432955153450736,-0.7654282742878613
35.0,0.052399632424015075,0.07869587350647371,0.15432955153450936,-0.7654282742875966
35.0,0.0523996324240121,0.07868088135078245,0.15432955153449787,-0.7654282742879603
35.1,0.055460623564143954,0.0786676504346647,0.164236536888524,-0.6430388074958904
35.1,0.05546062356414131,0.0786544345879275,0.16423653688851392,-0.6430388074962297
35.1,0.055460623564143954,0.07864123378484053,0.164236536888524,-0.6430388074958904
35.1,0.05546062356414412,0.07862804799973204,0.16423653688852283,-0.6430388074961408
35.1,0.0554606235641414,0.07861487720698866,0.16423653688851428,-0.6430388074962154
35.2,0.05794961660045725,0.07860313558164406,0.17231697200004395,-0.531398784573847
35.2,0.05794961660045441,0.0785914072914787,0.1723169720000349,-0.5313987845739527
35.2,0.057949616600454494,0.078579692313788,0.17231697200003523,-0.5313987845739385
35.2,0.05794961660045695,0.07856799062591885,0.17231697200004445,-0.5313987845736081
35.2,0.05794961660045695,0.0785563022052695,0.17231697200004445,-0.5313987845736081
35.3,0.059842547891917286,0.07854569951160754,0.17823763235385714,-0.47980689323451564
35.3,0.05984254789191963,0.07853510882552618,0.17823763235386597,-0.47980689323417636
35.3,0.059842547891919846,0.07852453012663903,0.1782376323538654,-0.47980689323440195
35.3,0.05984254789191963,0.07851396339460581,0.17823763235386597,-0.47980689323417636
35.3,0.059842547891917355,0.07850340860913227,0.17823763235385745,-0.47980689323450143
35.4,0.06230618698955495,0.07849425763646585,0.18591636825350663,-0.4143989356429616
35.4,0.06230618698955767,0.07848511699804298,0.18591636825351526,-0.41439893564285235
35.4,0.06230618698955728,0.07847598667636776,0.18591636825351507,-0.4143989356426499
35.4,0.06230618698955502,0.07846686665398377,0.18591636825350688,-0.4143989356429483
35.4,0.062306186989557144,0.07845775691347395,0.18591636825351476,-0.414398935642632
35.5,0.06520469123262469,0.07845029039759742,0.19495887346661767,-0.3274788500855736
35.5,0.06520469123262469,0.07844283228995948,0.19495887346661767,-0.3274788500855736
35.5,0.06520469123262686,0.07843538257636502,0.1949588734666253,-0.327478850085285
35.5,0.0652046912326273,0.07842794124265089,0.19495887346662585,-0.3274788500854777
35.5,0.06520469123262669,0.07842050827468572,0.19495887346662488,-0.3274788500852681
35.6,0.0674427755031855,0.07841434100908376,0.20187260978915492,-0.2685194045720172
35.6,0.06744277550318735,0.07840818066910292,0.20187260978916144,-0.26851940457173296
35.6,0.06744277550318756,0.07840202724308389,0.20187260978916202,-0.2685194045717365
35.6,0.06744277550318802,0.07839588071939355,0.20187260978916272,-0.26851940457193546
35.6,0.0674427755031855,0.07838974108642482,0.20187260978915492,-0.2685194045720172
35.7,0.06959404212063473,0.078384813523979,0.20845510241419843,-0.22391068235801634
35.7,0.06959404212063687,0.07837989147952024,0.20845510241420562,-0.2239106823577588
35.7,0.06959404212063648,0.07837497494378498,0.2084551024142045,-0.22391068235774014
35.7,0.06959404212063479,0.07837006390753042,0.20845510241419862,-0.22391068235800393
35.7,0.06959404212063744,0.07836515836153439,0.20845510241420678,-0.2239106823579382
35.8,0.07170524288790027,0.07836143773836476,0.21480948313497603,-0.21346433308823975
35.8,0.07170524288790084,0.07835772126999488,0.2148094831349772,-0.21346433308842536
35.8,0.07170524288789848,0.07835400894946916,0.21480948313496995,-0.21346433308848045
35.8,0.07170524288790005,0.07835030076984753,0.21480948313497536,-0.2134643330882362
35.8,0.07170524288789848,0.07834659672420542,0.21480948313496995,-0.21346433308848045
35.9,0.07389679516124573,0.0783441177261202,0.2214468078487971,-0.1875253725222823
35.9,0.07389679516124509,0.0783416414886119,0.22144680784879564,-0.18752537252210288
35.9,0.07389679516124335,0.07833916800707191,0.2214468078487898,-0.1875253725223507
35.9,0.07389679516124505,0.0783366972769018,0.22144680784879553,-0.18752537252211443
35.9,0.0738967951612434,0.07833422929351344,0.22144680784878998,-0.18752537252233914
36.0,0.07608155454055524,0.07833297780753959,0.22801991494480014,-0.17752474113917674
36.0,0.07608155454055673,0.0783317277113336,0.2280199149448053,-0.1775247411389218
36.0,0.07608155454055528,0.07833047900258179,0.2280199149448003,-0.17752474113916517
36.0,0.07608155454055786,0.07832923167897557,0.2280199149448082,-0.17752474113910033
36.0,0.07608155454055707,0.07832798573821148,0.22801991494480622,-0.17752474113894934
36.1,0.07793811220162192,0.07832776974179231,0.2336110809714658,-0.16679851602806828
36.1,0.07793811220162288,0.07832755398457185,0.23361108097146824,-0.1667985160282397
36.1,0.07793811220162036,0.07832733846615295,0.23361108097146058,-0.16679851602829476
36.1,0.07793811220162036,0.07832712318613938,0.23361108097146058,-0.16679851602829476
36.1,0.07793811220162213,0.07832690814413577,0.23361108097146643,-0.16679851602807005
36.2,0.08068129131059414,0.07832820890831614,0.24188012744101509,-0.14714260118438105
36.2,0.0806812913105933,0.07832950823598166,0.24188012744101292,-0.1471426011842292
36.2,0.08068129131059161,0.07833080612951068,0.2418801274410074,-0.1471426011844459
36.2,0.08068129131059161,0.0783321025912763,0.2418801274410074,-0.1471426011844459
36.2,0.08068129131059314,0.07833339762364638,0.24188012744101245,-0.14714260118421674
36.3,0.08307462406169716,0.07833600986961776,0.24901978547015702,-0.16188893949541683
36.3,0.0830746240616976,0.07833861923866628,0.24901978547015835,-0.16188893949542038
36.3,0.08307462406169597,0.07834122573554192,0.2490197854701529,-0.16188893949563088
36.3,0.08307462406169597,0.07834382936498425,0.2490197854701529,-0.16188893949563088
36.3,0.08307462406169844,0.07834643013172242,0.24901978547016046,-0.1618889394955776
36.4,0.08519180203227264,0.07835019132507437,0.25538649056170787,-0.15380698221284653
36.4,0.08519180203227242,0.07835394838751655,0.2553864905617072,-0.15380698221284564
36.4,0.08519180203227107,0.07835770132585068,0.25538649056170265,-0.15380698221305433
36.4,0.08519180203227353,0.07836145014686353,0.25538649056171014,-0.15380698221300013
36.4,0.08519180203227107,0.07836519485732703,0.25538649056170265,-0.15380698221305433
36.5,0.08702827569880613,0.0783699417509388,0.2609304208301955,-0.13757453033715805
36.5,0.0870282756988074,0.07837468344532426,0.2609304208301998,-0.13757453033695377
36.5,0.0870282756988076,0.07837941994902074,0.26093042083020035,-0.13757453033696532
36.5,0.08702827569880855,0.07838415127054688,0.2609304208302029,-0.13757453033710476
36.5,0.08702827569880615,0.07838887741840268,0.2609304208301956,-0.13757453033714828
36.6,0.08850230006545148,0.07839440387886554,0.2653377399450476,-0.14279378475019655
36.6,0.08850230006545048,0.07839992430277956,0.26533773994504495,-0.14279378475005977
36.6,0.08850230006544907,0.07840543870002993,0.26533773994504023,-0.1427937847502507
36.6,0.08850230006545008,0.07841094708048023,0.2653377399450437,-0.14279378475004822
36.6,0.08850230006544911,0.07841644945397258,0.26533773994504034,-0.142793784750241
36.7,0.08969676856059396,0.07842259676683723,0.2689368059014124,-0.13511404296701812
36.7,0.08969676856059283,0.07842873738328263,0.26893680590140856,-0.1351140429672073
36.7,0.08969676856059519,0.0784348713142447,0.2689368059014158,-0.1351140429671629
36.7,0.08969676856059287,0.07844099857063554,0.2689368059014087,-0.13511404296719753
36.7,0.08969676856059418,0.0784471191633435,0.26893680590141306,-0.135114042967019
36.8,0.09088363089626215,0.0784538781371114,0.2725191072774887,-0.1243720205286234
36.8,0.09088363089625981,0.07846062976815928,0.2725191072774816,-0.12437202052867047
36.8,0.09088363089626106,0.07846737406844598,0.2725191072774857,-0.12437202052850171
36.8,0.09088363089625984,0.07847411104990436,0.2725191072774817,-0.1243720205286607
36.8,0.09088363089626088,0.07848084072444143,0.2725191072774852,-0.12437202052848129
36.9,0.09200503692894044,0.07848817091208615,0.2759026972226401,-0.11416491548640906
36.9,0.09200503692893927,0.07849549315803245,0.2759026972226364,-0.11416491548655561
36.9,0.09200503692893924,0.07850280747517967,0.2759026972226362,-0.11416491548656449
36.9,0.09200503692894155,0.07851011387639925,0.27590269722264316,-0.11416491548653783
36.9,0.09200503692894021,0.07851741237453476,0.27590269722263944,-0.1141649154863984
37.0,0.09306825968495015,0.07852527769740525,0.2791076124396136,-0.10553212868006145
37.0,0.0930682596849479,0.07853313452181775,0.27910761243960674,-0.10553212868006856
37.0,0.09306825968494901,0.07854098286153866,0.27910761243961035,-0.10553212867993356
37.0,0.09306825968494789,0.07854882273030465,0.2791076124396067,-0.10553212868007832
37.0,0.0930682596849488,0.0785566541418228,0.27910761243960974,-0.10553212867992379
37.1,0.09404581364952219,0.07856500409303989,0.28205124855679903,-0.0988758319640306
37.1,0.09404581364952133,0.07857334504646472,0.2820512485567962,-0.09887583196417538
37.1,0.09404581364952358,0.07858167701663331,0.28205124855680297,-0.0988758319641665
37.1,0.09404581364952132,0.07859000001805037,0.28205124855679614,-0.09887583196418515
37.1,0.0940458136495224,0.07859831406518941,0.28205124855679964,-0.09887583196404037
37.2,0.0949006170056036,0.07860707874418964,0.28461353842306547,-0.09963281267151025
37.2,0.0949006170056036,0.07861583400386798,0.28461353842306547,-0.09963281267151025
37.2,0.09490061700560418,0.0786245798594006,0.2846135384230675,-0.09963281267137525
37.2,0.09490061700560463,0.07863331632593104,0.2846135384230688,-0.09963281267137615
37.2,0.09490061700560583,0.07864204341857035,0.2846135384230722,-0.09963281267150936
37.3,0.09575911223916395,0.07865122147155727,0.2871719593029173,-0.10834561823127054
37.3,0.09575911223916618,0.07866038968740272,0.287171959302924,-0.10834561823127054
37.3,0.09575911223916495,0.07866954808191358,0.2871719593029205,-0.1083456182311382
37.3,0.09575911223916395,0.07867869667086284,0.2871719593029173,-0.10834561823127054
37.3,0.09575911223916495,0.07868783546998982,0.2871719593029205,-0.1083456182311382
37.4,0.09634026941573735,0.07869727527423889,0.2888989241168669,-0.11617141482132975
37.4,0.09634026941573852,0.0787067049878367,0.2888989241168707,-0.11617141482120541
37.4,0.09634026941573831,0.07871612462695417,0.28889892411687007,-0.11617141482119564
37.4,0.0963402694157398,0.0787255342077277,0.28889892411687423,-0.11617141482132622
37.4,0.09634026941573735,0.07873493374625919,0.2888989241168669,-0.11617141482132975
37.5,0.09681691937609781,0.07874457747192842,0.2903152045194859,-0.12221124431318042
37.5,0.09681691937609861,0.07875421091644025,0.2903152045194886,-0.12221124431304808
37.5,0.09681691937609781,0.07876383409622696,0.2903152045194859,-0.12221124431318042
37.5,0.09681691937609883,0.07877344702768589,0.2903152045194892,-0.12221124431305697
37.5,0.09681691937610014,0.07878304972717945,0.29031520451949283,-0.12221124431317687
37.6,0.09713130683192102,0.07879280943840539,0.29124948386653676,-0.12594802417501683
37.6,0.09713130683191869,0.07880255877247955,0.29124948386652977,-0.12594802417501239
37.6,0.09713130683191869,0.07881229774594366,0.29124948386652977,-0.12594802417502127
37.6,0.09713130683191967,0.07882202637530425,0.291249483866533,-0.12594802417488893
37.6,0.09713130683191945,0.07883174467703281,0.2912494838665323,-0.12594802417488893
37.7,0.09729739207495888,0.07884154077644816,0.291743638204172,-0.12761478610785737
37.7,0.09729739207495815,0.07885132648763506,0.2917436382041695,-0.12761478610798083
37.7,0.09729739207495816,0.078861101827109,0.29174363820416954,-0.1276147861079897
37.7,0.09729739207496048,0.07887086681135043,0.2917436382041765,-0.12761478610798438
37.7,0.0972973920749591,0.07888062145680495,0.29174363820417265,-0.12761478610786625
37.8,0.09731117211083969,0.07889037307090763,0.29178483231802893,-0.12766844933372123
37.8,0.09731117211083969,0.07890011437129892,0.29178483231802893,-0.12766844933372123
37.8,0.0973111721108406,0.07890984537433249,0.29178483231803193,-0.12766844933360755
37.8,0.09731117211084038,0.07891956609632747,0.29178483231803126,-0.12766844933359867
37.8,0.097311172110842,0.0789292765535685,0.29178483231803587,-0.1276684493337248
37.9,0.09716972396868481,0.07893890211948676,0.29136265105016707,-0.126828481619496
37.9,0.09716972396868415,0.07894851753185449,0.2913626510501648,-0.12682848161961058
37.9,0.09716972396868415,0.07895812280672893,0.2913626510501648,-0.12682848161961058
37.9,0.09716972396868505,0.07896771796013353,0.2913626510501678,-0.12682848161950488
37.9,0.09716972396868648,0.078977303008058,0.2913626510501718,-0.12682848161962212
38.0,0.09687163486203672,0.07898672107745482,0.29047147975605186,-0.12567418628835547
38.0,0.09687163486203439,0.0789961292383094,0.29047147975604487,-0.12567418628833682
38.0,0.09687163486203439,0.07900552750625037,0.29047147975604487,-0.1256741862883457
38.0,0.09687163486203526,0.07901491589687348,0.2904714797560477,-0.12567418628823915
38.0,0.09687163486203502,0.07902429442574173,0.29047147975604704,-0.12567418628823024
38.1,0.09641659222644722,0.07903342424086023,0.2891091514994765,-0.12473479430243639
38.1,0.09641659222644955,0.07904254447589988,0.28910915149948346,-0.12473479430245416
38.1,0.09641659222644722,0.07905165514593164,0.2891091514994765,-0.12473479430243639
38.1,0.09641659222644781,0.0790607562659948,0.2891091514994785,-0.12473479430232892
38.1,0.09641659222644804,0.0790698478510972,0.2891091514994792,-0.1247347943023378
38.2,0.09592025391124925,0.07907867005322294,0.287598918991256,-0.13416096496231233
38.2,0.09592025391124848,0.07908748302227477,0.28759891899125345,-0.13416096496242158
38.2,0.09592025391124845,0.07909628677273972,0.28759891899125334,-0.13416096496241178
38.2,0.09592025391124905,0.07910508131907454,0.2875989189912554,-0.13416096496231322
38.2,0.09592025391125082,0.07911386667570577,0.28759891899126044,-0.13416096496243757
38.3,0.09511456211579042,0.07912222213024368,0.2851828463034202,-0.1343099999604096
38.3,0.09511456211578988,0.07913056886301274,0.2851828463034183,-0.13430999996050996
38.3,0.09511456211578989,0.07913890688766208,0.2851828463034183,-0.13430999996051973
38.3,0.09511456211579067,0.07914723621781229,0.2851828463034209,-0.13430999996041845
38.3,0.09511456211579224,0.07915555686705564,0.28518284630342533,-0.13430999996053483
38.4,0.0941755460307073,0.07916337977807837,0.2823687565371192,-0.13373072909640182
38.4,0.09417554603070914,0.07917119454447744,0.28236875653712445,-0.13373072909652706
38.4,0.09417554603070667,0.07917900117896559,0.2823687565371171,-0.13373072909650396
38.4,0.09417554603070667,0.0791867996942291,0.2823687565371171,-0.13373072909650396
38.4,0.09417554603070755,0.07919459010292788,0.28236875653711996,-0.1337307290964107
38.5,0.09355058638018661,0.07920204776333166,0.28043170170254383,-0.15841179402355365
38.5,0.09355058638018424,0.07920949767953979,0.28043170170253684,-0.15841179402353056
38.5,0.09355058638018471,0.07921693986360863,0.2804317017025385,-0.15841179402342842
38.5,0.09355058638018424,0.07922437432756951,0.28043170170253684,-0.15841179402353056
38.5,0.09355058638018496,0.07923180108342882,0.28043170170253917,-0.1584117940234373
38.6,0.09247469662600313,0.0792386626873369,0.27715523078517335,-0.17611662275183182
38.6,0.09247469662600268,0.07924551718445687,0.27715523078517174,-0.17611662275192685
38.6,0.09247469662600338,0.07925236458582412,0.27715523078517407,-0.17611662275184073
38.6,0.09247469662600505,0.07925920490245121,0.27715523078517873,-0.17611662275195705
38.6,0.09247469662600268,0.07926603814532793,0.27715523078517174,-0.17611662275192685
38.7,0.09143820230969037,0.07927232866944386,0.2740452476667598,-0.17727684870343732
38.7,0.09143820230968991,0.07927861269508449,0.2740452476667582,-0.17727684870352345
38.7,0.09143820230969234,0.07928489023231454,0.27404524766676536,-0.17727684870356253
38.7,0.09143820230969062,0.079291161291178,0.2740452476667605,-0.17727684870344618
38.7,0.09143820230968991,0.07929742588169812,0.2740452476667582,-0.17727684870352345
38.8,0.09033932052641848,0.0793031175799686,0.2707831197183397,-0.1665309938026418
38.8,0.09033932052641802,0.07930880341353194,0.2707831197183381,-0.16653099380272174
38.8,0.09033932052642048,0.07931448339144795,0.27078311971834534,-0.16653099380276792
38.8,0.09033932052641802,0.07932015752275777,0.2707831197183381,-0.16653099380272174
38.8,0.09033932052641873,0.07932582581648394,0.2707831197183404,-0.1665309938026498
38.9,0.08880246628067978,0.07933069812520588,0.2662115166012391,-0.15340022401779851
38.9,0.08880246628067949,0.07933556542641629,0.26621151660123826,-0.15340022401777986
38.9,0.08880246628068154,0.07934042772783091,0.2662115166012441,-0.15340022401790687
38.9,0.08880246628067909,0.07934528503714962,0.2662115166012368,-0.15340022401787046
38.9,0.08880246628067906,0.0793501373620565,0.26621151660123676,-0.1534002240178607
39.0,0.08710250245195755,0.07935411293389748,0.26113579356781774,-0.14501917006792645
39.0,0.08710250245195811,0.07935808443031882,0.26113579356781963,-0.1450191700678527
39.0,0.08710250245195994,0.079362051857584,0.26113579356782485,-0.14501917006797171
39.0,0.08710250245195751,0.07936601522194364,0.2611357935678177,-0.14501917006791665
39.0,0.08710250245195784,0.07936997452963557,0.26113579356781885,-0.1450191700678447
39.1,0.08510067722657383,0.0793729058353629,0.2551407211065924,-0.14220083304466868
39.1,0.08510067722657352,0.0793758341438451,0.2551407211065913,-0.1422008330447433
39.1,0.08510067722657595,0.07937875945967685,0.25514072110659847,-0.14220083304479836
39.1,0.08510067722657409,0.07938168178744338,0.2551407211065932,-0.14220083304467668
39.1,0.08510067722657348,0.07938460113172063,0.2551407211065912,-0.14220083304473352
39.2,0.08324022856490675,0.0793865682885743,0.2494901934259787,-0.17187365842981617
39.2,0.08324022856490708,0.07938853343914866,0.24949019342597986,-0.17187365842975133
39.2,0.08324022856490924,0.07939049658651143,0.24949019342598602,-0.1718736584298819
39.2,0.0832402285649068,0.07939245773372405,0.24949019342597883,-0.17187365842982597
39.2,0.08324022856490734,0.07939441688384176,0.24949019342598067,-0.17187365842975932
39.3,0.08104880279157536,0.07939525881051236,0.24288311552774772,-0.18616575146967038
39.3,0.08104880279157285,0.07939609988069601,0.24288311552774036,-0.18616575146960646
39.3,0.08104880279157285,0.079396940095699,0.24288311552774036,-0.18616575146960646
39.3,0.08104880279157341,0.07939777945682495,0.24288311552774222,-0.18616575146954606
39.3,0.08104880279157314,0.07939861796537485,0.24288311552774142,-0.18616575146953807
39.4,0.07914136985126946,0.07939848738257581,0.23711256410324086,-0.20493719526730558
39.4,0.07914136985126914,0.07939835693228088,0.23711256410323978,-0.2049371952673642
39.4,0.07914136985126968,0.07939822661428848,0.23711256410324155,-0.2049371952673029
39.4,0.07914136985127174,0.07939809642839744,0.2371125641032473,-0.2049371952674388
39.4,0.07914136985126914,0.079397966374407,0.23711256410323978,-0.2049371952673642
39.5,0.076364883203743,0.07939643063609275,0.2287627660811451,-0.21533409998005215
39.5,0.07636488320374267,0.0793948964521695,0.22876276608114415,-0.21533409998003353
39.5,0.07636488320374245,0.07939336382027855,0.2287627660811433,-0.21533409998009387
39.5,0.07636488320374502,0.07939183273806595,0.2287627660811508,-0.2153340999801685
39.5,0.07636488320374245,0.07939030320318252,0.2287627660811433,-0.21533409998009387
39.6,0.07414847344490566,0.0793876558144157,0.22205712658644877,-0.23637777928705092
39.6,0.07414847344490613,0.07938501109842906,0.22205712658645035,-0.2363777792869941
39.6,0.07414847344490566,0.07938236905117703,0.22205712658644877,-0.23637777928705092
39.6,0.07414847344490826,0.07937972966862218,0.22205712658645627,-0.236377779287122
39.6,0.07414847344490585,0.07937709294673523,0.22205712658644955,-0.23637777928698614
39.7,0.07142640960610638,0.07937308756469966,0.21376538530779285,-0.2770685391366845
39.7,0.07142640960610662,0.07936908621628143,0.21376538530779374,-0.27706853913662766
39.7,0.07142640960610683,0.07936508889539057,0.2137653853077944,-0.2770685391366232
39.7,0.07142640960610647,0.07936109559594928,0.21376538530779304,-0.27706853913669605
39.7,0.07142640960610908,0.07935710631189205,0.21376538530780062,-0.27706853913676444
39.8,0.06880739983508175,0.07935180495185346,0.20582150411471095,-0.30523147265248873
39.8,0.06880739983507957,0.07934650891713885,0.20582150411470493,-0.3052314726523706
39.8,0.0688073998350791,0.07934121819972817,0.2058215041147033,-0.30523147265242123
39.8,0.0688073998350792,0.07933593279161745,0.2058215041147039,-0.30523147265235107
39.8,0.0688073998350791,0.07933065268481877,0.2058215041147033,-0.30523147265242123
39.9,0.06641770602774034,0.07932418002985282,0.19864117308504678,-0.31357384661904236
39.9,0.06641770602774025,0.0793177138605131,0.19864117308504625,-0.3135738466191027
39.9,0.06641770602774295,0.07931125416705653,0.19864117308505405,-0.31357384661918086
39.9,0.06641770602774054,0.07930480093975958,0.19864117308504736,-0.313573846619037
39.9,0.06641770602774016,0.07929835416891816,0.19864117308504606,-0.31357384661909027
40.0,0.06430626520519693,0.0792908581244363,0.19209646929185764,-0.3694572575354087
40.0,0.0643062652051996,0.07928336957225278,0.19209646929186536,-0.3694572575354682
40.0,0.06430626520519685,0.07927588850114037,0.1920964692918575,-0.3694572575353953
40.0,0.0643062652051972,0.07926841489989427,0.19209646929185878,-0.36945725753533853
40.0,0.0643062652051969,0.07926094875733204,0.19209646929185795,-0.3694572575353323
40.1,0.06117677773271323,0.07925192922066142,0.18269663566649436,-0.3814080528481245
40.1,0.06117677773271323,0.07924291867654978,0.18269663566649405,-0.381408052848192
40.1,0.06117677773271323,0.07923391711155535,0.18269663566649405,-0.381408052848192
40.1,0.061176777732716014,0.07922492451226311,0.18269663566650204,-0.3814080528482613
40.1,0.06117677773271353,0.07921594086528475,0.18269663566649522,-0.3814080528481316
40.2,0.05823357985202138,0.079205501879706,0.17381788731124548,-0.40230431675592904
40.2,0.05823357985201861,0.07919507327601247,0.1738178873112375,-0.4023043167558633
40.2,0.05823357985201851,0.0791846550387242,0.1738178873112375,-0.4023043167557958
40.2,0.05823357985201881,0.079174247152392,0.17381788731123837,-0.40230431675580114
40.2,0.05823357985201861,0.07916384960159738,0.1738178873112375,-0.4023043167558633
40.3,0.05514044833906426,0.0791519273180924,0.1643498402364625,-0.45552369923987784
40.3,0.0551404483390643,0.07914001686224964,0.16434984023646237,-0.4555236992399365
40.3,0.0551404483390643,0.07912811821647711,0.16434984023646237,-0.4555236992399365
40.3,0.05514044833906721,0.07911623136321774,0.1643498402364707,-0.45552369924000935
40.3,0.05514044833906456,0.07910435628494923,0.1643498402364634,-0.4555236992398833
40.4,0.052229782533420734,0.07909105204051778,0.155358801922284,-0.5216484828971879
40.4,0.052229782533420775,0.07907776096208775,0.15535880192228446,-0.5216484828971168
40.4,0.05222978253342059,0.07906448303012502,0.15535880192228385,-0.5216484828971275
40.4,0.052229782533420734,0.07905121822513406,0.155358801922284,-0.5216484828971879
40.4,0.05222978253342365,0.07903796652765792,0.15535880192229232,-0.5216484828972536
40.5,0.050460749653757374,0.07902385432179426,0.1497403639555694,-0.5896607114785546
40.5,0.050460749653757346,0.07900975604703216,0.14974036395556972,-0.58966071147848
40.5,0.050460749653760316,0.07899567168275327,0.14974036395557783,-0.5896607114786079
40.5,0.050460749653757374,0.07898160120838,0.1497403639555694,-0.5896607114785546
40.5,0.05046074965375717,0.07896754460337525,0.14974036395556914,-0.5896607114784906
40.6,0.048763536430957245,0.07895266578161544,0.14452684429794377,-0.6217623699569668
40.6,0.048763536430957204,0.07893780161157572,0.14452684429794327,-0.6217623699570307
40.6,0.048763536430960173,0.07892295207162464,0.14452684429795185,-0.6217623699570698
40.6,0.04876353643095693,0.07890811714017325,0.14452684429794282,-0.6217623699569668
40.6,0.048763536430957204,0.07889329679567511,0.14452684429794327,-0.6217623699570307
40.7,0.046626952567912966,0.07887744109826589,0.13783725828520416,-0.684579501806752
40.7,0.046626952567913146,0.07886160097619795,0.13783725828520438,-0.6845795018068035
40.7,0.046626952567913285,0.0788457764065326,0.13783725828520513,-0.684579501806752
40.7,0.0466269525679163,0.07882996736637628,0.13783725828521348,-0.6845795018068391
40.7,0.046626952567913146,0.07881417383288021,0.13783725828520438,-0.6845795018068035
40.8,0.04389844904700807,0.0787970582815146,0.12902219550543534,-0.8073073919224303
40.8,0.04389844904700807,0.07877995950187987,0.12902219550543534,-0.8073073919224303
40.8,0.04389844904700789,0.07876287746933586,0.1290221955054352,-0.8073073919223663
40.8,0.04389844904701115,0.07874581215929068,0.12902219550544428,-0.807307391922448
40.8,0.04389844904700775,0.07872876354720053,0.1290221955054347,-0.8073073919223823
40.9,0.04167352840580507,0.07871064362781598,0.12156337358546258,-0.9428728305984163
40.9,0.041673528405804745,0.07869254142096259,0.12156337358546206,-0.9428728305983594
40.9,0.04167352840580507,0.0786744569006816,0.12156337358546258,-0.9428728305984163
40.9,0.041673528405807896,0.07865639004106496,0.12156337358547094,-0.9428728305984002
40.9,0.04167352840580444,0.07863834081625516,0.12156337358546111,-0.9428728305983665
41.0,0.04082111903634905,0.07861989339099668,0.11791128559206088,-1.094034377523105
41.0,0.0408211190363488,0.07860146395445125,0.11791128559206045,-1.0940343775230712
41.0,0.040821119036348504,0.07858305248031962,0.11791128559205952,-1.09403437752308
41.0,0.04082111903634905,0.07856465894235372,0.11791128559206088,-1.094034377523105
41.0,0.04082111903635198,0.07854628331435665,0.11791128559206956,-1.0940343775230783
41.1,0.04088822619596223,0.07852795822573455,0.11710580046690959,-1.2088229679973956
41.1,0.0408882261959623,0.07850965096307416,0.11710580046690998,-1.2088229679973743
41.1,0.040888226195962614,0.07849136150037746,0.11710580046691059,-1.208822967997406
41.1,0.040888226195962614,0.07847308981169698,0.11710580046691059,-1.208822967997406
41.1,0.04088822619596568,0.07845483587113568,0.11710580046691985,-1.208822967997353
41.2,0.04135597770342436,0.07843682671668534,0.1176893412147099,-1.2882082616922048
41.2,0.04135597770342521,0.0784188350383674,0.11768934121471217,-1.288208261692219
41.2,0.04135597770342521,0.0784008608107559,0.11768934121471217,-1.288208261692219
41.2,0.04135597770342485,0.07838290400847411,0.1176893412147114,-1.2882082616921924
41.2,0.04135597770342774,0.07836496460619453,0.1176893412147203,-1.2882082616921249
41.3,0.04190299125122922,0.07834730747624055,0.11888074498418767,-1.324437838244689
41.3,0.04190299125122947,0.07832966743934558,0.11888074498418853,-1.3244378382446715
41.3,0.04190299125123247,0.0783120444707011,0.11888074498419808,-1.324437838244572
41.3,0.04190299125122987,0.07829443854554662,0.11888074498418946,-1.324437838244693
41.3,0.04190299125122987,0.07827684963916946,0.11888074498418946,-1.324437838244693
41.4,0.04283565635886611,0.07825972828975869,0.12131332966382251,-1.344723617381768
41.4,0.042835656358865444,0.07824262347472688,0.12131332966382023,-1.3447236173818036
41.4,0.04283565635886852,0.0782255351701343,0.12131332966383056,-1.344723617381651
41.4,0.04283565635886611,0.07820846335208737,0.12131332966382251,-1.344723617381768
41.4,0.042835656358865666,0.07819140799673867,0.12131332966382109,-1.3447236173817823
41.5,0.04438796032360887,0.07817511717858294,0.12610099917366369,-1.308612985099118
41.5,0.044387960323609074,0.07815884205485703,0.12610099917366457,-1.3086129850990895
41.5,0.044387960323608686,0.07814258260289206,0.12610099917366294,-1.3086129850991393
41.5,0.044387960323611544,0.07812633880006276,0.12610099917367296,-1.3086129850989618
41.5,0.044387960323609074,0.07811011062378741,0.12610099917366457,-1.3086129850990895
41.6,0.045124429773996395,0.07809425212337885,0.12831387425387297,-1.29747337617031
41.6,0.04512442977399907,0.07807840886420088,0.12831387425388255,-1.2974733761701256
41.6,0.04512442977399645,0.07806258082429204,0.12831387425387292,-1.297473376170328
41.6,0.04512442977399677,0.0780467679817331,0.12831387425387447,-1.2974733761702675
41.6,0.04512442977399677,0.07803097031464686,0.12831387425387447,-1.2974733761702675
41.7,0.0451641962038876,0.07801520687382635,0.12983679540450113,-1.1598087632738263
41.7,0.04516419620388559,0.07799945854656368,0.12983679540449347,-1.1598087632740217
41.7,0.04516419620388526,0.07798372531113357,0.12983679540449217,-1.1598087632740555
41.7,0.04516419620388572,0.07796800714585232,0.1298367954044942,-1.1598087632739826
41.7,0.04516419620388572,0.07795230402907781,0.1298367954044942,-1.1598087632739826
41.8,0.04604458442419332,0.0779370371775922,0.13310755936797092,-1.0823567878648266
41.8,0.04604458442419317,0.07792178492854707,0.13310755936797034,-1.0823567878648443
41.8,0.04604458442419357,0.07790654726100195,0.13310755936797217,-1.0823567878647697
41.8,0.04604458442419357,0.0778913241540565,0.13310755936797217,-1.0823567878647697
41.8,0.04604458442419525,0.07787611558685027,0.13310755936797858,-1.0823567878646028
41.9,0.04696937420168827,0.07786136296566404,0.13601478943864465,-1.0572416489853396
41.9,0.046969374201686585,0.07784662442140643,0.1360147894386376,-1.057241648985574
41.9,0.04696937420168673,0.07783189993393874,0.13601478943863865,-1.0572416489855083
41.9,0.046969374201686453,0.07781718948316074,0.13601478943863704,-1.0572416489855936
41.9,0.04696937420168673,0.07780249304901045,0.13601478943863865,-1.0572416489855083
42.0,0.04839938728969319,0.07778849157007744,0.1406220387209743,-1.0069097504511095
42.0,0.048399387289692,0.07777450341953943,0.1406220387209694,-1.0069097504512712
42.0,0.04839938728969162,0.07776052857837394,0.14062203872096743,-1.0069097504513653
42.0,0.04839938728969191,0.07774656702759472,0.14062203872096857,-1.0069097504513351
42.0,0.048399387289692,0.07773261874825162,0.1406220387209694,-1.0069097504512712
42.1,0.05036263609169481,0.07771961638119387,0.14711499286863772,-0.9193292475504435
42.1,0.05036263609169352,0.07770662636206306,0.14711499286863253,-0.9193292475506104
42.1,0.050362636091693454,0.0776936486732779,0.14711499286863158,-0.9193292475506993
42.1,0.05036263609169355,0.07768068329729043,0.14711499286863203,-0.9193292475506798
42.1,0.05036263609169352,0.07766773021658603,0.14711499286863253,-0.9193292475506104
42.2,0.052402312157742895,0.07765575608480459,0.15390269725421638,-0.8215585267983467
42.2,0.05240231215774403,0.07764379329753454,0.153902697254221,-0.8215585267981833
42.2,0.05240231215774279,0.07763184183866152,0.15390269725421543,-0.8215585267984267
42.2,0.052402312157742895,0.0776199016921017,0.15390269725421638,-0.8215585267983467
42.2,0.052402312157742874,0.07760797284180161,0.1539026972542156,-0.8215585267984339
42.3,0.05464010064240413,0.07759711332775936,0.16130043208945744,-0.7161081316439439
42.3,0.05464010064240406,0.07758626407790806,0.1613004320894571,-0.7161081316439617
42.3,0.0546401006424041,0.07757542507770235,0.16130043208945793,-0.7161081316438604
42.3,0.0546401006424041,0.07756459631262431,0.16130043208945793,-0.7161081316438604
42.3,0.05464010064240505,0.07755377776818344,0.1613004320894618,-0.7161081316437183
42.4,0.057816438409185954,0.07754446770244806,0.1717130335347809,-0.5664502064064667
42.4,0.05781643840918609,0.07753516641565256,0.17171303353478082,-0.5664502064065502
42.4,0.05781643840918604,0.07752587389538561,0.17171303353478054,-0.566450206406568
42.4,0.057816438409185954,0.07751659012925928,0.1717130335347809,-0.5664502064064667
42.4,0.05781643840918692,0.07750731510490898,0.17171303353478456,-0.5664502064063353
